/*
Navicat MySQL Data Transfer

Source Server         : localhost
Source Server Version : 50625
Source Host           : 127.0.0.1:3306
Source Database       : ry_plus

Target Server Type    : MYSQL
Target Server Version : 50625
File Encoding         : 65001

Date: 2019-12-04 11:45:33
*/

SET FOREIGN_KEY_CHECKS=0;

-- ----------------------------
-- Table structure for cms_ad
-- ----------------------------
DROP TABLE IF EXISTS `cms_ad`;
CREATE TABLE `cms_ad` (
  `ad_id` int(11) NOT NULL AUTO_INCREMENT COMMENT '广告位ID',
  `ad_code` varchar(50) DEFAULT NULL COMMENT '广告位编码',
  `ad_name` varchar(150) DEFAULT NULL COMMENT '广告位名称',
  `width` smallint(6) DEFAULT NULL COMMENT '宽度',
  `height` smallint(6) DEFAULT NULL COMMENT '高度',
  `status` smallint(6) DEFAULT NULL COMMENT '状态',
  `user_id` varchar(50) DEFAULT NULL COMMENT '创建人ID',
  `dept_id` varchar(50) DEFAULT NULL COMMENT '部门ID',
  `description` varchar(255) DEFAULT NULL COMMENT '描述',
  `create_by` varchar(50) DEFAULT NULL COMMENT '创建人',
  `create_time` datetime DEFAULT NULL COMMENT '创建时间',
  PRIMARY KEY (`ad_id`)
) ENGINE=InnoDB AUTO_INCREMENT=2 DEFAULT CHARSET=utf8;

-- ----------------------------
-- Records of cms_ad
-- ----------------------------
INSERT INTO `cms_ad` VALUES ('1', 'main', '首页顶部', '1280', '38', '0', '1', '103', '测试', null, '2019-11-16 20:26:57');

-- ----------------------------
-- Table structure for cms_ad_material
-- ----------------------------
DROP TABLE IF EXISTS `cms_ad_material`;
CREATE TABLE `cms_ad_material` (
  `id` bigint(11) NOT NULL AUTO_INCREMENT,
  `ad_id` varchar(50) DEFAULT NULL COMMENT '广告位ID',
  `material_id` varchar(50) DEFAULT NULL COMMENT '广告素材ID',
  `link` varchar(255) DEFAULT NULL COMMENT '链接',
  `sort` smallint(6) DEFAULT '255' COMMENT '排序',
  `hit` int(11) DEFAULT '0' COMMENT '点击数',
  `start_time` datetime DEFAULT NULL COMMENT '开始时间',
  `end_time` datetime DEFAULT NULL COMMENT '结束时间',
  `status` smallint(6) DEFAULT NULL COMMENT '状态',
  `use_his_id` int(11) DEFAULT NULL COMMENT '使用记录表ID',
  PRIMARY KEY (`id`)
) ENGINE=InnoDB DEFAULT CHARSET=utf8;

-- ----------------------------
-- Records of cms_ad_material
-- ----------------------------

-- ----------------------------
-- Table structure for cms_album
-- ----------------------------
DROP TABLE IF EXISTS `cms_album`;
CREATE TABLE `cms_album` (
  `album_id` varchar(50) NOT NULL COMMENT '相册ID',
  `album_name` varchar(150) DEFAULT NULL COMMENT '相册名称',
  `user_id` varchar(50) DEFAULT NULL COMMENT '创建人ID',
  `dept_id` varchar(50) DEFAULT NULL COMMENT '部门ID',
  `album_type` varchar(50) DEFAULT NULL COMMENT '相册类型',
  `description` varchar(255) DEFAULT NULL COMMENT '描述',
  `create_by` varchar(50) DEFAULT NULL COMMENT '创建人',
  `create_time` datetime DEFAULT NULL ON UPDATE CURRENT_TIMESTAMP COMMENT '创建时间',
  `audit_state` smallint(6) DEFAULT '0' COMMENT '审核状态',
  `code` varchar(50) DEFAULT NULL COMMENT '编码',
  `width` smallint(6) DEFAULT NULL COMMENT '宽度',
  `height` smallint(6) DEFAULT NULL COMMENT '高度',
  PRIMARY KEY (`album_id`)
) ENGINE=InnoDB DEFAULT CHARSET=utf8;

-- ----------------------------
-- Records of cms_album
-- ----------------------------
INSERT INTO `cms_album` VALUES ('2019111014175065994146', '测试相册', '3', '103', 'album', null, 'yf', '2019-12-04 08:43:41', '1', 'main', '960', '320');
INSERT INTO `cms_album` VALUES ('2019111014175065994147', '博客首页banner', '3', '103', 'banner', null, 'yf', '2019-11-19 10:47:24', '1', 'blog_index', '798', '256');

-- ----------------------------
-- Table structure for cms_album_material
-- ----------------------------
DROP TABLE IF EXISTS `cms_album_material`;
CREATE TABLE `cms_album_material` (
  `id` bigint(11) NOT NULL AUTO_INCREMENT,
  `album_id` varchar(50) DEFAULT NULL COMMENT '专辑ID',
  `material_id` varchar(50) DEFAULT NULL COMMENT '素材ID',
  `link` varchar(255) DEFAULT NULL COMMENT '链接',
  `sort` smallint(6) DEFAULT NULL COMMENT '排序',
  PRIMARY KEY (`id`)
) ENGINE=InnoDB AUTO_INCREMENT=69 DEFAULT CHARSET=utf8;

-- ----------------------------
-- Records of cms_album_material
-- ----------------------------
INSERT INTO `cms_album_material` VALUES ('57', '2019111014175065994146', '2019111009322629296151', null, '1');
INSERT INTO `cms_album_material` VALUES ('58', '2019111014175065994146', '2019111009381073394848', null, '2');
INSERT INTO `cms_album_material` VALUES ('63', '2019111014175065994147', '2019111009322629296151', null, '1');
INSERT INTO `cms_album_material` VALUES ('64', '2019111014175065994147', '2019111009381073394848', null, '2');
INSERT INTO `cms_album_material` VALUES ('67', '2019111014175065994147', '2019111009382058929539', null, '1');
INSERT INTO `cms_album_material` VALUES ('68', '2019111014175065994146', '2019111009382058929539', null, '1');

-- ----------------------------
-- Table structure for cms_article
-- ----------------------------
DROP TABLE IF EXISTS `cms_article`;
CREATE TABLE `cms_article` (
  `id` varchar(50) NOT NULL COMMENT '主键，文章ID',
  `yhid` varchar(50) DEFAULT NULL COMMENT '作者',
  `article_region` varchar(50) DEFAULT '1' COMMENT '推荐到哪个专区。比如：头条、精选、最新、热门、评论最多等',
  `author` varchar(50) DEFAULT NULL COMMENT '原文作者',
  `publish_time` varchar(50) DEFAULT NULL COMMENT '发布时间',
  `title` varchar(255) DEFAULT NULL COMMENT '文章标题',
  `keywords` varchar(255) DEFAULT NULL COMMENT '关键词',
  `description` varchar(255) DEFAULT NULL COMMENT '摘要',
  `cover_image` varchar(255) DEFAULT NULL COMMENT '封面图片',
  `article_model` varchar(50) DEFAULT NULL COMMENT '文章模型',
  `copy_flag` smallint(6) DEFAULT '0' COMMENT '转载标志',
  `category_id` varchar(50) DEFAULT NULL COMMENT '频道栏目ID',
  `personal_category` varchar(255) DEFAULT NULL COMMENT '个人分类，多个用逗号分隔',
  `link` varchar(255) DEFAULT NULL COMMENT '原始链接',
  `static_url` varchar(255) DEFAULT NULL COMMENT '静态化后url',
  `tags` varchar(100) DEFAULT NULL COMMENT '标签',
  `hit` int(11) DEFAULT '0' COMMENT '点击数',
  `reply_num` int(11) DEFAULT '0' COMMENT '回复数',
  `up_vote` int(11) DEFAULT '0' COMMENT '点赞数',
  `down_vote` int(11) DEFAULT '0' COMMENT '差评数',
  `hot_flag` smallint(6) DEFAULT '0' COMMENT '热点标志',
  `new_flag` smallint(6) DEFAULT '0' COMMENT '新增标志',
  `comment_flag` smallint(6) DEFAULT '0' COMMENT '是否开启评论',
  `top_flag` smallint(6) DEFAULT '0' COMMENT '置顶标志',
  `favourite` int(11) DEFAULT '0' COMMENT '收藏数',
  `mission_id` varchar(50) DEFAULT NULL COMMENT '趴取任务的ID',
  `template_name` varchar(50) DEFAULT NULL COMMENT '生成静态页面的模板(cms_template表中的name)',
  `create_time` datetime DEFAULT NULL COMMENT '创建时间',
  `update_time` datetime DEFAULT NULL COMMENT '更新时间',
  `available` smallint(6) DEFAULT '1' COMMENT '状态标志',
  `deleted` smallint(6) DEFAULT '0' COMMENT '删除标志',
  `extra1` varchar(255) DEFAULT NULL COMMENT '附加字段1',
  `extra2` varchar(255) DEFAULT NULL COMMENT '附加字段2',
  `extra3` varchar(255) DEFAULT NULL COMMENT '附加字段3',
  PRIMARY KEY (`id`),
  KEY `index_title` (`title`) USING BTREE
) ENGINE=InnoDB DEFAULT CHARSET=utf8;

-- ----------------------------
-- Records of cms_article
-- ----------------------------
INSERT INTO `cms_article` VALUES ('2019111809345847875233', '1', 'recommend', '若依', null, '2018，创业黄金时代结束的一年', null, '222222222222222222', '/profile/upload/article/2019/11/18/5f8b080065e77ed1993492561409e3de.jpg', 'duoguyu', '0', '2', null, 'http://old.duoguyu.com/echo/211.html', null, '33,34', '14', '0', '126', '0', '0', '0', '1', '0', '0', null, null, '2019-11-18 09:34:58', '2019-11-18 09:34:58', '1', '0', '虎嗅', 'https://www.pingwest.com/a/180445', null);
INSERT INTO `cms_article` VALUES ('2019111809350165160107', '1', 'recommend', '若依', null, '第四十三个同学', null, '1111111111111111', '/profile/upload/article/2019/11/18/8c904698fa52fbbd2e0d8fb3b2a58a1d.jpg', 'duoguyu', '0', '2', null, 'http://old.duoguyu.com/continent/174.html', null, '33,34', '7', '0', '4', '0', '0', '0', '1', '0', '0', null, null, '2019-11-18 09:35:02', '2019-11-18 09:35:02', '1', '0', '一个', 'http://wufafuwu.com/a/ONE_wenzhang/2018/0305/7159.html', null);
INSERT INTO `cms_article` VALUES ('2019111809350349038054', '1', 'recommend', '若依', null, '来，吃个橘子吧', null, null, '/profile/upload/article/2019/11/18/fc7d2fca0a12a1092485b2c3f0c995b0.jpg', 'duoguyu', '0', '2', null, 'http://old.duoguyu.com/continent/167.html', null, '33,34', '6', '0', '1', '0', '0', '0', '1', '0', '0', null, null, '2019-11-18 09:35:03', '2019-11-18 09:35:03', '1', '0', '豆瓣', 'https://movie.douban.com/review/9479275/', null);
INSERT INTO `cms_article` VALUES ('2019111911233433062017', '1', 'recommend', '若依', null, '一场球，一杯酒，一种陪伴', null, null, '/profile/upload/article/2019/11/19/99d7e90e2beb8bd825a04922aadc911b.jpg', 'duoguyu', '0', '2', null, 'http://old.duoguyu.com/echo/158.html', null, '33,34', '1', '0', '0', '0', '0', '0', '1', '0', '0', null, null, '2019-11-19 11:23:34', '2019-11-19 11:23:34', '1', '0', '站酷', 'https://www.zcool.com.cn/work/ZMjgzOTQyNTY=.html', null);
INSERT INTO `cms_article` VALUES ('2019111911233843897296', '1', 'recommend', '若依', null, '新婚快乐，我的青春。', null, null, '/profile/upload/article/2019/11/19/01dd446f5e232f4a3846efd833d9e599.jpg', 'duoguyu', '0', '2', null, 'http://old.duoguyu.com/continent/96.html', null, '33,34,', '3', '0', '2', '0', '0', '0', '1', '0', '0', null, null, '2019-11-19 11:23:38', '2019-11-30 19:38:07', '1', '0', '豆瓣', 'https://movie.douban.com/review/5118082/', null);
INSERT INTO `cms_article` VALUES ('2019111911233976422723', '1', 'top', '若依', null, '成立三年，烧了两千万做出一堆漂亮的数据，公司最终还是倒闭了', null, null, '/profile/upload/article/2019/11/19/c54af3f7fff62c4222d0dbfb0b9d130b.jpeg', 'duoguyu', '0', '2', null, 'http://old.duoguyu.com/echo/220.html', null, '33,34', '1', '0', '0', '0', '0', '0', '1', '0', '0', null, null, '2019-11-19 11:23:40', '2019-11-19 11:23:40', '1', '0', '今日头条', 'https://www.toutiao.com/a6631467331178463758/', null);
INSERT INTO `cms_article` VALUES ('2019111911234192715512', '1', 'focus', '若依', null, '用使命来定义人生 - 乔治·布什（下）', null, null, '/profile/upload/article/2019/11/19/e419f901195be2d1dc609427b25f8477.jpg', 'duoguyu', '0', '2', null, 'http://old.duoguyu.com/continent/216.html', null, '33,34', '6', '0', '3', '0', '0', '0', '1', '0', '0', null, null, '2019-11-19 11:23:42', '2019-11-19 11:23:42', '1', '0', '好奇心日报', 'https://www.qdaily.com/articles/58883.html', null);
INSERT INTO `cms_article` VALUES ('2019111911234354489196', '1', 'focus', '若依', null, '隐居在故乡的北漂青年', null, null, '/profile/upload/article/2019/11/19/031d02bf696b7e9a6225ec0151b80af0.jpg', 'duoguyu', '0', '2', null, 'http://old.duoguyu.com/continent/214.html', null, '33,34', '2', '0', '0', '0', '0', '0', '1', '0', '0', null, null, '2019-11-19 11:23:44', '2019-11-19 11:23:44', '1', '0', '真实故事', 'http://www.zhenshigushi.net/view/221', null);
INSERT INTO `cms_article` VALUES ('2019111911234535884492', '1', 'focus', '若依', null, '95后撸猫的经济效应', null, null, '/profile/upload/article/2019/11/19/b89a868d995a1e37d5d1467b59eec08f.jpg', 'duoguyu', '0', '2', null, 'http://old.duoguyu.com/internet/213.html', null, '33,34', '10', '0', '4', '0', '0', '0', '1', '0', '0', null, null, '2019-11-19 11:23:45', '2019-11-19 11:23:45', '1', '0', '今日头条', 'https://36kr.com/p/5164743.html', null);
INSERT INTO `cms_article` VALUES ('2019111911234676549136', '1', 'focus', '若依', null, '“失踪”的刘翔和他的十年', null, null, '/profile/upload/article/2019/11/19/036960035ede9f8390131138f469c683.jpg', 'duoguyu', '0', '2', null, 'http://old.duoguyu.com/echo/210.html', null, '33', '6', '0', '4', '0', '0', '0', '1', '0', '0', null, null, '2019-11-19 11:23:47', '2019-11-19 11:23:47', '1', '0', '今日头条', 'https://www.toutiao.com/i6598765341860430340/', null);
INSERT INTO `cms_article` VALUES ('9040', '1', 'new', null, null, '恐慌中，最严国六和新购置税法将在下周共同实施', '今日头条', '转眼间6月份即将结束，买车君认为这个月对汽车行业来说具有独特的历史意义。6月6日，国家发改委表示严禁各地出台新的汽车限购规定，对新能源汽车实行的限行限购应当取消；6月24日，工信部宣布取消在业内存在4年之久的新能源汽车动力电池“白名单”；6月25日，新能源汽车的补贴过渡期正式结束，新补贴政策会正式上线。', 'http://p1.pstatp.com/large/pgc-image/f4933f7e6b2146199ee035ab3030f7b9', 'duoguyu', '1', '2', null, 'https://www.toutiao.com/a6707403304462189064/', '/front/static\\article\\749768772a9b7292dcf9ac8cfa3d6d23.html', '34,', '10', '0', '6', '0', null, null, '1', null, null, '21', 'Spiderhtml_duoguyu', '2019-06-28 19:58:30', '2019-11-05 10:21:29', '1', '0', '今日头条', 'https://www.toutiao.com/a6707403304462189064/', null);
INSERT INTO `cms_article` VALUES ('9160', '1', 'hot', null, null, '似疯狂，胜疯狂，与奔驰对标，是WEY追求极致的中式豪华', '', '40岁的乔布斯在一次接受访谈时表示，“追求极致，分享给同类，这样人类才能共同进步。”', 'http://p3.pstatp.com/large/pgc-image/9a4df6cc4e9a4db2a7bb4aea73628406', 'duoguyu', '0', '4', null, 'https://www.toutiao.com/a6706716469352202764/', '/front/static\\article\\0da1d3547d0b02da98632ca384675463.html', '34,', '13', '0', '3', '0', null, null, '1', null, null, null, 'Spiderhtml_duoguyu', '2019-06-29 09:05:57', '2019-10-30 15:00:05', '1', '0', '今日头条', 'https://www.toutiao.com/a6706716469352202764/', null);

-- ----------------------------
-- Table structure for cms_article_content
-- ----------------------------
DROP TABLE IF EXISTS `cms_article_content`;
CREATE TABLE `cms_article_content` (
  `id` varchar(50) CHARACTER SET latin1 NOT NULL,
  `content` longtext,
  `content_markdown_source` longtext,
  PRIMARY KEY (`id`)
) ENGINE=InnoDB DEFAULT CHARSET=utf8;

-- ----------------------------
-- Records of cms_article_content
-- ----------------------------
INSERT INTO `cms_article_content` VALUES ('2019111809345847875233', '<p>11月中旬，ofo创始人戴威再一次在全员大会上强调：“公司不会倒闭。”</p>\n<p>起码，他自己正竭力避免它成为现实。自从10月突然卸任公司法定代表、将位子交给原供应链负责人以来，他一直在四处寻找破产以外的任何救命方案。</p>\n<p>同一时间，锤子科技创始人罗永浩正在微博奋战，疲于“辟谣”。</p>\n<p>他刚刚结束了一场“没有手机新品”的发布会。“锤粉”没有像往年一样把现场挤得水泄不通，甚至没有把座位填满。更糟糕的是，“资金链断裂”的传闻再次袭来。</p>\n<p>“公司的确有危机，请给锤子时间。”面对铺天盖地的嘲笑、怀疑，这位曾经骄傲的创业者发出了求救。</p>\n<p>时代的车轮滚滚向前，幸运和时代造就英雄。</p>\n<p>长达10年的移动互联网高速增长期催生了多家超级独角兽公司。期间成长起来的6大独角兽雇佣了约十万人。在36氪评选出的2018“新经济之王”榜单（将于近期公布）中，绝大多数公司出生于这十年间。</p>\n<p><br></p>\n<figure>\n <p id=\"_img_parent_tmp\" style=\"text-align:center\"><img src=\"https://cdn.pingwest.com/portal/2018/11/23/FkCqYdMU7QMgfpLa8njOjB9LR1iv.png\" alt=\"\"></p>\n</figure>\n<p><br></p>\n<p style=\"text-align: center;\">（中国的超级独角兽公司均诞生于2010年之后）</p>\n<p><br></p>\n<p>然而，草根创业的高速列车停止在2018年。</p>\n<p>上一年还狂飙突进的共享单车、无人货架，在这年的开始就猛然急转直下。风光一时的无人货架创业明星大幅裁撤点位和裁员，乃至“全面转型”。转过春节，摩拜就被推上了出售的谈判桌，一直坚持独立的ofo命运多舛，到了年末，反衬出早早卖掉的摩拜何其走运。</p>\n<p>这真是不好过的一年。</p>\n<p>在宏观环境去杠杆的大背景下，沙滩上的裸泳者越来越多。P2P爆雷、长租公寓爆雷、九鼎跌落，币圈也没钱了……融资变得艰难，风口转瞬即逝，投资狂潮造就的创业公司高估值，没有获得二级市场的广泛认可，估值倒挂的现象直接导致大量公司因融资问题难以为继。</p>\n<p>36氪通过问卷调查等形式采访了100多位创业者，聆听他们真实的故事。</p>\n<p>若干年后我们再回首，2018将成为中国新商业的里程碑——全民创业10年大潮，影响中国商业和社会形态至深；在高速增长的另一面，则是狂欢之后的狼狈。</p>\n<h3>陷入低谷</h3>\n<blockquote>\n <p style=\"text-align: center;\">“极端的痛苦，像极端的欢乐一样不能经久，因为它过于猛烈。”——《巴黎圣母院》</p>\n</blockquote>\n<p>从1个漏接的陌生电话，到越来越多的陌生电话，创业者夏塶均感到事情不妙：“催债的”来了。</p>\n<p>这位创业者的生活正陷入周而复始的困局，“现在每月要还20多万，每天十几个催债电话，还有直接找上门的。”这让夏塶均整日处在惊惶之中，他不敢接电话，甚至不敢早回家。</p>\n<p>为了研发模拟经营类游戏“gogo小镇”，夏塶均已经孤注一掷，背了500多万的债务。为了养活20人的团队，完成游戏开发，他想尽了各种办法，包括过去两年和妻子分别以信用贷款的形式从十几家银行和小贷公司借出了300多万。</p>\n<p>祸不单行。今年游戏版号发放暂停，夏塶均强撑了几个月后，发现自己唯一的出路是改为做免费游戏，但这意味着还要追加100多万研发费用。当时，夏塶均原本有一笔70万的贷款银行已经批下来，但到最后就是不放款。时值7月P2P发生爆雷潮，银行变得谨慎起来。</p>\n<p>与36氪聊天时，他的借呗和微粒贷都已经逾期，连用手机付一杯咖啡钱都不能够了。</p>\n<p>负债累累的还有林海。只要遇到强光，他的眼睛就止不住流泪，他对36氪说，这是因为最近睡得太少，每天奔波在为公司“想办法”、找钱的路上。</p>\n<p>作为在移动互联开始时就创业、融过三四轮的创始人，虽然在行业里排不进第一第二，但直到去年还有BAT投资部对他表达了兴趣。可随着今年融资环境急剧变差，从年头找到年尾，好不容易新老股东一起帮忙，找到一家山西的资本愿意投资，也因为今年严卡新基金注册，最终没能落袋。</p>\n<p>其实，年初已经有一波供应商上门来集中讨债，不肯延长账期。他四处借钱，最终只得抵押了自己的两套个人住房，偿还了2000多万元的债务。即便如此，债依然没有还完。</p>\n<p>资金链变得空前紧张之后，他砍掉了今年几乎所有的市场投放，一个月的投入只剩下“大概十几万”，而此前，这家网站一年的市场投放在几千万元。相应的，公司今年的交易额也变得“比去年少了一大半”。</p>\n<p>卓然影业的创始人张进原本觉得顺风顺水，一直是“快速往前走，这（个资源）也有，那也有”，甚至离IPO也一度只有一步之遥。但到今年年中，这家账上总是能有小几千万现金流的公司，资金链忽然绷紧。</p>\n<p>一是因为应收款出问题，上下游没钱了，“长的已经拖了一年半两年了，好几个项目都是在快要结账的节骨眼上，赶上突然变冷。”而原本答应给他提升授信额度的银行（从2000万提到5000万）也转变了态度，一直拖着不提，说“再等等”。</p>\n<p>卓然影业原本是行业里付账很快的一家，半个月一个月就付款了，但现在也要给上下游拖账期了。同时，项目量减半，还主动放弃一些非常好的发行项目，最让张进揪心的是，反悔了一个已经口头承诺了对方的项目，只能跟对方道歉，“对不起，确实没钱了”。“资金绷紧后，我们的财务计划不能出一点错，出一点错就要出问题。”</p>\n<p>“我们尚且如此，同行只会更惨。”张进一个同行的影视公司，“去年估值还有20多亿，现在工资都发不出来了。只能等之前投的几个项目上映，看看能不能有点回款，如果项目黄了，公司就死透了。”</p>\n<p>一家上市P2P企业的员工最近工作量几近翻倍，因为公司业绩下滑得厉害，从市面上吸引不来钱，“资金端现在每个月只能完成原定KPI的一半，”该公司员工告诉36氪，连每年底都要做的投资者大会都取消了，“部门的人一半都被开了”。</p>\n<p>“失业”，几乎成了2018年笼罩在所有人心里的阴霾。在36氪与清华大学全球化研究中心、民智国际研究院共同发起的《创业者生存现状调查》中，29.41%的创业者为了抵御寒冬，决定“减少招人，或不再招人”。而已经有过裁员行为的公司，占比达到四成。</p>\n<p><br></p>\n<figure style=\"text-align: center;\">\n <img src=\"https://cdn.pingwest.com/portal/2018/11/23/FhiYmwro6i_vFU07pt1m9faquvZA.jpeg\" alt=\"\">\n</figure>\n<p><br></p>\n<p>曾经的明星独角兽公司ofo则正陷入严重的债务危机：欠供应链款项超过10亿人民币，并被自行车厂上海凤凰因6800万欠款告上法庭。在资本充裕时期，“烧钱”对新经济公司是常态，只要融资能补上就行。但是，ofo在今年3月称马上将完成的一笔融资，直到现在也没有进展，曾激烈抢夺它的阿里和滴滴，今年下半年也都失去了兴趣。</p>\n<p>假如把时钟拨回到一年前，戴威也许会重新把握机会——早一步探索盈利模式，而不是把所有希望都寄托于投资人和融资。他在全员大会上如是说。</p>\n<p>一家MCN公司里的员工去年被区块链公司以2倍甚至3倍的薪水挖走，可一年过去，“当初从我这两倍薪水挖走的人，现在降薪降到还不如之前在我这的时候。”&nbsp;随即这位创业者又说：“我们现在也招不起人了，没裁员没降薪已经是最大的仁慈。”</p>\n<p>2018年，创业者面临的大部分问题几乎都可以归结为三个字——钱没了。调查显示，19.61%的创业者在担心“后续融资跟不上，撑不过寒冬”，而15.69%的创业者已经“账上快没钱了”。</p>\n<p><br></p>\n<figure style=\"text-align: center;\">\n <img src=\"https://cdn.pingwest.com/portal/2018/11/23/Fhn_91SY5Hl0IPxhMdOqutupAXFR.jpeg\" alt=\"\">\n</figure>\n<p><br></p>\n<p>上下游没钱了，信贷机构没钱了，风险投资人也没钱了。</p>\n<p>“今年3月开始，中国社会出现了6个很严重的现象，”清华经管学院教授魏杰总结说：</p>\n<ul style=\"list-style-type: none;\" class=\" list-paddingleft-2\">\n <li><p>中小企业的成本和资金压力大；</p></li>\n <li><p>企业违约、到期没法还债；</p></li>\n <li><p>非银行金融机构爆雷，大量出问题；</p></li>\n <li><p>股市非理性下滑；</p></li>\n <li><p>投资人比较恐慌；</p></li>\n <li><p>人们感到迷茫。</p></li>\n</ul>\n<h3>钱都去哪儿了？</h3>\n<blockquote>\n <p style=\"text-align: center;\">“当我们奔跑的时候，世界属于我们。”——《麦克法兰》</p>\n</blockquote>\n<p>好日子似乎就在昨天。</p>\n<p>过去几年，不少创业者在市场的高涨情绪中高歌猛进，反衬出2018年的“大降温”。</p>\n<p>张进2014年刚创办卓然影业几个月，就有上市公司来想收购。他拒绝了，但投资方锲而不舍，2015年改为投他的天使轮，还主动把公司估值从3000万人民币抬高到了4000万。</p>\n<p>天使轮做完仅半年时间，第二轮融资就启动了：公司估值翻5倍，涨到2亿。这年卓然影业利润才100万。</p>\n<p>连张进自己都觉得市场太疯狂了。2016年谈第三轮时，卓然影业还是用那100万年利润去谈的，但一家大基金周五跟张进就只谈了一个小时，过了一个周末就出了投资意向书，“没有砍价，没有任何条款上的质疑。”估值4亿，相比不到两年前的天使轮翻了10倍。</p>\n<p>2015年是股票市场的高点，也是影视圈最烈火烹油的一段日子。只要注册一个影视公司，就可以谈融资、收购、甚至上市。于是，这个圈子迅速挤进了两万家公司。</p>\n<p>可到了2017年下半年，一条传言在圈内不胫而走：证监会出于对影视股泡沫的警惕，将收紧影视公司的IPO和并购口径，“影视、娱乐、文化类再融资项目全部劝退，并购重组也劝退。”&nbsp;这让筹备上市的影视公司猝不及防的按下了暂停键。</p>\n<p>过去几年的疯狂，催生了一批粗制滥造的影视项目，最后赔得血本无归。行业里公司负债高的公司不少，有的可能高达100%，有的是创始人都抵押了房产，一旦业绩不佳，公司倒下，必然连累他们的上下游。而叠加上市退出通道堵死导致的投资人撤资，双重夹击下，骤然全行业资金紧张。</p>\n<p><br></p>\n<figure style=\"text-align: center;\">\n <img src=\"https://cdn.pingwest.com/portal/2018/11/23/FvNM_ixNDesS8_NgI8-c7eOywFiJ.jpeg\">\n</figure>\n<p><br></p>\n<p>急功近利和人造风口，迅速透支了投资生态。根据清科统计的“2009—2017年VC支持中国企业境内外上市平均账面回报”，VC们的账面回报自2013年达到“23.3”的历史峰值后一路下滑，尤其是在2015年之后，回报率已降至个位数，而这恰恰是VC机构暴增的几年。</p>\n<p>市场并不需要两万家影视公司，正如市场也并不需要两万家VC和PE。</p>\n<p>2017年夏末，沸点资本创始合伙人涂鸿川刚刚签下一个LP，离开时对方给了他两条提醒：“市场上的钱很快会变少，募资上不要把战线拉得过长，尽快关账；出手案子手速可以慢一些。”</p>\n<p>这位LP的的忠告被迅速验证。2017年11月，被称为“史上最严资管新规”的征求意见稿公布，此前数月，行业人士们已经感受到基金审批在变严变难；2018年4月，资管新规正式出台，防控金融风险——中国负债已经处于高位，今年第一季度的政府负债+企业负债+个人负债加总已经占GDP总量的250%。</p>\n<p>这直接影响到了VC/PE市场——原本由银行通过理财资金错配和结构化配资流入一级市场的钱被瞬间切断，而银行系统本是一级市场的主要资金源，占比可高达80%。本文开头，林海找到的山西资本无法注册新基金，并进而投资他的公司，便与此有关。</p>\n<p>再加上今年中美摩擦，加速了股市下跌，这进一步影响到了VC/PE市场和创业者的命运。</p>\n<p>&nbsp;“国内经济放缓、中美摩擦等问题，改变了国际上一些长线投资者投资模型的顶层假设。”&nbsp;金融从业者兼专栏作者大卫翁对36氪分析说，中国本来被当作全球增长的引擎和代表，全球资本都会投资中国，但中美摩擦，会导致国际投资者们想“先撤离，看看再说”。</p>\n<p>36氪查看了沪港通资金的流向，大批资金流向内地的趋势从9月开始发生变化，并且在10月8日达到高峰，单日资金流出高达73亿元。</p>\n<p>股票市场从年初的上证指数3587点高点，在10月跌至最低2449点。上市公司股价萎靡，这使得上市公司大股东们不仅不再敢大量质押股票去投资，甚至为了补仓、保住自己已经质押的股票，不得不把资金从其他市场上抽回，包括一级市场。</p>\n<p>今年港股上市的新经济公司，即使明星如小米、美团也通通跌破发行价。一二级市场估值倒挂，这逼迫VC和PE重新审视创业公司们价值几何。</p>\n<p>美团联合创始人王慧文对36氪说，上市、直面股市投资人让他意识到，很多未上市公司觉得自己业务很值钱，但资本市场可能根本不买帐，“只不过是你自己的妄念。”</p>\n<p>但真要说中美摩擦造成的影响，其实是信心。相比十年前，中国如今出口占GDP的比例，已经从30%降低到15%，贸易顺差比重从11.3%下降至1.3%，贸易摩擦能对中国经济造成的伤害已经大大下滑。但“没想到心理影响着么大”，清华经管教授魏杰说，这导致了股票市场的非理性下跌。</p>\n<p>“信心是黄金，”大卫翁说，“这个寒冬更多的不是企业运转真出了什么问题，而是信心出了问题。”</p>\n<p><br></p>\n<figure style=\"text-align: center;\">\n <img src=\"https://cdn.pingwest.com/portal/2018/11/23/FpsI7YBrkmA1WC9TJE2LIfNUyqgL.jpeg\">\n</figure>\n<p><br></p>\n<p style=\"text-align: center;\">&nbsp;（图说：约有82%的创业者目前正处在“需要融资”的状态，其中，40.2%的创业者已经“资金吃紧”，近一成创业者在等一笔“救命钱”。）</p>\n<h3>信心与心态</h3>\n<blockquote>\n <p>“真正的恐怖，既能令人们感到厌恶，同时又能吸引他们。”——《艾德·伍德》</p>\n</blockquote>\n<p>LP对一级市场的信心也受挫，基金被”放鸽子“的事正变得越来越多。</p>\n<p>一家VC原本在年初已经谈好了一笔10亿人民币的募资，资金来源便是二级市场，但因为LP的公司最近股价一直在跌，他的投资风格立马保守起来，这笔募资款也就没了下文。</p>\n<p>另一家PE更惨。“今年过完年就一直在做一家估值超过百亿的公司的新融资，没想到项目方这边没问题了，最后LP竟然临时撤资，我们白忙活了三个月。”&nbsp;该机构的投资人聊起这件事时依然难掩失望。</p>\n<p>投中研究院的数据显示，今年上半年，国内的VC/PE募资规模折合341.12亿美元，同比骤降了74.59%。三季度，基金们的目标募资规模同比骤降近8成。不少近两年才开始成立的新基金，第一期往往就是最后一期。</p>\n<p>连一向出手阔绰的腾讯投资，在腾讯股价下跌4成之时，都开始收紧“钱袋子”了。</p>\n<p>36氪从多个信源处得知，从今年下半年起，对于与业务弱相关的项目，腾讯投资几乎暂停接触，已投项目因不符业务需求跟投停滞。“腾讯投资并购部手头在做的，都是现有被投公司的合并、增持，完全没在扩张新的领域。”一位财务顾问告诉36氪。但对于以上说法，腾讯投资予以了否认。</p>\n<p>某种程度上看，今年7月开始的P2P雷潮，也跟金融紧缩和经济大环境放缓有关，因为这导致了大量本就脆弱的民营企业资金链断裂，那么借钱给它们的P2P平台自然难逃一劫。</p>\n<p>7月31日，P2P公司“草根投资”发出公告称，有几家核心借款企业逾期了，金额上亿，而这几家企业都属于正摇摇欲坠的阜兴系上市公司。员工夏倩一打听才知道，公司前两个月已经在用自有资金给提现的投资者做垫付了，金额高达7亿。为此，“老板都亲自出去借钱了，甚至找了一套南通几百万的房产直接兑付给用户。”</p>\n<p>“7月底出事之前我们没看到一点征兆，公司的现金流一直不错。”&nbsp;草根投资前员工告诉36氪。草根投资是杭州排得上第二阵营前列的一家P2P公司，累计投资总额达到800多亿，贷款余额97亿，规模不小。</p>\n<p>2018年夏天，整个P2P行业陷入了一场集体失控。草根投资所经历的闹剧绝不是孤例。据不完全统计，仅7月份，爆雷的平台数量就达180家。在这场旋涡之中，宣称上市系、国资系的平台也未能幸免，且某些P2P平台就是上市公司用来吸纳资金的工具。</p>\n<p>从总资金规模看，P2P爆雷并不算大，但对普通人的信心上却有一击。</p>\n<p>种种迹象，让VC变得非常谨慎。泰合资本董事梅林透露了一个数据：2018年，投资意向毁约风险从去年的10%飙升至50%，两个TS（投资意向书）里就有一个可能不会投。并且，资本也从愿意支持创业者烧钱扩张，转变为要求创业者自己造血、盈利。</p>\n<p>2018年，无人货架的风口骤然停止，从去年的狂飙突进，到今年初大批创业公司寻求被收购，也是这种心态变化的产物。</p>\n<p>范韶伟在2017年4月成立便利家仅1个月，就拿到了融资。融资后的第一件事是抢点位。“股东跟我说这个时间点上不要花太多精力打磨产品，得赶紧铺点位，大肆抢夺市场，这样才能快速拿到下一轮。”</p>\n<p>这演变为一场资金消耗战，但此后无人接盘。为了把数据做起来，范韶伟开始做“一元便当”的活动，这样一天就要亏大几千块。很快，融资花掉了三分之二。同时业务赚不到钱。竞争导致成本高企，做办公楼场景一直亏损。他今年4月裁员结款时，账上只剩下了5万元。而头部玩家猩便利也传出撤点、裁员的消息，果小美更是放弃线下业务。这真是一个短命的风口。</p>\n<p>ofo创始人戴威在2018年3月接受36氪专访时说：“找到自己的造血能力，比我们融多少钱都要更踏实和有信心。”</p>\n<p>找钱，成为了创业者2018年的主题词。调查显示，寒冬来临时，54.9%的创业者开始相信，“保证现金流”是最紧要的一件事。</p>\n<p><br></p>\n<figure style=\"text-align: center;\">\n <img src=\"https://cdn.pingwest.com/portal/2018/11/23/FvUQ87fjGzaQwaqCwd4sow0Dcmza.jpeg\">\n</figure>\n<p><br></p>\n<p>如今，即使是面对今年大热的社区团购时，投资人也没有了前两年追“共享一切”和无人零售时的不顾一切的架势。大家更多探讨起了这项业务的风险。“之前在风口里栽了跟头的投资人现在也知道摔疼了，得悠着点。”&nbsp;而另一个原因是，“非一线资本在前两轮风口来的时候把钱基本都烧光了，现在没钱了。”&nbsp;一位零售企业战投的投资人告诉36氪。</p>\n<h3>消失的移动互联红利，和马太效应</h3>\n<blockquote>\n <p>“既然做梦，就做大点儿。”——《盗梦空间》</p>\n</blockquote>\n<p>过去十年的创业黄金期，正是移动互联网红利的十年。</p>\n<p>根据CNNIC数据，2008年我国的互联网用户规模为2.98亿人，而十年后的今天，这个数字已经增长至8.02亿，其中手机网民占比高达98.3%。这近乎三倍的、由移动端拉动的增长，托起了美团、滴滴、今日头条等一批长在移动互联网上的超级独角兽，和分散在不同行业内的、数以万计的创业者。</p>\n<p>做独立游戏起家的韩坤在2013-2014年一直收到基金的投资意向，“每周都有两三家，估值也给得很高”，但都有一个条件：赶紧进军手游市场。因为人们上网习惯从PC转移至手机，意味着几年内就可能增量十几倍。</p>\n<p>那是小成本手游创业的黄金年代。2014年，成立才一年的莉莉丝科技靠大约200万的融资做出了一个超级爆款手游“刀塔传奇”，这款游戏在之后的4年里为这家公司源源不断的带来了50亿流水。“用小成本博大爆款”、“靠一个爆款实现10倍增长”的故事都是在红利期才能结下的诱人果实。</p>\n<p><br></p>\n<figure style=\"text-align: center;\">\n <img src=\"https://cdn.pingwest.com/portal/2018/11/23/Fkd1LBiAUxnnwSY3wGg0DwNgFk36.jpeg\">\n</figure>\n<p><br></p>\n<p>即便做不成爆款，早年靠模仿成功游戏做“换皮”，也能活得不错。所谓“换皮”，就是照搬现有成功游戏的玩法规则，换一套美术，收割玩家。在早期市场，新用户更容易容忍相对低质量的内容或服务。</p>\n<p>但市场不会停止演进。游戏从一个兼具用户红利和盈利红利，到2018年遭遇天花板，游戏玩家数量增幅创下近九年来最低值。</p>\n<p>“成都的游戏公司做的游戏就非常同质化，到今年这些小作坊基本都完蛋了。” 韩坤心情很复杂，他的投资方之一是来自成都的一支基金，结果在他们大几十个portfolio里，如今只剩下5家还活着。</p>\n<p>大量创业者在存量市场里抢份额，必然惨烈。</p>\n<p>“2014年500-1000万的研发投入是可以做出一款拿得出手的游戏的，现在得2000万，甚至更高。”沐瞳游戏运营总监颜勤书告诉36氪，现在很多产品，投入1000多万也还只是在demo阶段。</p>\n<p>发行成本同样水涨船高。“2015年的时候，获客成本大概在10-20块之间，现在要70-80块。” 韩坤告诉36氪。因为太贵了，他自己甚至在2018年放弃了买量，只做自然流量。</p>\n<p>“想要在腾讯网易两座大山之下做出刀塔传奇这个量级的爆款，没有上亿的投入，没戏。” 韩坤说道，而这已经把绝大部分创业者挡在了门外。</p>\n<p>“越来越贵”不仅是游戏创业者的困扰，这已经成为全互联网行业的问题。</p>\n<p>一位做了近10年流量投放的在线教育创业者说，百度关键词竞价的价格在这10年里涨了十几倍。而身处流量成本最高的行业，一位P2P创业者的获客成本从2015年的“200-300”涨到了2017年的“1000块左右”。</p>\n<p>“虽然流量在变贵，但移动互联网红利还在的时候，买来的流量能有不错的转化，可现在红利没了，买量带来的转化率还一直在跌。” 一位自媒体创业者告诉36氪，他在广点通的投放效果经历了断崖式下跌，跟三年前比，“成本是过去的3-5倍，但转化率只有过去的十分之一。” 这迫使他不断去寻找新的、红利尚存的渠道。</p>\n<p>“成本”这道门槛的抬升，也意味着不缺钱也不缺资源的头部选手将变得越来越强，马太效应加剧。</p>\n<p>韩坤最近就丢了2个游戏发行的项目。“谈的时候都挺好的，谈到一半腾讯进来了，就直接用更高的出价把客户撬走了。”</p>\n<p>而腾讯能给出的资源更是创业公司望其项背的。一般来说，如果一个手游想在App Store上进入前三名，需要依靠苹果的推荐，再配合买量，但如果进了微信的渠道，“几个小时就能冲到榜首”。</p>\n<p>2018年，腾讯和网易在游戏业务上的营收，已经占到整个行业的70%。大量中小团队的回转余地被大幅挤压。</p>\n<p>通常，快速制作或代理游戏，获得收入再去支撑下一款游戏，是大多数小游戏公司的生存法则。“原来几千万的现金流能支撑一个团队做好几个游戏来试错，现在也就一两次机会，如果都赚不到什么钱公司的资金链很快会出问题。” 颜勤书告诉36氪。</p>\n<p>韩坤最近在招人的时候遇到了好几个前东家刚倒闭的应聘者，“失业”成了今年游戏行业的主旋律之一，连他自己也有好几个朋友的游戏公司已经接近破产边缘。而另一位游戏创业者表示，今年走到这一步的游戏公司，大概有上千家。</p>\n<p>游戏行业的状况，只是所有移动互联行业的一个缩影。许多行业早已进入单双寡头时代，连移动互联的载体本身，智能手机行业也在加速洗牌。2017年以来，智能手机六家头部公司（华为、小米、Oppo、Vivo、苹果和三星）占据近八成国内市场份额。另一面，则不断传来锤子裁员和资金链断裂、魅族裁员、360手机要关停的消息。本周最新的消息是，美图手机与小米战略合作，除了品牌和影像技术，其余从生产到销售全部由小米负责。</p>\n<p>QuestMobile数据显示，今年前9个月，中国移动互联网月活跃用户规模仅仅净增0.34亿，较去年增速同比降低一半以上。除了以拼多多为代表的下沉市场外，移动互联的增长已见天花板。连腾讯都说要从消费互联网，转型产业互联网。</p>\n<p>此种预期下，资本愈发向头部项目集中。</p>\n<p>2017年的时候，只要团队不错，AI的天使轮项目的估值一般能到1亿人民币，特别好的能到1亿美金。但今年，小公司盈利状况不达预期，资金也要避险，仅有的钱都进入了商汤、旷视这样的头部公司，大量长尾AI公司的融资变得艰难起来。</p>\n<p>泰合资本梅林最近在做的案子时间全都拉长了——市场好的时候一个项目差不多做4-5个月，现在平均都变成了9个月以上。“投资人要仔细考虑，公司的现金流好不好，业务是不是有足够的容错空间。”</p>\n<p>此前几年，创业者们更愿意谈独立上市、独立发展。但现在，大家已经倾向于拿巨头的钱，要不要站队不再是问题。腾讯原本就广结善缘，而以对被投公司强势著称的阿里，2018年里也收获了小红书、雪球、分众、B站等一系列案子。</p>\n<p>36氪调查显示，仅有一成创业者表示不想依靠巨头，31.37%的创业者“愿意接受资本层面的结盟”，另“非常希望得到巨头扶持”的创业者占30.39%。</p>\n<p><br></p>\n<figure style=\"text-align: center;\">\n <img src=\"https://cdn.pingwest.com/portal/2018/11/23/FuNfOJVxmzy5rP_SGV9uPYivV6KU.jpeg\">\n</figure>\n<p><br></p>\n<h3>创业者这种人类</h3>\n<blockquote>\n <p style=\"text-align: center;\">“畏惧失败的人，已经失败了。”——《权力的游戏》</p>\n</blockquote>\n<p>即便“全世界”都觉得ofo破产在即，但ofo创始团队还没有放弃。36氪获悉，ofo正在想尽办法做债务重组，另一面，通过收缩战线、提升效率等等办法，运营上已经将近打平。</p>\n<p>林海也还想再努力一下。他觉得相比自己已经解决掉的两千多万元债务，目前还剩下的几百万债务，并不是一个迈不过的坎。他不断见投资人，通过降低估值打折出售，来说服资方投钱。</p>\n<p>这既是为了自己多年的努力、两套抵押出去的房产，也是为了员工。他已经拖欠了员工3个月工资，期间员工已经从坐满两层楼变成坐不满一层，但毕竟还有人在陪他坚持。如果真坚持不下去，那大家就都失业了。</p>\n<p>为了促成融资，“降估值”成了现在创业者默许的事情。“我们在聊的每个创业者都会说：只要保证融资额，估值可谈。”&nbsp;一位投资人对36氪说。在他的portfolio里，就有一家以2000万美元估值出来融资的创业公司，最后以6000万人民币估值完成了交易。不过，“A轮变成了Pre-A，估值太低了叫A轮面子上不好看。”</p>\n<p>“创业者隔三差五就会来问我们推进得怎么样了，内部决策做了吗？”&nbsp;上述投资人告诉36氪。甚至在路演的时候，创业者也会表现出比以往更强烈的热情，“使劲推销自己”。</p>\n<p>一家MCN公司，把此前承诺的年底东南亚小岛游，变成了京郊一日游，“也不是说没钱了，就是要多储备点子弹过冬”。在环环相扣的商业世界里，这家靠接广告为生的MCN公司担忧，当合作方、客户资金紧张，首先被牺牲的就是市场预算。</p>\n<p>“汽车之家前两年光电商事业部的市场预算就4000万，今年已经砍半了。”&nbsp;一位前员工告诉36氪。而他现在所在的二手车电商公司也同样在卡预算：“我本来计划在top10的城市里做线下投放，但老板给否了，说先投top5，看看效果再说。”</p>\n<p>创业者在花钱这件事上变得越来越精明了——每一次投放，都要看到它的转化效果。“原来我们投广点通的时候，一个月看一次ROI数据，但现在一周就得复盘一次，及时调整投放计划。”&nbsp;上述创业者告诉36氪。</p>\n<p>当然，有时候败了就是败了。</p>\n<p>在员工夏倩眼里，草根投资爆雷之后，公司一直在想办法解决问题，没有放弃。在过去的2个多月里，她和同事们“几乎每天都加班到9、10点，一周只休息一天，有一段时间连续上了将近20天的班”。</p>\n<p>夏倩在爆雷后没有离职的原因也在于此——公司在着手做现有资产的核算，以拿出一个“用户保障机制”，让投资人在未来2-3年里逐渐实现兑付。她觉得公司还算有担当。可没想到，拟好的保障机制才发出去不到一礼拜，老板竟然自首、“进去了”，办公楼被警察封锁，公司也被立案调查。</p>\n<p>这不是张进第一次经历低谷。12年前，他靠开广告公司，26岁时已经赚到了2000万现金。但之后公司经营不善，那次创业以他卖车抵房收场，还一度负债几百万，靠刷信用卡过日子，一边上班还债一边等机会。</p>\n<p>就在几个月前，张进决定放弃卓然影业今年的利润，把赚的钱都拿去布局上游的影视制作业务以及海外市场。这是一件回报周期很漫长的事情，但他想等过几年影视行业复苏，自己是能最快起跑的人。</p>\n<p>“我想的是我这一秒是否有满足感，是不是在做我想做的事。”他知道创业失败、挣不到钱是大概率，要创业先要认清这种局面，否则不如安安稳稳打工。他自己在创业上的哲学则是，“把能用的都用完。没到最后一分钟，我不撞南墙不回头。”</p>\n<p>范韶伟也不想认输，虽然他清楚便利家这个项目是无力回天了。在公司账上只剩下十几万的时候，他一度想去贷款，但被合伙人拦下来了。因为便利家的模式始终跑不通，合伙人觉得借一两百万也是白白搭进去。</p>\n<p>为了保住核心团队，范韶伟从5月开始把智能货柜卖给想要尝试新零售的传统企业，渐渐竟也有了几十万的利润。这位一度因为焦虑而在几个月里胖了20多斤的创业者，最近正在瘦回去。</p>\n<p>不过，移动互联网红利消失之时，无论是投资人，还是创业者，都需要转换寻找新动能，这可能是生物医药，也可能是AI或新一代物联网。</p>\n<p>一度，大家普遍认为新的增长动能是AI，这也是为什么AI公司去年天使轮就可以估值1亿美元，给人才开百万年薪的原因。</p>\n<p>但是，“从今年6月开始，很多看人工智能的投资人都进入半休假状态了。”&nbsp;一位该领域的FA告诉36氪，“因为针对C端市场的智能硬件几乎是在赔钱，在各个场景里做to B业务商业化也不及预期，开放平台一时半会又做不起来。”而很多小公司已经放弃做平台，改为卖外包服务，干一单挣一单的钱。</p>\n<p>在找到新增长动能、下一个周期开启之前，很可能会有一段难捱的迷茫期。</p>\n<p>一些VC已经开始放假了 ，一家位于三元桥地区的VC投资人发现，他们隔壁的那家从10月开始就没怎么见人来了。而他自己看项目的节奏，也从之前的“一周十几家”变成了“一周4、5家”。另一位投资人说，真格前几周上会项目一个都没过，而这些项目在往年“肯定是必过的。”</p>\n<p>11月7日中午，一条新闻刷爆了VR创业者的微信群和朋友圈——马化腾说腾讯明年要做VR微信——这群被市场“冷落”了快三年的创业者，瞬间体验到了久违的兴奋和期待。</p>\n<p>但很快腾讯就辟谣了。一场喧闹平息，好像什么都没发生。</p>\n<p>两大巨头最近分别提出了“新制造”和“产业互联网”。高鹄资本管理合伙人金明对36氪预测，这很可能引领下一个10年。但另有投资人认为，这两项距离落地还颇有一段距离。</p>\n<p>“无论如何，将很难再有指数型爆发式的增长了。”金明说，“创业和投资的门槛都将比过去高得多。”</p>\n<p>2018年，水大鱼大的移动互联创业黄金10年，就此画上了句点。</p>\n<p>注：文中林海、韩坤、夏倩均为化名</p>\n<p><br></p>', null);
INSERT INTO `cms_article_content` VALUES ('2019111809350165160107', '<p>很多故事的结局要比开头更早完成。</p>\n<p>坐在茶餐厅靠近门口的座位上等相亲对象的陈一心看似悠闲地翻着过期杂志，却一个字都没看进去，她正在脑海的资料库仔细挑选拒绝对方的理由，无论来者是谁，她都务必令对方知难而退。就像在办公桌前比对团队新完成的海量广告设计提案：看似乱枪打鸟，却总有击中客户的时候。服务员送来饮料时她拿出手机看一眼时间，对方已经比约定的时间晚十七分钟。顺势打开自拍镜头检查妆容：为下午见客户而打理过的发型依旧没有松懈。眼线有点晕染，但问题不大，拿纸巾补救一下即可。</p>\n<p>落地窗外那个匆匆赶来的男人，穿白衬衫、黑西装、黑皮鞋，推门进来的时候，陈一心看见他额头的大汗和蓝绿色条纹的领带。一时之间，她眼前发黑，恨自己竟犯下没有摸清解客户底细的职业大忌：老妈麻将牌搭子介绍的这位相亲对象和以往那些由朋友或同事介绍的相亲对象截然不同，是以一早备下的惯用拒绝借口怕是都不适合。</p>\n<p>“抱歉，临时有客户来签约，耽误了。来来回回了十几趟，今天终于敲定！”他坐下，语气都带风。陈一心看看手机，他迟到三十七分钟。</p>\n<p>“工作要紧。”陈一心喝口面前的冰红茶，露出一个面对客户的标准温婉笑容。他点完咸柠七把餐牌还给服务生。“就点这些？”年轻小姑娘问完这句扭头走了。正是饭点，陈一心忍住要加一碗鲜虾云吞垫垫肚子的冲动，一碗云吞意味着起码要多坐十余分钟。她朝着小姑娘的背影露出一个略带歉意的微笑，心里说：“放心，我们很快就走。”</p>\n<p>“我的情况你应该大概了解的吧。我详细跟介绍人说了。以后结婚的话，我要求不多的，家务要做好，后方安定我才能放心在外打天下，是不是？还有我过日子不喜欢拘束，你只要别太为难我就行。”他拿掉玻璃杯里的吸管，灌下小半杯汽水。</p>\n<p>陈一心看着他的条纹领带，用商量的语气说：“回去跟介绍人说是你看不上我，不算为难吧？”</p>\n<p>“但是，目前为止，我对你挺满意啊。你外形不错，好像话也不多，小姑娘文静点好……”</p>\n<p>“我不想耽误你时间。”陈一心连忙截住他话头。说完这句客套话，陈一心突然觉得身体里有颗螺丝松了，她不知道自己为什么要在这间吵闹的茶餐厅里，喝着带油渍的冰红茶，接受面前这个陌生人的评价。她抬起头说：“其实，我在等人。”</p>\n<p>“你还约了别人？没关系，可以拼桌啊。”他被自己的幽默逗笑了，“做事讲效率，好习惯！”</p>\n<p>“不是。我是说，我一直在等一个人。”螺丝彻底松了，吧嗒一声落在餐厅撒着饭粒的灰色水泥地板上。陈一心觉得眼眶发酸，不敢眨眼睛怕泪水掉出来，只能用力盯住相亲对象。桌对面的男人在她的直视下，扯一扯条纹领带，嘴唇动了动，但一个字都没说出来。工作中听过太多吹嘘、犹豫、借口与托辞的他，被这句话里突如其来的诚恳击垮。</p>\n<p>陈一心放下饮料钱到路边拦出租，拉开车门坐进车里时师傅用了然的口吻说：“去机场是吧，我一定努力给你赶上！”说着一脚油门。陈一心看着后视镜里师傅坚毅的眼神赶紧解释：“不，不，不去机场。”下车到住处附近的面馆点了碗牛肉面，多加三份浇头。热腾腾的牛肉面像有力的手臂又把那颗松了的螺丝重新拧紧。</p>\n<p>手机响，邮箱提醒显示HR已经将新客户总监的上任时间抄送全部门，附件中是他的简介。陈一心没有点开简介，放下手机心平气和地喝完面汤。这个人能扼杀她的升职可能空降到岗，早已引起公司议论。坊间传闻自然要比HR发布的那几句官方信息更详细也更精彩，但这些都口说无凭，她不缺时间在工作中慢慢了解这个人。这种互相折磨的过程用场面话来阐释就是：磨合。</p>\n<p>洗完澡，姐姐的电话没有悬念地响起，每次相亲失败妈妈赌气不想和她说话，就派姐姐过来曲线施压。电话接通后姐姐没头没尾地问：“你在等谁？”姐妹一场，陈一心听得出来她这句话里的八卦意味多过责备。</p>\n<p>“跟妈说，公司新领导马上就要上任，我得稳住地盘保住饭碗。最近不能按时下班去相亲，求她法外施恩饶我一阵子。”</p>\n<p>“好。但是你得告诉我，你在等谁？”</p>\n<p>“等谁？等新老板。”陈一心叹口气，“给我加薪。”</p>\n<p>&nbsp;</p>\n<p>我在等谁？她坐到书桌前想着这个问题，电视机里都市言情剧的台词在小小的客厅回荡，营造一点点安逸热闹日常生活的假象。桌上放着初中毕业时候的集体照，因为看了太多次，这张毕业照渐渐像某个广告片场景显得不太真实。但闭上眼睛，依旧能闻到塑胶跑道在六月正午的阳光下发出的味道。香樟树的新叶在风中发出细细的柔软的声响，那明亮的、半透明的绿色在视网膜留下火一样的残影。她的耳朵还记得那天的广播，年级组长用中气十足的声音按次序播报到篮球场拍摄毕业照的班级名称：初三（1）班，初三（2）班……那是关于耐心最初的锻炼，如今她已经在工作里学会了接受各种各样的等待：等待流程确认物料签收，等待总监确认ppt内容，等待客户确认合约条款。习惯了等待的自己与习惯了失望的那个自己，并肩而行。</p>\n<p>和很多故事一样，初三那年陈一心班上来了个借读的插班生。但这个叫林嘉明的男生并没有和很多故事中一样被安排成为陈一心的邻桌，因为他的身高实在比陈一心高太多。他们之间最接近的距离，是在每个月底楼道黑板报右上角的月考成绩“英雄榜”上，年级前十的名单里林嘉明总是跟在陈一心的后面。即便自己领先，但勤奋认真的陈一心依旧有些气愤，为什么这个下了课就跑去篮球场的男生，不用复习就考这么好？</p>\n<p>这点不服气成了陈一心更加埋头努力的动力，只是她不知道自己是从什么时候开始，放学路过篮球场时会在人群中寻找那个穿芝加哥公牛队球衣的身影。很多年以后，当她在脑海构思文案时会想起那一刻的忐忑，以及随之而来的浪潮般的喜悦与笃定：她一定会找到他，因为他就在那里，比所有人都更明亮、更好看，就像那些最终总会被她找到的最确切的形容词、副词与名词。</p>\n<p>可是拍毕业照那天，陈一心没能在人群中找到这个身影。离得足有十米远，陈一心还是听见了快门开启又闭拢的声响，像是什么碎了般，咔嚓一声。照片洗出来是两个星期以后，10寸，柯达相纸，塑封。班上四十二个同学人手一张，照片到手做的第一件事自然是找自己，屏息静气的短暂静默之后，教室里响起男生们互相揶揄的笑闹。陈一心把照片合在课桌上，不想看见照片里的自己仿佛已经在哭的样子。那是她人生里第一次尝到失望的味道，不是苦的，是一种沉甸甸的酸涩，如坚硬的果核积在胃里。</p>\n<p>十年后陈静一心读完设计专业、留学回国进入广告公司，那是数码技术突飞猛进的年代，数码相机和photoshop软件让广告创意更无拘无束的同时，人们也越来越怀疑所见是否真实。咔嚓，咔嚓，时间在拧着她身体里细小的螺丝，也在侵蚀她书桌上的照片。时间无孔不入。即使经过塑封，相纸依旧开始褪色了。</p>\n<p>第二天陈一心把照片带去公司，趁着午休时间精细扫描备份。“哇，不少帅哥，你初恋男朋友是哪一个？”平面设计小季过来拿打印出来的图片，好奇地凑近照片细看。</p>\n<p>“你猜。”陈一心大大方方给他看。</p>\n<p>“这个？”小季指一指最后一排那个穿白衬衫的少年。</p>\n<p>“不告诉你。”</p>\n<p>总监助理小美哭丧着脸在陈一心身边坐下：“新总监是总部指派来的，这周就要上任，一心姐，你说他会不会换助理？”</p>\n<p>“放心，强龙压不过地头蛇。”陈一心拍拍她碎花雪纺衬衫下的瘦弱肩膀，“你找到房子搬家了吗？”</p>\n<p>“这几天都办妥了，准备周末搬家。”小美无奈地笑了笑，大学时期就交往的男友沉迷网络游戏，一次因为小美提议出门吃宵夜，他摔掉键盘对小美动了手。</p>\n<p>陈一心和小美一起为即将到任的总监整理客户资料准备交接工作，忙到眼冒金星。下班在地铁接到姐姐电话，叮嘱她周末过去吃饭，电话那头外甥女哭声震天。</p>\n<p>“发生什么事？”</p>\n<p>“记不记得你当年为毕业照不开心很久？现在轮到你外甥女。”原来那天幼儿园大班拍毕业照，小外甥女最喜欢的男孩子病假没去上学，她按约定霸住身边的位子不给人坐，老师苦劝不听又哭又闹，被没收了胸口的小红花。当年陈一心拿着照片回家后也是哭了一场。“是没拍好看，但是过几年谁都不记得谁了，别担心。”姐姐以为她是觉得拍丑了，这样安慰她。</p>\n<p>周末陈一心带着水果上门，外甥女献宝一样把毕业照拿给她看。“听说拍照那天你哭鼻子了？”小姑娘涨红着脸不承认：“才没！”</p>\n<p>姐姐从厨房出来：“摄影师问清楚情况，说位子就留着。后来小男孩病好去上课，单独拍一张，摄影师用photoshop把他加到宝宝身边那个座位上了。”</p>\n<p>“毫无ps痕迹，科技改变生活。”陈一心笑。</p>\n<p>陈一心记得六月的那个傍晚，放学后路过操场，篮球嘭一声砸在防护铁丝网，转身，那个匆匆跑过来捡球的瘦高男生正是林嘉明，他明知故问：“放学了？”</p>\n<p>“是。”陈一心低头疾走。林嘉明拿着球一步步倒退走回球场，突然对她的背影大声喊：“陈一心！”</p>\n<p>陈一心根本不敢回头，远远听到身后操场上响起一片狼嚎和口哨声，林嘉明大声喊：“陈一心，你得留下来给我加油！”</p>\n<p>那是陈一心第一次听见他喊自己的名字。或许那是他说再见的方式吧。那么大声，她却没有听见。陈一心也曾想，如果再晚遇见三两年，电子邮箱普及，自己和林嘉明就不会失散在茫茫人海之中。但微信终结了人与人之间最后一段距离的年代，依旧有人误解有人分手有人老死不相往来。终究，科技只能改变生活，却无法改变命运。</p>\n<p>周一新总监并没有按约定出现在办公室，例会改成了电话会议。会议开始前五分钟，陈一心抱着资料走进会议室，一眼看见小美额头的淤青，气血上涌：“还没分手？”小美来不及告诉她通话键已经打开，只能拼命摇手示意她别说话。陈一心误会她是在说没有分手，提高了嗓门：“这种男人不早早分手，你是要留着过年还是留着结婚？”</p>\n<p>电话那头传来一声咳嗽，一个陌生的男声问道：“请问，哪种男人？”正是这次会议的另一名与会者，新总监顾执。</p>\n<p>陈一心呆住，助理小美内心哀嚎。</p>\n<p>“抱歉，顾总监，刚才电话信号不太好。让你久等，下面由客户经理陈一心为您介绍我们目前正负责的几个重要客户。”小美装聋作哑，宣布会议开始，“我是您的助理小美，由我为这次会议作记录。”一边说着，一边把小纸条递到陈一心手里，上面写着：“搬家时候被储物箱砸到。”</p>\n<p>顾执在电话那头又咳嗽一声：“好，辛苦你了，小美。”只是声音里有藏不住的笑意，隔着电话线路依旧真真切切传到陈一心的耳朵里。</p>\n<p>隔天陈一心刚进办公室，就发现有人比她早到。空置了近三个星期的总监办公室灯火通明，她硬着头皮过去敲了敲开着的玻璃门，昨天已在电话里听过的那个声音说：“请进。”</p>\n<p>“顾总监，你好。”</p>\n<p>“陈一心，幸会。”顾执从办公桌前起身，朝她伸出手来。陈一心发现他比想象中高大，长眉，单眼皮。米色休闲西装配白色亚麻衬衫，没有系领带，周身洋溢刚从度假地回来的轻松气息。“能不能占用你一点时间？昨天你介绍的几个客户中，那个领带的平面很紧迫。”</p>\n<p>“对，前总监走前处理的最后一个客户，还差临门一脚。”大家都以为能按时完稿结案，但客户那边临时加入新的决策人，认为他们的设计并不一定会促进实际销量。作为乙方，自然无法反驳这样苛刻得几乎荒谬的要求。</p>\n<p>顾执想一想说，“既然客户对短期的销量有要求，你看能不能把营销主题调整为：如果她历尽沧桑，带她坐旋转木马？”</p>\n<p>“什么？”</p>\n<p>“今天微博病毒营销的文案，轻轻松松，热搜前三。”顾执指一指电脑屏幕。陈一心愣一下，随即明白了他的意思。领带广告，约定俗成是选用长腿男模搭配冷色调商务场景。但如果从爱购物的女性消费者入手，以“浪漫”、“礼物”这些关键词为切入点，或许能达到在短期提高销量的目的。</p>\n<p>这大都会，多少寂寞芳心想拴住一个浪子。</p>\n<p>“我马上安排大家开会，改进提案。”有了方向，会议进展神速，平面设计小季立刻呈上数个场景的示意图，陈一心看着其中王子在旋转木马上拿领带蒙起公主眼睛的那张草稿，笑着问：“会不会太夸张？”小季面不改色地答：“爱本来就是盲目的嘛，给他买这么贵的领带就对了！”</p>\n<p>新提案几乎是以光速通过。陈一心去顾执办公室报告这个好消息，发现他还是在刷微博。“Love is a touch and yet not a touch.”他说。</p>\n<p>“塞林格上微博热搜了？”陈一心几乎是揶揄的语气，“这个时代也不那么没文化嘛。”</p>\n<p>“我是说那个棘手的商务舱推广平面广告。”顾执指了指电脑屏幕，“热搜金句中这个yet not的概念，是不是很适合我们正策划的提案？”</p>\n<p>不用多言语陈一心再次明白了顾执的意思，相比努力渲染机舱的豪华与舒适，不如拍摄生活中的各种日常景象，书房、客厅、餐厅、卧室。潜台词即：虽然不是在这些熟悉的场景中，却能在机舱感受到同样的放松舒适。正要走出顾执办公室，陈一心停住脚步回头：“我是来告诉你，领带的那个提案通过了，已经让拍摄团队去执行。”顾执答：“看见你进门那刻的表情，我就知道啦。”依旧是度假归来一般的轻松笑容。</p>\n<p>陈一心发现自己再次成为那个站在黑板前的十六岁少女，内心涌起的佩服和一点点不服气竟如此熟悉，仿佛昨日。那时候，“林嘉明”三个字紧紧跟在“陈一心”的后面，站成他们之间最近的距离，也站成陈一心少女时代最漫长的心事。</p>\n<p>月底，庆祝拿到航空公司的大单，顺便进行自己上任后第一次团队建设，顾执宣布全部门放假一天去游乐园坐旋转木马和过山车，然后去游乐园的主题餐厅吃大餐。酒足饭饱之际，终于结束比搞噩梦敢放胆喝醉的小季揽着顾执的肩膀神秘地说：“顾总，你对客户心思这么了解，那你知道我们部门最大的谜案吗？”大家立即起哄，陈一心顿觉不妙，但已经来不及阻止这热火朝天的八卦气氛。小季接着说：“你说，一心姐那张宝贝初中毕业照里，哪个是她初恋男朋友？”</p>\n<p>顾执放下酒杯，侧着头，笃定地宣布：“这个我当然知道。”</p>\n<p>“哦，是谁？”</p>\n<p>“班上的第四十三个同学。”</p>\n<p>“可是照片里只有四十二个人啊，我们都仔仔细细数过。”</p>\n<p>“照片里是只有四十个二同学，但你们一心姐喜欢的是班上的第四十三个同学。所以那个人，不在照片里。”</p>\n<p>大家的目光从顾执脸上转移到陈一心脸上。陈一心好整以暇地喝着气泡矿泉水：“你们继续猜，我继续不回答。”</p>\n<p>饭局结束，大家拼车回市区，也喝了几杯啤酒的顾执让大家放心先走，说找了代驾。陈一心买好单开好发票，到停车场找车，发现顾执坐在停车场收费亭旁边的折凳上。</p>\n<p>“你在这里干吗？”</p>\n<p>“你知道，我是那种人。”</p>\n<p>“哪种？”</p>\n<p>“那种喝再多酒，都可以保持清醒的人。因为酒越喝越冷……”他挥手在夜色里比划一下，好像真是喝醉了。</p>\n<p>“你找的代驾呢？”</p>\n<p>“太远了，代驾不肯来。”顾执叹息，“以后肯定会有代驾公司找我们做广告，我现在就把文案定了：千山万水，带你回家。”</p>\n<p>“带是携带的带，还是代驾的代？”陈一心想看看他究竟醉得多厉害。</p>\n<p>“当然是携带的带，海带的带。谐音双关早过时了！”顾执嗤笑，声音模糊但思维清晰，陈一心想他应该是没有醉，只是情绪松懈。原来这个人也有压力，只是他藏得更好。</p>\n<p>“你怎么知道他不在照片里？”陈一心忍不住问。</p>\n<p>“因为照片里的你，看起来很忧伤啊。”顾执叹了口气。</p>\n<p>“我只是不巧眨了眼睛。”陈一心低头从包里找出车钥匙，“你知道我是哪种人吗？”</p>\n<p>“我知道，我知道，绝对不会见死不救的那种。”顾执的声音里有那天电话中一模一样的笑意。</p>\n<p>“你猜错了。”她挥挥手，头也不回地朝自己车走去，”听说这里的酒店也不错，顾总，enjoy！”</p>\n<p>这时顾执摇摇晃晃站起来，朝着她的背影大喊：“陈一心！你得留下来！”随着他这声高喊，公园的烟火在半空中炸开。</p>\n<p>陈一心，你得留下来！留下来给我加油！</p>\n<p>陈一心在满天的烟花里，停下了脚步。</p>\n<p>&nbsp;</p>\n<p>又是去客户公司比稿的日子，陈一心因为担心堵车一早出门搭地铁。刚出地铁站，就听到人群中一声惊呼：“抓小偷！”有人猛撞她肩膀，朝前挤去。陈一心条件反射，伸手拽住了他的外套，大喊：“快报警！”他藏在人群中的同伙急了，亮出小刀朝陈一心刺过来，陈一心躲闪间摔倒在地。这时有人骑着助动车直直朝小偷撞了上去。路人趁势出手相助，控制住小偷并报了警。</p>\n<p>“陈小姐，是你啊！”惊魂未定的陈一心抬头发现骑助动车救了自己一命的正是前阵子相过亲的房地产经纪，他瘦很多，所以刚开始没有认出他来。</p>\n<p>“你没事吧？”</p>\n<p>“我没事。”陈一心发现外套已经破损，手袋遭了殃，昨天刚做的指甲报废。</p>\n<p>&nbsp;“你的腿……”</p>\n<p>“一点擦伤，没事。”陈一心不禁皱眉，丝袜彻底没有救，见客户眼看要迟到，哪里去买丝袜换上。电话响，是顾执：“你在哪，会议要开始了。”</p>\n<p>&nbsp;“我遇到点事，你代替我做这次比稿可以吗？”</p>\n<p>&nbsp;“可以是可以，不过……”顾执语气为难，“没你这个项目执行人给我鼓掌，赢了也没有成就感啊。” &nbsp; &nbsp; &nbsp;&nbsp;</p>\n<p>这时候还有心情开玩笑，想必是成竹在胸。陈一心稍稍整理下仪容，问身边神色关切的房产中介：“赶时间吗？我请你喝杯茶，谢谢你今天仗义相助。”他们俩到附近找了家茶餐厅坐下。</p>\n<p>&nbsp;“最近如何？”陈一心点一杯冰红茶，一杯咸柠七，再要两碗云吞面，一笼咸水角，六个蛋挞。再点些外带的奶茶和点心给同事们。</p>\n<p>“找到女朋友了，我妈去相亲角张罗的。她是幼儿园老师。你看，我们做房地产经纪的，算是能说会道的了吧，可是在她面前我被训得，就跟小毛头似的。管头管脚，我吃什么，体重多少，穿什么她都管，真麻烦。”</p>\n<p>&nbsp;“真好。”陈一心由衷羡慕，两人举起还是带着油渍的玻璃杯碰了碰杯。</p>\n<p>&nbsp;</p>\n<p>云吞面刚吃完，顾执的电话追过来。他匆匆赶到茶餐厅时脸色不太好，陈一心心里咯噔一下：“怎么，案子有什么问题吗？”</p>\n<p>&nbsp;“案子当然没问题。你伤着哪没有？”</p>\n<p>&nbsp;“我没有事。”陈一心诧异，“你怎么知道我受伤？”顾执打开手机热搜：白领抓小偷。居然还有视频。也是，怎么会有热搜能逃过这个人的眼睛，陈一心笑，牵扯到擦伤的脸颊一阵刺痛，但笑已经收不回去，只能保持尴尬的表情。顾执伸出手想触碰她的脸颊，举到半路却停了下来，他感觉指尖发麻，好像她的疼痛经由指尖一路传递直达心口。</p>\n<p>陈一心见他发愣，起身去买单：“小偷是这位大哥抓的，我算辅助。现在就跟你回去上班。”等陈一心结完账打包完外带回来，顾执却不见了。</p>\n<p>&nbsp;“你同事说，他去给你买几个橙子，要你在此处不要走动。”房产中介大哥憋着笑一五一十地转达顾执的留言，“对了，陈小姐，你等到要等的那个人了吗？”</p>\n<p>&nbsp;“她不等了。”代替陈一心回答的，是拿着消毒药水和创可贴赶回来的顾执。</p>\n<p><br></p>', null);
INSERT INTO `cms_article_content` VALUES ('2019111809350349038054', '<p>我读大学时，有一次去医院检查身体。从诊室出来，看见一个三十多岁的女人蹲在地上，捂着肚子嚎啕大哭。“怎么办啊！去哪儿弄这么多钱啊！”哭声尖锐如一把刀，似要撕裂身体。貌似她丈夫的男人把诊断书攥成一团，一边摩挲女人的后背一边抹泪，讲不出一句安慰的话。</p>\n<p><br></p>\n<p>我晃晃悠悠走出医院，双腿软得像踩了棉花，恐惧、同情、忧愤等情绪在心中冲撞。从那时起，我才近距离体会到，原来世上真的有一群人在眼睁睁地等死，眼睁睁看着自己的生命因贫穷而耗竭。</p>\n<p><br></p>\n<p>《我不是药神》将我当时的情绪再度诱发出来。王砚辉饰演的假药贩子张长林说：“这个世界上只有一种病，穷病。”在物质极其充裕的时代，穷能限制想象力，穷能扼杀多种选择，“穷”不再是形容词，而是变成了一个名词和一个标签。穷，就是原罪。</p>\n<p><br></p>\n<p>剧情不算复杂。徐峥饰演的程勇原本是个彻头彻尾的loser，前妻因难忍家暴而离婚，唯一的儿子将跟随母亲出国生活，自己没有一技之长只好靠卖印度神油为生，结果生意冷清，连租金都成了问题。机缘巧合下，他认识了王传君扮演的慢粒白血病患者吕受益，于是做起了从印度走私仿制药的生意。初衷当然是为了赚钱，但因为仿制药价格远远低于国内正版药，无心插柳竟救了不少人命。</p>\n<p><br></p>\n<p>走私之路当然不顺畅。警察开始找他，假药贩子盯上了他，正版药公司董事恨透了他。为了明哲保身，程勇让出代理权，拿着卖仿制药攒下的第一桶金开了公司，当了小老板。后来吕受益之死令他良心发现，重操旧业，不为赚钱，只为赎罪救人，成了真正的救世主。</p>\n<p><br></p>\n<p>电影每一处转折都在意料之内，叙述稍显老套。但仔细一想，才知这就是现实，残酷到几乎再无发展出其他岔道的可能。</p>\n<p><br></p>\n<p>除了张长林，片中每一个角色的行为都出于正当且正义的立场。警察打击违规药品，义不容辞；正版药公司起诉仿制药，合情合理；穷人想要活命而购买印度走私药，情有可原。但不难看出，影片的立场完完全全地倒向了穷困的患者。</p>\n<p><br></p>\n<p>可怜之人必有可恨之处吗？或许吧。但这句话却永远不能成为恶人作恶、居高位者不作为的免死金牌。“鸡蛋与高墙之间，我永远站在鸡蛋一边。”这是被滥用的村上春树名言，也是很多创作者创作时信奉的朴素真理。</p>\n<p><br></p>\n<p>看过一些访谈，导演文牧野始终谦逊低调，提及演员时却说，这部片子中所有演员都贡献了巅峰演技。这不是过誉。从演技担当徐峥、周一围，到后起之秀王传君，再到惊鸿一现的龚蓓苾，每个人的表演都可圈可点，层次分明。需知片子讲的是小人物的故事，而小人物恰恰最考验表演。</p>\n<p><br></p>\n<p>徐峥与每个配角的对手戏都张力十足。吕受益做清创时，程勇和其妻在走廊里等候。病房里传来撕心裂肺的嚎叫，徐峥扮演一个内心有愧的“外人”，听着这哀嚎坐立不安，眼神躲闪不定，身子不自觉地侧向另一边。而妻子一动不动地坐着，目光没有焦点，可见其在长期煎熬中已变得麻木。程勇去机场送儿子出国时，差一点难过落泪。周一围饰演的警察曹斌说要请他喝酒，两人的恩怨随前妻远去的飞机消泯，正式升级为战友同盟。而程勇背过脸说改天吧，一方面是因为儿子远走心情不佳，另一方面是不习惯曹斌的突然示好，当然也有面对警察难免心虚的成分。一场戏，不到两分钟，只有几句台词，却完整表现出了两个不善言辞的男人复杂的内心。</p>\n<p><br></p>\n<p>谭卓扮演的刘思慧是让任何血性男儿都甘愿为她冲锋陷阵的女子。她坚韧又恬淡，浓妆时性感妩媚，素颜时有种让人心疼的憔悴之美。程勇赚了大钱后，带着几个合伙人去思慧工作的酒吧“团建”，用一沓又一沓钞票逼迫酒吧经理代替思慧跳脱衣舞。经理为钱忍气吞声，在台上扭摆腰肢，思慧在台下借着酒劲儿拼命起哄鼓掌，眼中有光，有火，也有泪。她经历过的屈辱、对程勇的感激、对命运的不甘全都写在了这一个眼神里。知乎上有个热门问题“有哪些一个镜头就体现一个演员是否会演戏的例子。”谭卓的这个眼神完美扣题。</p>\n<p><br></p>\n<p>王传君饰演的吕受益着实令人惊喜。久病不愈，瘦如竹竿，脸上却总是挂着傻傻的笑容。见程勇第一面时，他递过去一个橘子套近乎，而这个橘子，之后又在片中多个重要转折点出现。他病到高价药也无力回天时，忍着痛对来看望的徐峥说“吃个橘子吧”；他去世后，黄毛躲在没有人的地方，边哭边往嘴里塞橘子。橘子，成为了吕受益生命的隐喻，它鲜艳饱满，酸中带甜，但剥皮时若一不小心把汁水溅到眼睛里，是会让人哭的。</p>\n<p><br></p>\n<p>吕受益的角色让我想到了多年前在医院偶遇的那个嚎啕的女人。不知道她现在过得如何。如果当时我已经看过这部电影，或许我会在她手中塞一个橘子，说：“来，吃个橘子吧。”</p>\n<p><br></p>\n<p>《我不是药神》中大部分角色都面临着是守法还是救命的困境，这是推动故事发展的主要矛盾。而这背后，编剧和导演陷入了是充分挖掘故事深度还是尽可能争取过审的两难之中。在我国影视作品审核制度下，是不允许美化犯罪分子和犯罪行为的，而程勇这个人物恰恰踩到了这条红线。于是，后半程的剧情不可避免地落入过度煽情的窠臼，并最终靠“国家将格列宁纳入医保”来作为全片结局，一口气解决掉所有冲突。</p>\n<p><br></p>\n<p>以电影对抗并改变世界，近年来的韩国商业片可算个中翘楚。但中国因为特殊的国情，影视作品大多还停留在娱乐层面。也正因如此，《我不是药神》才显得难能可贵，能过审更是实属不易。在鱼龙混杂的电影行业，其黑色幽默下包裹的厚重的现实主义题材，是一朵瑰丽之花。</p>\n<p><br></p>\n<p>杨新鸣饰演的刘牧师，总是把“愿主保佑你”挂在嘴边。在该片的语境之下，这句话有浓浓的讽刺意味：主救不了的人命，被走私犯给救了。但影片末尾，讽刺意味消失，神迹开始显现。程勇走向监狱的路上，无数患者前来相送，并陆续摘掉了口罩，而已经死去的吕受益和黄毛，竟然也出现在了人群中。</p>\n<p><br></p>\n<p>这一场景戏剧性很强，以象征代替写实，与其说是对程勇的敬意，不如说是对生命的敬意。患者们对生命的渴望突破了法律与情感、时间与空间的限制，像冲破包衣的种子，像啄破蛋壳的雏鸟。</p>\n<p><br></p>\n<p>愿主保佑所有与命运抗争的人，阿门。</p>\n<p><br></p>', null);
INSERT INTO `cms_article_content` VALUES ('2019111911233433062017', '<p>【故事创意】共6个年代，每个年代世界杯的经典场景与当年父子间的互动画面穿插，以父子间对于足球的情结为线索，展现“一场球，一杯酒，一种陪伴”的父亲节情感点。<br>【画面创意】&nbsp;<br>1、两条线在人物风格上统一，但色调上有差异，人物半写实；<br>2、世界杯画面重点突出人物，背景做单色处理；父子情重在营造氛围；<br>3、世界杯经典场景和父子场景通过画面主色调进行区分：&nbsp;<br>1）世界杯大多通过电视上了解，更是一种精神和梦想般存在，用深灰调表现； 2）父子情演绎现实生活的真实情感，让人引起共鸣，用暖黄色调。&nbsp;<br><br>感谢一直信任我的小鱼，也是她提供的创意，我们一起打磨创意细节，一起为茅台打造“一场球，一杯酒，一种陪伴”项目。项目时间紧，能力也有限，有很多不尽人意的地方，将就着看吧，大家多多指教！</p>\n<p><img src=\"http://www.duoguyu.com/uploads/201806/14/201806141811115768.jpg\"></p>\n<p>「开启页」<br>八十年代的室内场景，复古的黑白电视，点击电视开关打开电视！<br>每一个场景我都画得很用心，虽然它只是一个虚化的背景，但对这些不同年份的室内场景我非常感兴趣，让我想起了小时候，我的那个家，我按照记忆中的家重新搭建它的模样！绘画时的小乐趣～</p>\n<p><img src=\"http://www.duoguyu.com/uploads/201806/14/201806141811117588.jpg\"></p>\n<p>「1986」<br>世界杯：马拉多纳“上帝之手”，用手打球！？嗯！对的，对世界杯不了解的我，全网搜索马拉多纳...&nbsp;<br>父子情：父亲32岁，我（小男孩）4岁，送我的第一个足球，我们之间的共同爱好产生了～</p>\n<p><img src=\"http://www.duoguyu.com/uploads/201806/14/201806141811114142.jpg\"></p>\n<p>「1998」<br>世界杯：小贝，红牌出场！估计很多球迷都很痛心的事情... 父子情：父亲44岁，我16岁，我很沮丧失望，但有父亲...在</p>\n<p><img src=\"http://www.duoguyu.com/uploads/201806/14/201806141811115725.jpg\" class=\"lazy-img-class\"></p>\n<p>「2002」<br>世界杯：中国队，入围了！！简直不敢相信！！<br>父子情：父亲48岁，我20岁，我们一起为中国队入围而干杯！！</p>\n<p><img src=\"http://www.duoguyu.com/uploads/201806/14/201806141811118702.jpg\" class=\"lazy-img-class\"></p>\n<p>「2006」<br>世界杯：那一年，齐达内头顶马特拉齐...<br>父子情：父亲52岁，我24岁，那一年我和朋友通宵看球，这是第一场我们没有一起围观的球赛</p>\n<p><img src=\"http://www.duoguyu.com/uploads/201806/14/201806141811117204.jpg\" class=\"lazy-img-class\"></p>\n<p>「2014」<br>世界杯：克洛泽，第16个进球！他的经典倒挂金钩，6得飞起！<br>父子情：父亲60岁，我32岁，我的小孩4岁，已经是别人的爸爸，对于足球的热爱，您通过言传身教一代一代传承下去</p>\n<p><img src=\"http://www.duoguyu.com/uploads/201806/14/201806141811114317.jpg\" class=\"lazy-img-class\"></p>\n<p>「2018」<br>世界杯：即将到来之际，未曾完整看过世界杯的我，变得对世界杯充满期待！<br>父子情：父亲64岁，我36岁，儿子8岁，一家人一起看世界杯！属于我们的小美好！</p>\n<p><img src=\"http://www.duoguyu.com/uploads/201806/14/201806141811111024.jpg\" class=\"lazy-img-class\"></p>\n<p>这一张，参考了当年中国队入围的照片，觉得特别有意义！很认真的画了每一个人的表情，他们压抑着自己的激动的情绪，为当年的他们呐喊，你们始终是最棒的是最热血的，中国队！加油！！</p>\n<p><img src=\"http://www.duoguyu.com/uploads/201806/14/201806141811114606.jpg\" class=\"lazy-img-class\"><span style=\"color: rgb(40, 40, 40); font-family: &quot;PingFang SC&quot;, &quot;Lantinghei SC&quot;, &quot;Microsoft YaHei&quot;, &quot;HanHei SC&quot;, &quot;Helvetica Neue&quot;, &quot;Open Sans&quot;, Arial, &quot;Hiragino Sans GB&quot;, 微软雅黑, STHeiti, &quot;WenQuanYi Micro Hei&quot;, SimSun, sans-serif; font-size: 14px; background-color: rgb(255, 255, 255);\"></span></p>\n<p><br></p>', null);
INSERT INTO `cms_article_content` VALUES ('2019111911233843897296', '<p>7月份的时候从香港书展带回同名小说，直到前几天才真的看完。</p><p>并不是很特别的故事，甚至要说它有点平淡也不为过。</p><p>但就是这么平淡无奇的一段叙述，让每个人都记起自己十七岁的那个夏天，然后嘴角上扬的狠狠想念了一把。</p><p><br/></p><p>没有华丽的镜头或者刻意营造的小清新气氛，就是普普通通的台湾巷子，简简单单的中学教室。</p><p>对白说了五句我便找到了这电影不能在内地公映的原因，“鸡巴”，“勃起”，层出不穷；</p><p>再看下去，上课看着老师打手枪，男主角在家一直处于光屁股的状态，连背英语的时候也被插入很多次I FUCK YOU这样的台词……</p><p>全场观众好多次都笑到鼓掌，刀大真的有够犀利。</p><p>但，尽管有地区差异，我们的青春期，就是如此荒唐和叛逆的没错啊！</p><p><br/></p><p>由于是改编的关系，书中的很多细节在电影里没有被提到，这也是改编电影一直存在的一种遗憾。</p><p>然而我敢说，就算没有看过原著单看电影，你的感动绝对不会少一分一毫。</p><p><br/></p><p>因为那就是，一定曾经发生在你我身上的，谁都没比谁多或者少的，叫做青春的故事。</p><p><br/></p><p>品学兼优的女孩受全班男生的青睐，有的耍帅，有的变魔术，有的学识渊博想用内涵取胜……</p><p>而她却偏偏喜欢不爱读书却很热血，讲话幼稚但很可爱，整天亏她只会读书却也会在关键时刻把英语书递过来自己被罚举着凳子跳一百圈的那个男孩。</p><p>于是白衬衫背后被戳出的蓝色点点变成了初恋最甜的印记。</p><p>那时候的男孩，真的觉得，恋爱是一件能够改变生命的事情吧。</p><p>努力做题是为了能和她打无聊的小赌，晚上留校是为了能和她一起读书，毕业后的志愿，是想要成为一个很厉害的人，起码要这世界因为自己有一点点不一样，而这世界，是女孩的心。</p><p>如果不是因为男孩害怕被拒绝，也许便不会有这么遗憾的结局。</p><p>如果不是因为女孩担心在一起之后男孩便不再这么喜欢她，那么也许我们在读的是另一个俗气难当、分分合合的故事。</p><p>可是啊，就是那么一点点的小错过才最不可挽回。</p><p><br/></p><p>921地震那晚，男孩拿着因为线路超忙没有讯号的手机跑了好远，听到女孩声音的时候他说：“你可是我追了N年的女生诶，如果你没了，我要跟谁一起回忆我们的故事？”</p><p>那时的两人，已经处于平行的时空。</p><p>长达两个小时的，两年来第一次的通话，结束在女孩那句：“谢谢你喜欢我”之后男孩说的：“我也很喜欢当年喜欢你的自己。”</p><p><br/></p><p>2005年的台北，终于来到那一天。</p><p>一起喜欢过女孩的那些男孩们，穿起正经八百的衬衫，笑着打趣说要去女孩的婚礼上绊倒新郎。</p><p>席间，男孩说：“当你真正喜欢一个女孩的时候，看到她跟别人结婚肯定不会完全真心祝福啊，这才是真爱。”</p><p>全场观众大笑鼓掌，原来，大家都经历过一样不甘心又因为装大度而不肯说出口的人生（笑）</p><p><br/></p><p>最后的最后，男孩们闹着要吻新娘，新郎说没问题，但想要怎么吻新娘就要先怎么吻我。</p><p>就在所有人不满的吐槽新郎小心眼的时候，男孩一个箭步冲上去吻住了新郎的嘴。</p><p>镜头是所有人惊呆的脸，耳边是全场人大声的笑，还有我自己一边笑一边忍不住的啜泣声。</p><p>就是那一刻，一直一直等了N年也没有等到的那一刻，明明互相喜欢却没有得到的那一刻，象征着最热血的青春和最纯粹的爱情的那一刻，终于在女孩的婚礼上，有机会成真了。</p><p>男孩和女孩拥吻的镜头一直持续了很久，穿插着那些年嬉笑打闹的回忆--</p><p>她为他扎起马尾的午后静谧柔软的阳光；他为她剃成光头的那晚滂沱的大雨；</p><p>他和他的那些兄弟们整人时她微笑的脸庞；他举办格斗比赛被狂K到满身是伤时女孩气愤的眼睛和他懊恼的泪水；</p><p>她常说“柯景腾，你真的很幼稚”时微怒的侧颜；</p><p>他臭屁的说会读书就可以看不起人时不屑的挑眉；</p><p>他们一起光着脚丫坐在堤坝边讲理想的烈日炎夏；</p><p>一起放飞的孔明灯这头男孩说：“可以不要告诉我答案吗？请让我继续喜欢你”；而另一头，女孩在灯上写下：“好，在一起”。</p><p>然而，都变成回忆了。镜头回转，男孩离开了新郎的嘴唇，他的死党们立刻冲上去争着继续,女孩站在不远处，红了眼眶。</p><p>男孩始终没有亲吻女孩，他说：“那我就继续幼稚下去咯”，对面的女孩说：“一定要哦。”</p><p>镜头定格在餐桌上的红包--新婚快乐，我的青春。</p><p><br/></p><p>我想，会感动的人，一定是因为想到了自己生命中的某个画面。</p><p>属于自己的那个沈佳宜也有清纯美好的侧脸，笑起来时也会有弯弯的好看的眼睛，也会用书拍自己的背，也会责怪自己不读书的同时递给自己写满了笔记的参考书……</p><p>属于自己的那个柯景腾也有用不完的幽默细胞，很幼稚，很单纯，很搞笑，很热血，充满孩子气；踩着脚踏车的帅气身影也曾经让自己感叹不已；挠着后脑勺的样子也曾经让自己忍俊不禁……</p><p>我一直以为，少年时青涩的那种暧昧甚至不能叫做爱情，只是会随着时间被淡忘的小小悸动。</p><p>然而活到这把年纪才发现，最纯美的东西，又怎么会那么容易被遗忘？</p><p><br/></p><p>也许，你已经不记得对方的名字了，就只剩下一个模糊的轮廓，但却那么深刻的印在脑海里。</p><p>因为你最怀念的，是喜欢他/她时，那个闪闪发光的自己。</p><p><br/></p><p>今天看到死党在微博说：“那个曾经骑着二八大驴，在小巷子口等着我骂的男生今天要结婚了。”就这么简单的一句，眼眶很不争气的红了。</p><p>尽管有再多不舍，我也还是知道，未来的某一天，我也会看着曾经喜欢的男孩挽着另一个女孩的手走过我面前，然后对他说：“新婚快乐，我的青春。”</p><p><br/></p>', null);
INSERT INTO `cms_article_content` VALUES ('2019111911233976422723', '<h1>一</h1>\n<p>2014年年底，我在房山做了半年自由撰稿人。在行业前辈老陈的带领下，我进了一家新公司。公司主要经营一款移动互联网创作类APP“硬糖”，任意用户均可用手机在上面进行创作和阅读。</p>\n<p>在我和老陈的欢迎仪式上，总经理王老板信心满满地说：“总公司给我们投了一千万，现在，公司又加入了像你们这样的专业人才。我相信，不久后，我们肯定能把“硬糖”做成中国最好的移动互联网写作类APP！”</p>\n<p>那时候，国家刚提出“大众创业，万众创新”的口号，各行各业都掀起一股创业潮，移动互联网领域的融资投资也一片火热。</p>\n<p>王老板又高又帅，浑身肌肉，发言时手插进口袋，像偶像剧里的“霸道总裁”。后来我才知道，公司里的女同事私下都这么喊他。王老板意气风发，老陈和我也干劲十足。</p>\n<p>我们进了内容部，内容部由孙总负责。他曾是一家知名写作网站的创始人，发掘和策划过很多优秀的网络小说，大多数都畅销又好评。</p>\n<p>不过，入职的第一天，我就觉得公司的机构设定有些奇怪。公司里有四个主要部门：市场部，产品部，技术部，内容部。通常，内容部是写作类APP的核心部门，但我们部门只有孙总、老陈和我三个人。而其他部门全部满员，光技术人员就有十多个。</p>\n<p>前两周，我的工作是熟悉APP后台的操作，筛选出合适的作品展示在首页。我挑选出一批文学性较强，并能给人带来思考和启发的作品，准备上传时，发现APP首页已经更新，多是“小鲜肉”的粉丝虚构出的同人小说，或是“霸道总裁爱上灰姑娘”的文章。这与我们想推荐给用户的内容，引导的APP创作风向严重不符。</p>\n<p>我问老陈这是什么情况，老陈表示他也不清楚，只知道是王老板授意的。在次日的数据日报上，我发现这些作品阅读数据非常高，这让我和老陈都特别惊讶。</p>\n<p>老陈那边也很诡异。时常有公司的高层人员去他的工位上，把正在工作的老陈拉到楼道里窃窃私语。下班后，我问老陈：“是有什么事儿吗？”老陈欲言又止。</p>\n<p>一个月后，老陈突然离职了。</p>\n<p>我很不解，也很慌张。他办完手续，我拉他到楼下，问究竟怎么回事。他叹口气：“王老板和孙总应该是不和。这段时间，常有各种人试探我是不是要取代孙总的位置，我猜这是王老板指使的。我不喜欢这种尔虞我诈的环境。但你刚进入职场不久，公司平台不错，孙总是行业大佬，你跟着他能学到不少东西。”</p>\n<p><br></p>\n<h1>二</h1>\n<p>老陈走后，有很多人来公司面试，但大多都是去市场部应聘。半个月后，内容部才招进两个新同事，包括一个传统行业的出版人小刘，部门人员的配置渐渐满编。不过加上孙总只有五个人，不及市场部的二分之一。</p>\n<p>在部门会议上，孙总鼓励地看着我们：“要质不要量。你们都具备独当一面的能力，都有一番作为。如果工作强度增加，咱们再招人。”</p>\n<p>我们一起讨论部门的工作方向：确定APP要发展的几个小说类别；每人负责一个，发掘优质作品和签约一定数量的成熟作者。</p>\n<p>签约作者需要钱，王老板掌握着公司的财政大权，却不给我们批预算。我们想签约作者，但部门没有经费。</p>\n<p>我很快感觉到王老板和孙总之间暗流涌动的气氛。好几次，我看到两人在楼道旁说话。多数情况下，王老板一脸愠色，嘴巴快速张合，还用手指着天空，似乎是在训人。孙总一直盯着前方的空气，只听不说，偶尔点一下头，脸涨得通红。</p>\n<p>新来的同事小刘跟我很要好。他告诉我，王老板和孙总在App运营上有分歧。王老板认为人都有猎奇和从众心理，他想通过砸钱在各个网络入口宣传，用户看到后就会蜂拥而至；在内容上，我们要迎合用户，用户喜欢的，就是最好的。</p>\n<p>孙总觉得不能通过砸钱来吸买用户。他坚持以内容为本，通过内容去吸引用户，流入的用户素质也高。凭靠优质内容和用户，“硬糖”迟早能成为精品品牌。</p>\n<p>不过，两人谁也没能说服对方。</p>\n<p>总公司当初投入的一千万，几乎都花在王老板带领的市场部，主要用来增加用户量。某次我们和市场总监私下聊天，她得意地说：“王老板给我的任务指标是至少要花出去一百万，我不花完还不好交差呢。”</p>\n<p>市场部在各网站和应用上投放广告，还找营销公司购买注册量来提升用户数据。每天早上，技术部门在公司大群群发用户增长日报，快的时候，APP用户一天净增长四五千人。APP上线半年不到，日活跃量突破了10万大关。</p>\n<p>由于数据好看，市场总监高薪优待，在国贸租了个很大的一居室，连房租也全额报销。而我们部门在公司最不受待见。</p>\n<p><br></p>\n<h1>三</h1>\n<p>不久后，王老板在微博上买了热搜，还安排发布会和采访，一些电视台和网站的人扛着机器来给公司拍宣传片，公司所有的漂亮女同事都被叫去，王老板站在中间，交叉着手，愈发像偶像剧里的“霸道总裁”。</p>\n<p>网站发布的通稿上，重点介绍王老板创业新贵的形象，但却未提及它存在的目的是为创作者和读者服务，生产优质内容。同样被忘记的，还有我们内容部。</p>\n<p>在部门会议上，我情绪激动地对孙总说：“每月给市场部那么多钱做推广，我们却没有预算签一些优质的作者和作品。数据做的好看，平台却没有拿得出手的作品。对于一个内容APP来说，就是行业笑话。”</p>\n<p>小刘也附和道：“这样吸引来的用户，也留不住。”</p>\n<p>那时，我们也会研究同类写作App，虽然用户数增长速度不快，但内容优良，作者创作度也很活跃，看似发展缓缓慢，却很良性。</p>\n<p>孙总打断我：“你们说这些谁不知道？他（王老板）有自己的发展思路。一个公司，领头人是核心，别抱怨，做好本职工作。”顿了顿他又说：“我和他商量，给我们部门一些预算。”</p>\n<p>其实宣传活动之前，孙总事先向王老板提议，等APP有了足够优秀的作品再进行大范围的推广宣传，王老板置若罔闻。两人的争执闹到集团公司的高层会议上。高层从中调和，他们才在表面暂时息战。不过私下，我没没听到孙总发一句牢骚，或者说王老板的坏话。</p>\n<p>我们离开会议室时，孙总还坐在里面，眼睛盯着窗外。下班之前，孙总找我们讨论了我和小刘提交的内容运营方案，确定没有细节会被王老板挑刺。他深吸一口气，打电话给行政，预约和王老板开会的时间。</p>\n<p>我和小刘郁闷地去天台抽烟，他问我：“你知道王老板的事情吗？”我调侃道：“我只知道他总到处秀胸肌，大家都叫他霸道总裁，。”</p>\n<p>小刘告诉我，王老板曾创业三次，总公司收购了他最近一次创业的项目。作为条件之一，他获得了管理一个全资子公司的权利。王老板自称连续创业者，但前面三次创业都以失败告终。</p>\n<p>最近一次创业，因为错过某个“风口”而满盘皆输，也波及跟他一起创业的同事。他不止一次说过，自己非常自责，决不会重蹈覆辙。</p>\n<p>互联网时代的“风口”就是机会和暴利，谁抓住了似乎就能成就一番事业。或许是因此，获得新的创业机会后，王老板才会拼命渴望数据，数据好看，才能引发更多关注。</p>\n<p>小刘还说：“在孙总之前，公司还有一个管内容的副总，也是因为决策上的冲突，副总被王老板挤走。”</p>\n<p>我想不到，作为一个公司一把手，王老板却这么小气量。我问小刘：“这些你都是从哪里知道的？”</p>\n<p>小刘笑了笑：“集团公司上千人，你随便找个人打听打听就知道了。你别光只知道做事，职场如战场，四面八方的人和事儿该了解的还是要了解。”</p>\n<p><br></p>\n<h1>四</h1>\n<p>某天上午，我下楼接待到访的作者，在公司旁边的星巴克看到孙总和王老板在争论着什么，孙总面色诚恳，王老板神情不屑，看向一边，。</p>\n<p>周一的部门会议上，孙总告诉我们：“我们有了一笔不小的稿费预算，可以大胆地把各种计划提上日程了。”他满面倦容，但也如释重负，不常笑的他还露出了难得一见的笑容。</p>\n<p>有了钱，我们确实引入了一批不错的作品和一些有固定读者群的作者，各产品线也渐渐变得丰富起来。</p>\n<p>2015年，新的“风口”又来了。那一年，小说影视改编权爆火，影视公司争相购买畅销小说的改编权，先后推出电影和电视剧。每次圈内聚会，大家都在讨论影视IP的行情，认为对外输出小说的影视改版权，是一条新的变现之路。</p>\n<p>最兴奋的就是王老板。例会上，群邮件里，他都在强调目前影视剧改编成功了多少案例，哪家公司卖出了多少作品。最后，他特别要求我们内容部：“每周，每条产品线的负责人必须提交一部具备影视剧改编潜质的作品。”</p>\n<p>接下来的两周，我一直紧张地筛选这样的作品。周末，我却在市场总监的朋友圈里看到，王老板在和某剧组拍摄宣传照，但是我对被改编的小说一无所知。</p>\n<p>周一，王老板在大群里宣布：他带着市场部，打算独立拍一部网剧，我们内容部无需参与。</p>\n<p>我在心里想：“市场部做内容部的工作，本是两个领域，真的合适吗？”</p>\n<p>后来才知道，王老板找孙总商量，趁着行情好，想拍一部网剧。但孙总不同意，他觉得现在行情看起来火爆，但不明朗，公司没人有拍网剧的经验，也没有特别适合改编的作品，现阶段应该潜心打造内容，静观其变。两人再次不欢而散。</p>\n<p>不久之后，我想签下一部不错的作品，需要一笔预算，财务却不愿盖章。问孙总，孙总的态度很含糊：“花钱的签不下来，就先签不花钱的吧。”</p>\n<p>王老板和孙总不和，在公司是公开的秘密，两人在公司遇见，彼此都板着脸把对方当路人。但每次开会或团建，两人看起来依旧一团和气。</p>\n<p><br></p>\n<h1>五</h1>\n<p>我入职半年后，公司没钱的传闻开始肆虐，有人对我说：“每月花一百多万找用户，拍网剧一下扔进去两百多万，这种花法能维持多久？但好像又没有做出什么成绩啊。”虽然我们都不清楚钱的具体流向，但没有成绩是有目共睹的。</p>\n<p>公司开始了新一轮的融资。孙总和王老板一改对彼此避而远之的状态，常常聚在一起。两人很少在公司出现，大多数时间都在外面见各种投资方。因为签内容的预算突然缩水，我积极性受到打击，小刘也有了辞职的计划。</p>\n<p>一个多月后，孙总和王老板又重返公司。孙总每天在办公室只做自己的事情，对我们的工作不闻不问。</p>\n<p>新的融资迟迟没落地，王老板挺着急。季度复盘会议后，他突然给公司群发了一封邮件，语气很严厉得有点恐怖，他强调公司的每一笔钱都应该花在刀刃上，如果有谁利用职务之便，偷拿公司的钱，他会采取法律手段，让其付出代价。</p>\n<p>收到邮件后，公司的气氛瞬间紧张起来，我们停止聊天，小心翼翼，生怕弄出什么动静。我困惑地看向王老板，他在工位上一脸严肃地敲着键盘，我又悄悄看向孙总，他盯着电脑，脸色涨得通红，桌下的腿一直在不自然地抖动着。</p>\n<p>QQ头像跳动着，是小刘：“应该是融资不顺利，王老板怪罪我们部门花了太多的钱签内容，但又没有产生价值。”我回：“那才多少钱啊？远抵不上市场部一个月的花销吧。”小刘发了一个“耸肩”的表情。</p>\n<p>随后，我们部门签约作品的预算又缩水了。第二周，小刘离职，孙总没有挽留，他现在胡子也懒得刮，穿着拖鞋上下班，每天异常沧桑地坐在电脑前，一副百无聊赖的样子。</p>\n<p>我去找他申请签下一部小说。他戴着耳机，没有看我：“你看着办吧。”</p>\n<p>内容上几乎已经无人再负责管理。我每天唯一需要做好的工作就是挑选几部过得去的作品，展示在APP首页。</p>\n<p>没过多久，公司的网剧项目暂停，据说是被一个十八线的导演忽悠了，拍的东西特别粗糙，像业余人士的作品。导演还对外抖落了不少合作细节，说王老板拉片量少，不懂得戏剧却指手画脚。</p>\n<p>王老板在公司无故发火后，同事们都如履薄冰，生怕做了什么事情会惹到他，公司里的气氛也变得死气沉沉。</p>\n<p>2015年，国庆假期之前，月度复盘例会上，我们内容部的同事汇报部门成绩时，说往外输出了10本小说的出版权，预计年后就能上市。</p>\n<p>王老板打断他：“这和我有什么关系？”</p>\n<p>孙总斜靠在沙发上，闭着眼睛。王老板重复了几遍后，他睁开眼说：“这些作品有出版的潜力，好好运营还可能输出改编权，我们下一步会根据作品详细汇报。你别一直问同样的问题。”</p>\n<p>王老板厉声道：“为什么我不能问？”孙总皱着眉头说：“你问点有价值的问题。”</p>\n<p>“不想干了就滚！”王总当着全公司几十双眼睛，突然大声骂了一句脏话。</p>\n<p>孙总盯着他，像是在确认：“你说什么？”王老板重复：“不想干了就滚！”孙总拿起面前的水杯，握紧，起身走出公司。</p>\n<p>君子相交，不出恶言，王老板犯了职场大忌。不仅戳破了最后一张纸，没有给孙总最起码的尊重，也不在乎自己的脸面。</p>\n<p><br></p>\n<h1>六</h1>\n<p>国庆假期回来后，孙总已经离职。公司的状态越发低迷，内容部门的工作还是和以前一样，属于可有可无的架空状态。</p>\n<p>总公司了解情况后，在行政上给王老板施加压力，王老板扛不住。怕我们剩下的几个人也离开，那段时间，他没有在工作上为难我们。整个10月，我一件事也没做，却无人问责，也没有受到任何惩罚。</p>\n<p>再待下去毫无意义，我和另外两个同事先后自主离职。王老板耍了个小花招，给我们多发了一个月工资算是补助，人事上对外的说法是“劝退”或“裁员”，让人哭笑不得。</p>\n<p>我快速找到一份新工作。2016年初，我在朋友圈看到王老板公司的员工发的PR通稿，上面写，公司又融资到了一千万。</p>\n<p>我还是不断地在行业快讯上看到前公司的通稿，新融资的一千万投入后，“硬糖”的总用户数已经超过两千万。我又看到某商报关于公司的调查报道，公司从成立到现在，支出和收入比严重失衡，一直处于亏损状态。</p>\n<p>2017年年中，行业传言王老板以每周两三个人的数量裁员，并且到处在找人接盘，打算卖掉公司。2017年年底，王老板被总公司解职，公司解散。这家成立三年，烧了两千万，做出一堆漂亮数据的公司就这样消失了。</p>\n<p>今年年中，孙总当年策划出品的小说改编的一部电视剧开播，在口碑和收视率上都非常不错。而我当年在在没有过多预算的情况下，好不容易签下的作品已经立项，电视剧正在开拍中。</p>\n<p>前不久，我无意见看到一篇报道，王老板又重新开始创业了。</p>\n<p><br></p>', null);
INSERT INTO `cms_article_content` VALUES ('2019111911234192715512', '<p>美国第 41 任总统、第 43 任总统的父亲乔治·布什（George Bush）于当地时间周五（11 月 30 日）逝世，享年 94 岁。 老布什办公室公布了他的死讯。就在不到 8 个月前，与他相伴 73 年的妻子芭芭拉·布什（Barbara Bush）刚刚去世。</p>\n<p><br></p>\n<h3 style=\"white-space: normal;\">转向政坛</h3>\n<p style=\"white-space: normal;\">1963 年时，他住在休斯顿。这时，他的思想转向了政治。当时有一场争夺哈里斯县（Harris County）共和党委员会领导权的竞争，根据他的说法，当地共和党人敦促他参与进来，以阻止极右翼的约翰·伯奇协会（John Birch Society）接管该县。</p>\n<p style=\"white-space: normal;\">老布什一晚上一晚上地开车横穿全县发表演讲，芭芭拉此时通常会坐在他身后的舞台上织毛衣。他赢了，这场胜利也引起了州共和党领导人的注意，他们敦促老布什挑战参议员拉尔夫·亚伯勒（Ralph Yarborough），后者是民主党人，希望在 1964 年获得连任。老布什同意参加竞选。</p>\n<p style=\"white-space: normal;\">要参与选举政治，这并不是最容易的路径。前一年，约翰‧F‧肯尼迪（John F. Kennedy）在达拉斯遇刺时，亚伯勒就坐在车队里，而新总统林登·约翰逊（Lyndon B.Johnson）支持他当州长。约翰逊也是得州人，当时正要以压倒性的优势在大选中获胜。</p>\n<p style=\"white-space: normal;\">亚伯勒试图通过把老布什和巴里·戈德沃特（Barry M. Goldwater）联系在一起，从而败坏他的名声。戈德沃特是个保守的亚利桑那州参议员，击败了共和党的总统候选人。老布什没有反驳这种牵连。他批评了提交给国会的民权法案，谴责了 1963 年的禁止核试验条约，并对建立福利国家发出了警告。尽管他没能当上参议员，但他 43% 的得票率在一个依旧是民主党掌权的国家里，并不是什么令人尴尬的成绩。</p>\n<p style=\"white-space: normal;\">1966 年 2 月，老布什辞去萨帕塔公司主席兼首席执行官的职务，前往休斯顿一个富裕选区竞选国会议员。他对选民进行了调查，开始走上了政治舞台的中央。他盛赞约翰逊制定的议程，并在一次演讲中宣布：“我总体上赞成‘伟大社会’（Great Society）计划概述的目标。”他告诉他的部长：“为了当选，我之前选了一些极右翼的职位来竞选。我希望以后我再也不这么做。我对此感到后悔。“</p>\n<p style=\"white-space: normal;\">老布什于 1966 年在得州第七国会选区当选为众议院议员。</p>\n<p style=\"white-space: normal;\">最终，他以 67% 的得票率轻松赢得了众议院席位。在华盛顿，他是民主党控制的国会中 47 名共和党新人之一。据他自己说，他当选最重要的原因是支持了 1968 年的公开住房法案——该法案是老布什当年反对过的 1964 年民权法案的延伸。他当时仍然担心民权法案是否符合宪法，他写到了自己思想的发展历程，但“歧视问题深深地困扰着我”。</p>\n<p style=\"white-space: normal;\">1968 年，老布什在没有遇到反对的情况下再次当选。第二年春天，尼克松总统（Richard M.Nixon）总统鼓励他再次挑战亚伯勒、获得参议院席位，不过这意味着放弃一个稳稳由共和党掌握的众议院席位和一个美国众议院筹款委员会（Ways And Means Committee）的职位。鉴于亚伯勒这次显得更加脆弱，布什接受了 1970 年大选的挑战。</p>\n<p style=\"white-space: normal;\">事情又一次没有按计划进行。议员劳埃德·本特森（Lloyd Bentsen）在民主党初选中对亚伯勒提出了质疑，并在一场混乱中获胜。老布什突然面对了一个更加强硬的对手，最后以 15 万多票的劣势输掉了竞选。</p>\n<p style=\"white-space: normal;\">两次竞选参议员落败，而老布什在众议院的任期即将届满，他需要找工作。他很快就被传唤到白宫，尼克松的幕僚长霍尔德曼（H. R. Haldeman）想让他到白宫工作。然而，老布什想成为美国驻联合国大使。尼克松同意了。</p>\n<p style=\"white-space: normal;\">他的提名引发了一波又一波的批评，因为虽然当过两届国会议员，但老布什的资历并不硬。但他还是在 1971 年 2 月顺利当上了美国驻联合国大使。</p>\n<div style=\"white-space: normal;\">\n <figure style=\"text-align: center;\">\n  <img src=\"http://duoguyu.com/uploads/201812/03/201812031435452225.jpg\" title=\"美国第 41 任总统乔治·布什去世，他是一个用使命来定义人生的人\" alt=\"美国第 41 任总统乔治·布什去世，他是一个用使命来定义人生的人\">\n  <figcaption>\n   1971 年 10 月，时任美国驻联合国大使的老布什。图片版权：Neal Boenzi/The New York Times\n  </figcaption>\n </figure>\n</div>\n<h3 style=\"white-space: normal;\">外交官和共和党人</h3>\n<p style=\"white-space: normal;\">他在联合国的履职开始于一场关于是否让中华人民共和国加入联合国的表决，结果惨败。美国希望台湾和中华人民共和国都在联合国有代表，但联合国大会投票决定驱逐台湾，为中国让路。投票结束后，代表们在过道上跳舞庆祝，很高兴看到美国受到羞辱。当老布什站起来发言时，他被嘘了。他后来说：“那是作为斗士最难堪的时刻。”</p>\n<p style=\"white-space: normal;\">1972 年，在华盛顿水门酒店民主党办公室发生入室事件后，尼克松迫切要求老布什来领导共和党全国委员会。他写道，他接受了这份工作，认为尼克松在丑闻中是清白的。尽管并不容易，但他还是维护了尼克松。</p>\n<p style=\"white-space: normal;\">他在报社与《华盛顿邮报》的编辑和记者会面时，谈到了自己在党内所感受到的压力。“我收到了两大叠邮件，”他说。第一叠邮件都在问：“你为什么不做更多的事来支持总统呢？”第二叠邮件都在问：“你为什么要让共和党离总统这么亲近？”</p>\n<p style=\"white-space: normal;\">但随着丑闻深入，他对尼克松的支持开始减弱，特别是在最高法院下令尼克松交出 64 盘录音带之后——其中一盘录音记录了尼克松命令霍尔德曼阻止联邦调查局调查入室事件的录音。老布什在《此致，乔治·布什》一书中写道：“这是总统撒谎的证据。”</p>\n<p style=\"white-space: normal;\">他在日记中评价尼克松说：“这个人不讲道德。”</p>\n<p style=\"white-space: normal;\">尼克松辞职后，总统职位让给了副总统杰拉德·R·福特（Gerald R.Ford），老布什希望自己能当副总统。两周后，福特给在肯纳邦克港的老布什打电话，告诉他已经选择了纽约州前州长尼尔森‧洛克菲勒（Nelson A. Rockefeller）当副总统。</p>\n<p style=\"white-space: normal;\">老布什以美国联络处主任的身份前往中国，担任非官方大使，当时两国还没有建立全面的外交关系。他将这段时间说成是没有压力和义务的休假。</p>\n<p style=\"white-space: normal;\">1976 年，福特又让他回国执行另一项任务：领导中情局。当时的中情局仍被指控在滥用尼克松时期的权力，包括密谋刺杀外国领导人和推翻外国政府。人们觉得老布什恢复了该机构的士气，但这次任命也很短暂，为期不到一年。那年 11 月，福特在大选中输给了吉米·卡特（Jimmy Carter），而布什又回到了得州。</p>\n<p style=\"white-space: normal;\">在那里，他把目光转向了竞选总统。1979 年 1 月，他给尼克松写信说：“我决心为 1980 年大选竭尽全力。”</p>\n<p style=\"white-space: normal;\">老布什组建了一个由顾问组成的内阁，其中包括曾管理 1970 年参议院竞选活动和 1976 年福特总统竞选的休斯敦律师贝克。然后，他们开始在全国各地展开竞选活动。他首先把重点放到了爱荷华州的党团会议上，他借鉴吉米·卡特 1976 年的战略，利用在爱荷华州取得胜利为自己开个好头。他在爱荷华州取得了成功，但后来在新罕布什尔州落败，到了 5 月份，共和党开始与里根结盟。老布什会见了他的顾问。他在自传中写道：“大家达成了共识——竞选总统没戏。只有一个人表示反对，那就是我。“</p>\n<p style=\"white-space: normal;\">老布什选择了一个新的目标：成为副总统。但那年 7 月，他从电视上得知，里根正试图让福特当副总统。让一位前总统当二号人物是一个令人惊讶的举动，但前演员、加州州长里根却希望福特能带来华盛顿的势力支持和温和的政治态度。然而他们的谈判步履蹒跚，老布什接到了他等待许久的电话。</p>\n<p style=\"white-space: normal;\">“你好，乔治，”里根对老布什说，“是我，罗恩·里根。如果你愿意的话，我想在共和党大会上宣布你是我的副总统人选。“</p>\n<p style=\"white-space: normal;\">同年 11 月，里根-布什的竞选联盟以压倒性优势获胜，老布什总统对新总统表了忠心。他在给里根的信中写道：“我绝不会做任何让您在政治上感到难堪的事。”</p>\n<p style=\"white-space: normal;\">老布什高兴地接受了他的第一个任务：领导一个精简联邦法规的工作组。他很少拒绝参加外国政要的葬礼，他忍受了作为一名副总统所付出的代价。老布什说：“让他们笑吧。“这些场合都会发生很多事情，而且都是很有分量的事，我喜欢参加。”</p>\n<p style=\"white-space: normal;\">里根-布什团队在&nbsp;1984 年的连任竞选中更具说服力，当时民主党的挑战者、前副总统沃尔特·F·蒙代尔（Walter F. Mondale）选择了杰拉尔丁·A·费拉罗（Geraldine A.Ferraro）作为他的竞选伙伴——费拉罗也是第一位被主要政党提名为内阁成员的女性。在整个竞选过程中，她和老布什发生了争执。老布什在辩论之后向别人吹嘘“我们昨晚把对手揍扁了”（we tried to kick a little ass last night）的对话随后流出，并遭到了批评。但当得票率慢慢变高之后，老布什迈向了自己政治生涯的高峰。</p>\n<p style=\"white-space: normal;\"><br></p>\n<h3 style=\"white-space: normal;\">好事多磨</h3>\n<p style=\"white-space: normal;\">1986 年年初，为了巩固自己在右翼势力中摇摇欲坠的地位，老布什发表了一系列演讲，支持平衡预算、允许校内祈祷和限制堕胎的宪法修正案。他还以自己作为共和党总统合法提名继任者的身份，将自己与里根更紧密地联系在了一起。</p>\n<p style=\"white-space: normal;\">但是，这一战略的风险太明显了。随着伊朗门事件（即里根政府向伊朗出售武器以换取释放伊朗人质、并将收益转移给右翼尼加拉瓜叛军的秘密计划）的曝光，白宫受到了调查，而人们都在问老布什对这笔交易了解多少。他说，他曾在白宫内部会议上对此表示了“一定的保留意见”，这在某种程度上对里根提出了挑战。</p>\n<p style=\"white-space: normal;\">这场以人质换武器的风暴伤害了老布什，并使他在共和党内的对手鼓起了勇气。1988 年 1 月，当老布什在爱荷华州面临来自堪萨斯州参议员鲍勃·多尔（Bob Dole）出乎意料的严峻挑战时，接受哥伦比亚广播公司新闻主播丹·拉瑟（Dan Rather）采访的过程变成了长达 10 分钟的对峙。拉瑟向老布什施压，要求他在伊朗门事件中发挥作用。老布什说：“我想谈谈我为什么想当总统。我认为，靠炒伊朗门的冷饭来定义我的整个职业生涯是不公平的。”</p>\n<p style=\"white-space: normal;\">布什在爱荷华州党团会议上名列第三，仅次于多尔和福音派传教士帕特·罗伯逊（Pat Robertson）。对于一位在任副总统和钦定提名继任者来说，这是个令人尴尬的局面。布什把他的希望转移到了新罕布什尔州，在那里，他的竞选活动由州长约翰·苏努努（John H. Sununu）主持。</p>\n<p style=\"white-space: normal;\">苏努努建议他颠覆一下自己上流社会人士的形象。不久后，这位副总统穿着风衣竞选，在工厂门口抽水，还一度从车队里跳出来，帮助一名被困在雪堆里的司机。</p>\n<p style=\"white-space: normal;\">老布什以 37.8% 的选票赢得了新罕布什尔州的初选。那天晚上，多尔在接受电视采访时发了火，断送了自己本就在不断变渺茫的机会。当 NBC 新闻主播汤姆·布罗考（Tom Brokaw）问多尔是否有什么话要对老布什说时，他回答说：“别再对我的记录撒谎了。”</p>\n<p style=\"white-space: normal;\">到了春天，老布什转向了民主党占据优势的州，杜卡基斯已经成为民主党内的总统候选人。老布什阵营决定将杜卡基斯说成是马萨诸塞州的自由派，强调杜卡基斯是美国公民自由联盟（American Civil Liberties Union）的成员，而且他支持一项为囚犯威利·霍顿（Willie Horton）提供周末休假的计划，而霍顿此前曾在周末离开监狱期间强奸了一名女性。</p>\n<p style=\"white-space: normal;\">当老布什抵达新奥尔良参加共和党全国代表大会时，杜卡基斯在民意调查中领先了 17 个百分点。</p>\n<p style=\"white-space: normal;\">老布什的开局并不顺利。就连一些共和党人也在质疑他的竞选伙伴丹·奎尔（Dan Quayle），因为后者是一位外表孩子气、鲜为人知的印第安纳州年轻参议员，刚刚完成第一个参议员任期。</p>\n<p style=\"white-space: normal;\">但老布什把注意力集中在了他的对手身上。他嘲笑杜卡基斯是“美国公民自由联盟（A.C.L.U.）的活跃分子”，并指责他拒绝签署马萨诸塞州一项要求教师带领学生每天背诵效忠誓词的法案。</p>\n<p style=\"white-space: normal;\">老布什在民意调查中领先杜卡基斯。随着选举日的临近，杜卡基斯在一场连一些共和党人都觉得卑劣的竞选活动的冲击下失去了后劲。李·阿特沃特（Lee Atwater）曾指导过这场竞选活动，他在&nbsp;1991 年为他所用的战术道了歉。</p>\n<p style=\"white-space: normal;\">大选前一天，老布什对选举结果充满信心，因此他决定任命 1970 年和 1980 年的竞选经理贝克为国务卿，并任命在新罕布什尔州拯救了自己候选人资格的苏努努为幕僚长。</p>\n<p style=\"white-space: normal;\">他在 11 月 8 日的胜利令人信服：他赢得了 40 个州和 54% 的民众选票，而杜卡基斯的得票率只有 35%。第二天，老布什试图与自己竞选活动中的一些强硬表述保持距离，他向记者保证，大家再也不会见到那个已经被人称作“开膛手乔治”（George the Ripper）的候选人了。</p>\n<div style=\"white-space: normal;\">\n <figure style=\"text-align: center;\">\n  <img src=\"http://duoguyu.com/uploads/201812/03/201812031435452981.jpg\" title=\"美国第 41 任总统乔治·布什去世，他是一个用使命来定义人生的人\" alt=\"美国第 41 任总统乔治·布什去世，他是一个用使命来定义人生的人\">\n  <figcaption>\n   1989 年，就职典礼上的老布什。图片版权：Jose R. Lopez/The New York Times\n  </figcaption>\n </figure>\n</div>\n<h3 style=\"white-space: normal;\">老布什的白宫</h3>\n<p style=\"white-space: normal;\">在险些没能获得提名、此前在里根之下蛰伏 8 年之后，1989 年 1 月的就职日上的老布什站在国会山西侧，脸上洋溢着胜利之情。一群祝愿他获胜的人们站在山下。他当时 64 岁，急切地想搬进大厅尽头的总统办公室里——总统办公室就在他担任副总统时的办公室拐过去的地方。他的渴望是如此强烈，以至于大法官威廉·伦奎斯特（William H. Rehnquist）问他是否会郑重宣誓、忠实地履行总统职责的话音还没落，他就说出了“我”字。</p>\n<p style=\"white-space: normal;\">老布什在就职演说中承诺，“要使国民的面貌更友善，使世界的面貌更温和”。他谈到了“一千个光点”，意喻社区和慈善团体“像星星一样在全国传播”。但他这一崇高抱负的实现立刻遇到了障碍，有些来自政治上，有些来自经济上，有些是由于他自己的一些所作所为，还有一些则是他无力控制的事情。</p>\n<p style=\"white-space: normal;\">最直接的困难来自于在里根的阴影下运作这个国家。老布什取代的是一位坐满两届任期的总统，他的前任既代表了共和主义的新纪元，又主持了当时历史上最长的经济增长期。如果老布什执政期间出了问题，就怪不得他的前任了。</p>\n<p style=\"white-space: normal;\">而他对于里根任上所做的事情，他显然并不全盘认同。里根留下的巨额预算赤字，必然会让新总统可能想做的任何事情复杂化。</p>\n<p style=\"white-space: normal;\">老布什还面临着由民主党牢牢控制的国会，他后来认为，自己任内之所以立法受限，就是因为受到了国会的掣肘。尽管老布什彻底击败了杜卡基斯，但后者并不害怕，民主党人也不愿意让老布什搭太多便车。</p>\n<p style=\"white-space: normal;\">老布什的第一次考验，来自于他提名老盟友约翰·G·塔尔（John G. Tower）担任国防部长一事。塔尔曾是得州参议员，也曾在参议院军事委员会任职，老布什写道，他认为提名会“在国会顺利通过，理由有两个：他完全有资格胜任这项工作，而国会通常善待自己人。</p>\n<p style=\"white-space: normal;\">“结果我犯了个不能再错的错。”</p>\n<p style=\"white-space: normal;\">问题出自右翼势力。保守派运动的坚定领袖保罗·M·魏里奇（Paul M. Weyrich）在委员会作证时表示，他曾看到塔尔在公开场合和与妻子以外的女性一起喝得烂醉。魏里奇说，他对塔尔的“道德品质”持“严重保留意见”。第二天，委员会主席、佐治亚州民主党参议员萨姆·努恩（Sam Nunn）问塔尔，他是否有酗酒问题。“我没有，参议员先生，”塔尔说。</p>\n<p style=\"white-space: normal;\">但是国防部长的提名却已经要落空了。老布什愤怒地回应，谴责了关于塔尔的“疯狂猜测”。他和奎尔开始亲自游说参议员。</p>\n<p style=\"white-space: normal;\">参议院以 53 票对 47 票否决了塔尔的提名。这是 30 年来，总统选择的内阁成员第一次被拒绝。</p>\n<p style=\"white-space: normal;\">老布什随后提名一位广受欢迎的众议院议员担任国防部长职务：怀俄明州的切尼。但塔尔事件的恶果也已经造成。第 41 任总统上任还没到 100 天，但他已经不得不要宣称他的政府已经“走上了正轨”。</p>\n<p style=\"white-space: normal;\">他说：“我只是想反对一下那些说似乎什么消息都没有、什么都没发生的论调。我们正在做很多事情，不是所有事都一帆风顺，但我们正在做很多事情。”</p>\n<div style=\"white-space: normal;\">\n <figure style=\"text-align: center;\">\n  <img src=\"http://duoguyu.com/uploads/201812/03/201812031435452409.jpg\" title=\"美国第 41 任总统乔治·布什去世，他是一个用使命来定义人生的人\" alt=\"美国第 41 任总统乔治·布什去世，他是一个用使命来定义人生的人\">\n  <figcaption>\n   1988 年，老布什、里根和戈尔巴乔夫。图片版权：图片版权：Paul Hosefros/The New York Times\n  </figcaption>\n </figure>\n</div>\n<h3 style=\"white-space: normal;\">动荡的世界</h3>\n<p style=\"white-space: normal;\">到了春天，老布什把重点转到了外交事务上，在接下来的两年中，老布什政府在外交事务中周旋了很长一段时间。巴拿马的诺列加声称在 5 月份的选举中获胜，但独立观察人士说，这次选举受到了欺诈的玷污。老布什宣布选举受到了操纵，并呼吁国际社会施加压力，迫使巴拿马的强人下台。实现这一目标用了近八个月时间。</p>\n<p style=\"white-space: normal;\">而当时的苏联各国正处于更大的动荡之中。戈尔巴乔夫于 1985 年上台，他发起了一场促进经济和民主变革的运动，动摇了整个东欧的共产主义基础。老布什发现，自己的应对也面临着需要同等勇气的压力。</p>\n<p style=\"white-space: normal;\">1989 年 4 月，他前往密歇根州的一个波兰人聚居区，向波兰政府的政治自由化表示敬意（当时，波兰政府让团结工会（Solidarity）重新获得了合法地位）。老布什说：“变革之风正在塑造全新的欧洲命运。”几周后，他在得克萨斯宣布，此时应当“寻求让苏联融入国际社会”。同年 5 月，在布鲁塞尔举行的一次北约会议上，许多世界领导人想看看他是否能坚持自己的立场，而他向戈尔巴乔夫提出了削减常规武器的建议。</p>\n<p style=\"white-space: normal;\">尽管如此，老布什还是受到了批评，甚至受到了盟友的批评，因为他对铁幕背后的事态发展做出了试探性和冷淡的反应。</p>\n<p style=\"white-space: normal;\">1989 年 11 月柏林墙倒塌后，记者问老布什，为什么他似乎闷闷不乐。他回答说：“我不是个情绪化的人。”</p>\n<p style=\"white-space: normal;\">听到人们的批评，他勃然大怒。他在谈到东欧的叛乱时说：“如果我们处理不当，让事情看上去像是美国策划的，就会导致镇压行动、招致可能导致流血的负面反应。”</p>\n<p style=\"white-space: normal;\">那年秋天，老布什宣布，他和戈尔巴乔夫将在地中海马耳他海岸外的船只上会晤，不过没有正式议程。这场会议于 1989 年 12 月初举行。波涛汹涌的海水迫使双方取消了一个谈判环节，但当波浪减弱后，两国领导人举行了会晤，并承诺在第二年年底之前缔结关于远程核武器和常规武器的条约。戈尔巴乔夫说，双方一致认为“冷战态度应该被摒弃”。</p>\n<p style=\"white-space: normal;\">当时，诺列加承受打击的能力令老布什感到沮丧。10 月，持不同政见的巴拿马国防部队在一场未遂政变中被击溃，而这一政变得到了美国的部分支持。诺列加则出现在镜头前，以一种嘲弄的姿态进行挑衅。</p>\n<p style=\"white-space: normal;\">12 月 20 日，美国以一支 11000 人的军队一夜之间迅速入侵巴拿马，这场冲突导致 23 名美国人死亡。诺列加逃离了现场，最终出现在梵蒂冈驻巴拿马代表的住所，并向美国投降，他被带走接受毒品走私指控。时任共和党全国委员会主席的阿特沃特表示，这次逮捕行动对老布什来说有如中了“政治头奖”。</p>\n<p style=\"white-space: normal;\">在处理所有事件时，老布什都试图建立一个有别于里根的总统形象，他在政策制订方面也有别于前任总统。他减缓导弹防御系统和战略防御计划（即众所周知的星球大战）的开支，并推迟了隐形轰炸机的生产。他提出了一项更严格的空气净化法案《清洁空气法》（Clean Air Act），来控制有害空气污染的主要来源，这包括燃煤电厂的气体排放。他同意向与左翼 Sandinista 政府对立的尼加拉瓜反政府武装提供人道主义援助，但不包括军事援助。</p>\n<p style=\"white-space: normal;\">老布什谈判并签署了具有里程碑意义的《美国残疾人法案》（Americans With disabled Act），很大程度上兑现了 1988 年的竞选承诺。近 3000 人——其中有许多是坐在轮椅上的残疾人——参加了白宫的签字仪式。他说：“让我们一起推翻这些可耻的隔阂之墙。”</p>\n<p style=\"white-space: normal;\">该法案的支持者称其为 20 年来最重要的民权法案。它禁止在公共住宿、交通和就业方面歧视残疾人，并规定许多新的公共和私人建筑的设计施工需考虑方便残疾人出入问题。类似的规则也适用于公共汽车和火车。</p>\n<p style=\"white-space: normal;\">1990 年 1 月，当老布什在国会发表他的第一次国情咨文时，他的受欢迎度高涨。他在演讲中赞扬了他所说的“89 年革命”，“这一年的变化如此惊人，是世界事务新纪元的开端。”</p>\n<p style=\"white-space: normal;\">这一年的春天，老布什和戈尔巴乔夫在华盛顿参与了一场峰会，并达成了广泛协议，承诺削减远程核武器武库，并销毁两国存有的大部分化学武器。</p>\n<p style=\"white-space: normal;\">在国内方面，他准备就不断增长的预算赤字问题进行谈判。从此开始，他犯下了其总统任期内最严重的错误。</p>\n<p style=\"white-space: normal;\">“我们需要进行协商，”他在日记中写道。“我愿意承认错误，这样一来其他共和党人就必须承认错误。我将不得不在‘看我口型’这条承诺上让步，而其他人将对之前演讲中关于税收和福利方面做出让步。”</p>\n<p style=\"white-space: normal;\">时任白宫新闻秘书马林·菲茨沃特（Marlin Fitzwater）说，布什政府在与国会领导人谈判时“没有提出任何前提条件”。当时，秋季选举即将来临，民主党人为了防范选举中对手的攻击表示，除非老布什公开宣布增税，否则他们不会考虑任何增税措施。</p>\n<p style=\"white-space: normal;\">白宫于 6 月 26 日发表了总统声明。“我很清楚，无论是赤字的规模引发的财政问题，还是制定一揽子计划的必要性，都需要做出如下改变。”下面是一个简短的行动清单。其中一项是“增加税收”。</p>\n<p style=\"white-space: normal;\">老布什和国会民主党人就一项预算提案达成了一致，其中包括提高汽油、香烟、酒类和奢侈品的税收。这些决定遭到人们的严厉批评。加州共和党众议员邓肯·亨特（Duncan Hunter）说，“总统放弃了他竞选时的首要承诺‘不征收新税’，而这是把民主党人拉到谈判桌上的关键。”</p>\n<p style=\"white-space: normal;\">1990 年 10 月，众议院以 254 票对 179 票否决了预算提案。达成最终协议花了数周时间，其中包括将高收入者的税率从 28% 提高到 31%。老布什说，他将签署这项协议，但是他“从现在起绝对不会再进行任何增税”。</p>\n<p style=\"white-space: normal;\"><br></p>\n<h3 style=\"white-space: normal;\">海湾战争</h3>\n<p style=\"white-space: normal;\">1990 年 8 月 2 日凌晨，在萨达姆·侯赛因指挥下，伊拉克部队浩浩荡荡地开进了科威特，并占领了那里的油田。“这是萨达姆的激进行动，”老布什凌晨 6 点在日记中写道。数天后他向全美发表讲话时表示，美国准备以武力回应。“武装对抗的局面不会持续很久。”他说。</p>\n<p style=\"white-space: normal;\">接下来的两周里，老布什在试图安抚英国首相撒切尔夫人等领导人的同时，把国家推向了战争。撒切尔夫人对他说，“乔治，美国要采取强硬的态度。”他向沙特阿拉伯派遣伞兵，并下令军舰前往波斯湾执行联合国对伊拉克的贸易制裁。</p>\n<p style=\"white-space: normal;\">从一开始，老布什就对萨达姆会采取外交手段解决问题持有疑问。在撒切尔夫人试图让他保持强硬态度的同时，其他欧洲盟友，以及戈尔巴乔夫和国会中的民主党人士，都在向他施压，要求他不要采取过于激进的行动。老布什坚持自己的观点，公开表示希望避免以军事对抗解决问题，同时也在为此做好准备。9 月 11 日，他向国会宣布：“关键的原则问题受到威胁。萨达姆实际上是在试图把一个国家从地球上抹去。”</p>\n<p style=\"white-space: normal;\">11 月份，老布什几乎将美军在海湾的部署规模扩大了一倍。</p>\n<p style=\"white-space: normal;\">国会中的民主党人为此忧心不已。老布什底下的参谋长联席会议主席柯林·鲍威尔（Colin L. Powell）将军在他的自传中写道：“国会吵翻了天，这个被一些人指责为“孬种”的乔治·布什，是想要通过发动一场战争来证明他的男子气概吗？”</p>\n<p style=\"white-space: normal;\">11 月底，联合国安理会通过决议，批准对伊拉克采取武力措施，除非它在 1991 年 1 月 15 日之前撤离科威特。伊拉克并未撤离。1 月 12 日，众参两院在两党的支持下，批准在海湾地区展开军事行动。此时，老布什已经做好了准备：包括埃及、沙特阿拉伯和苏联在内的 28 个国家都对他表示支持。</p>\n<div style=\"white-space: normal;\">\n <figure style=\"text-align: center;\">\n  <img src=\"http://duoguyu.com/uploads/201812/03/201812031435453016.jpg\" title=\"美国第 41 任总统乔治·布什去世，他是一个用使命来定义人生的人\" alt=\"美国第 41 任总统乔治·布什去世，他是一个用使命来定义人生的人\">\n  <figcaption>\n   1991 年海湾战争开始前，老布什拜访驻扎在沙特阿拉伯的美军。图片版权：George Bush Presidential Library via The New York Times\n  </figcaption>\n </figure>\n</div>\n<p style=\"white-space: normal;\">1 月 16 日伊拉克当地时间凌晨 3 点，午夜最后的期限过后，伊拉克人没有撤军，老布什下达了空袭命令。成群的轰炸机和巡航导弹对巴格达发动军事打击，并将伊拉克和科威特其他地方也列为袭击目标。</p>\n<p style=\"white-space: normal;\">老布什在电视讲话中表示：“我们的目标不是征服伊拉克，而是解放科威特。”萨达姆宣称，“战争之母已经爆发”。</p>\n<p style=\"white-space: normal;\">这场战争开始于美国壮观的空中力量展示，精确的导弹和轰炸看起来对巴格达造成了严重的破坏。白宫希望通过这次袭击在战争中一举获胜，避免造成美军伤亡，但五角大楼的官员们却意识到地面入侵不可避免。</p>\n<p style=\"white-space: normal;\">当地面战争真正拉响时，几乎持续了正好 100 个小时，美军方面实现了最小伤亡。伊拉克军陷入包围，然后投降。老布什下令停火，虽然这导致了伊拉克精英部队共和国卫队的成员逃脱，以及萨达姆继续掌权。</p>\n<p style=\"white-space: normal;\">鲍威尔将军（General Powell）建议老布什结束战斗，他在自传中回忆自己当时说道，“总统先生，战争比我们预期的要顺利得多。伊拉克军已经溃败。他们现在只想要活命。我们不能被人看作是为了杀戮而杀戮。”据鲍威尔将军所述，老布什的回答是：“既然这样，为什么不今天就结束呢？”</p>\n<p style=\"white-space: normal;\">老布什被要求就这一决定时间做出解释，他再次表示当时确实以为战争一结束，萨达姆就会被推翻。1991 年 2 月，萨达姆真正被驱逐的前几年，老布什写道，“我们低估了他对自己人民的野蛮和残酷，以及他对自己国家的压制。我们很失望，但我仍然不后悔当时获胜时做出结束战争的决定。”</p>\n<p style=\"white-space: normal;\">在接下来的六个月里，老布什忙于协调国内外的各种紧急需求。他于 1991 年 7 月前往莫斯科，签署了《战略武器削减条约》（Strategic Arms Reduction Treaty），该条约将美国和苏联的远程核武库削减了 25% 至 35%。但是戈尔巴乔夫在权利的争夺中逐渐失势。不到三个星期之后，在苏联的一片经济动荡之中，戈尔巴乔夫被强硬派赶下台，而老布什的忠诚也在此时受到考验。</p>\n<p style=\"white-space: normal;\">老布什谴责这场政变是“误入歧途和非法行为”，并要求戈尔巴乔夫重新掌权。对于老布什而言，这是一个非常危险的举动，因为谁也不能确定苏联政变背后的人成功登台，美苏关系可能会发生什么变化。</p>\n<p style=\"white-space: normal;\">政变持续了不到一周时间，但苏联因此而接近解体。戈尔巴乔夫于当年 12 月 25 日下台。</p>\n<p style=\"white-space: normal;\"><br></p>\n<h3 style=\"white-space: normal;\">提名克拉伦斯·托马斯</h3>\n<p style=\"white-space: normal;\">在华盛顿，老布什提名 43 岁的美国哥伦比亚特区上诉法院法官克拉伦斯·托马斯出任美国联邦最高法院大法官，以填补瑟古德·马歇尔（Thurgood Marshall）大法官退休留下的空缺。马歇尔是公民权利的拥护者，也是坐上该位置的第一位黑人法官。同样是黑人的托马斯法官很快就因为他的保守主义思想，以及前助手安妮塔·希尔（Anita F. Hill）对于他的性骚扰指控而面临质疑。</p>\n<p style=\"white-space: normal;\">白宫方面试图通过诋毁希尔进行回应，在与国会发生激烈的争执后，参议院最后以 52 票对 48 票通过了对托马斯法官的任命，这是任命最高法院大法官差距最小的投票结果之一。（相较于一年前老布什对于戴维·H·苏特[David H. Souter]的提名—以 90 票对 9 票的结果通过参议院的确认，这次提名的争议显然要大得多。）</p>\n<p style=\"white-space: normal;\">离 1992 年的选举还有一年多的时间，但是当老布什注意到一位力图和他竞争的州长时，就开始考虑他的连任前景了。“人们总是说我很难被打败：听得越多，我就越担心，”他在日记中写道，“比尔·克林顿，非常不错的一个人，可能也会参加竞选。”</p>\n<p style=\"white-space: normal;\">然后 1991 年的选举日变数就出现了：哈里斯‧沃福德（Harris Wofford），一位默默无闻的民主党人——在竞选宾夕法尼亚参议员时，呼吁关注中产阶级的经济问题——击败了跟过老布什和里根两人的总检察长迪克·索恩伯格（Dick Thornburgh）。</p>\n<p style=\"white-space: normal;\">第二天，老布什取消了远东之行，以防给民主党人留下话柄，被说成只对外交政策感兴趣。他召集记者表示，国内的经济基本面良好。</p>\n<p style=\"white-space: normal;\">“你看，我们一些的基本面保持着相当不错的发展势头，”他说，“通货膨胀在减缓，利率在降低，个人债务在减少，库存也在下降。”</p>\n<p style=\"white-space: normal;\">但是美国人，包括共和党人在内，都对此抱有疑虑。一项民意调查显示，只有四分之一的受访者赞成老布什处理经济问题。更麻烦的是，保守派评论家布坎南（Buchanan）宣布，他将与老布什竞争共和党总统提名。</p>\n<p style=\"white-space: normal;\">在任最后一年，老布什开始了他为期 12 天的远东访问。新罕布什尔初选开始六周前，白宫宣传了这次访问之旅，向公众展示老布什为打开进口市场所作出的努力。然而，这场访问却酿成了老布什自认任期内最破坏形象的灾难时刻。</p>\n<p style=\"white-space: normal;\">访问东京时，老布什受到了时任日本首相宫泽喜一的国宴款待。宴会上，老布什脸色泛白，吐在宫泽喜一身上，晕厥倒地。宫泽喜一抱着老布什的头，老布什瘫倒在地，这幅令人不安的画面一连上了好几天新闻。</p>\n<p style=\"white-space: normal;\">回国后，老布什还要面对国内严峻惨淡的情势。当时，美国的失业率高达 7.1%，达到了六年以来的最高水平。《纽约时报》和 CBS 所做的民意调查显示，只有五分之一的美国人认为老布什关心他们所面临的问题。一月中旬访问新罕布什尔州时，老布什刚下空军一号，焦虑就挂在了脸上。</p>\n<p style=\"white-space: normal;\">“我可能错误地估计了经济复苏的情况，”他说，“我想我已经知道了，看吧，我们的经济正在做自由落体运动。我希望我之前能料到。可能我表达地不够好，但我确实能理解现在的情况。”</p>\n<p style=\"white-space: normal;\">老布什在新罕布什尔州获得了 37% 的选票。对于四面楚歌的老布什来说，这个消息糟透了。</p>\n<div style=\"white-space: normal;\">\n <figure style=\"text-align: center;\">\n  <img src=\"http://duoguyu.com/uploads/201812/03/201812031435458365.jpg\" title=\"美国第 41 任总统乔治·布什去世，他是一个用使命来定义人生的人\" alt=\"美国第 41 任总统乔治·布什去世，他是一个用使命来定义人生的人\">\n  <figcaption>\n   图片版权：George Bush Presidential Library via The New York Times\n  </figcaption>\n </figure>\n</div>\n<h3 style=\"white-space: normal;\">民意支持的下降与回升</h3>\n<p style=\"white-space: normal;\">总统顾问们在 20 天里迅速安排他去了 22 个城市。他抨击福利政策、大政府、和出庭律师，说自己很后悔加税，声称违背税收承诺是他任期内最大的错误。</p>\n<p style=\"white-space: normal;\">老布什在南加州打败了布坎南，止住了颓势。他显然松了口气，说自己会减少竞选宣传的行程。</p>\n<p style=\"white-space: normal;\">但是，布坎南获得候选资格一事凸显了老布什的政治弱点，迫使他以候选人而非总统的身份行事。也正是因此，当克林顿赢得中间派选民时，他转向了右翼选民。</p>\n<p style=\"white-space: normal;\">在休斯敦准备提名大会时，老布什几乎没有喘息的时间。当时，民粹主义的第三方候选人佩罗也可能会发起挑战，起初对其威胁不屑一顾的老布什不得不着手应对。</p>\n<p style=\"white-space: normal;\">那年春天，老布什写道：“日后（再回顾这段历史时），人们会认为佩罗是个怪人。”他指的是佩罗古怪又民间的行事作风。（他受阴谋论和其他一些说辞影响，还雇了私人侦探去追查他的怀疑。）但是，佩罗抓住了公众的幻想。他把自己打造成了变革的象征，一个不会被传统政治原则束缚的人物。</p>\n<p style=\"white-space: normal;\">惊慌失措的共和党人直言不讳地说出了自己的担忧。北卡罗来纳州夏洛特市（Charlotte）一场募捐会上，老布什观看了一段参议员杰西·赫尔姆斯（Jesse Helms）抱怨老布什竞选活动的视频，他脸上明显流露出了不舒服的神色。“总统先生，”赫尔姆斯说，“再对他们说一次‘注意听’，但这次请说得热情一点。”</p>\n<p style=\"white-space: normal;\">老布什很关注克林顿的政治技巧。他在给一位顾问的信中写道，克林顿“比我更擅长事实和数字，我更擅长生活”。</p>\n<p style=\"white-space: normal;\">他还向支持者抱怨称，在共产主义垮台、海湾战争处理应对和军空条约这些事上，他没能获得应有的荣誉。他表示：“作为美国总统，我已经尽心尽力了。”</p>\n<p style=\"white-space: normal;\">七月，克林顿在纽约被自信团结的民主党提名为总统候选人。共和党人不断攻击他，把他描绘成了一个有性格缺陷、不适合领导美国的人。克林顿以同样的力度进行了回击。“乔治·布什，”他说，“如果你不会用权力帮助人民，那就靠边站，我来。”</p>\n<p style=\"white-space: normal;\">克林顿的民主党全国大会大获成功。《纽约时报》和 CBS 所做的民意调查显示，会后克林顿支持率上升的幅度创下了五十年之最，以 55% 的支持率领先老布什（31%）。</p>\n<p style=\"white-space: normal;\">共和党人丧失了信心。面对改组白宫的压力，老布什请他的老朋友贝克尔离开国防部重返白宫，担任白宫首席顾问。</p>\n<p style=\"white-space: normal;\">接受提名竞选连任时，老布什承诺减税和控制开支，他攻击克林顿的资历，并且再一次为破坏减税承诺道歉。</p>\n<p style=\"white-space: normal;\">“这次选举你们相信谁？”他说着，休斯敦的共和党代表们高声表示支持，“你们相信只加过一次税并且为此后悔的候选人，还是加过 128 次税费而且次次都兴高采烈的候选人？”</p>\n<p style=\"white-space: normal;\">大会上充斥着吸引党内保守派的愤怒呼声，尤其是布坎南和罗伯逊，他们被安排在黄金时段发表反对堕胎和同性恋权利的言论。当月月底，《纽约时报》和 CBS 的民意调查显示，克林顿仍以 51% 的支持率大大领先老布什 26% 的支持率。</p>\n<p style=\"white-space: normal;\"><br></p>\n<h3 style=\"white-space: normal;\">最后的选举</h3>\n<p style=\"white-space: normal;\">老布什看上去仍然很自信。他在日记中写道：“我会成功连任的。我可以打败克林顿，我可以在工作、慢跑、竞选上打败他，我们会赢的。”但他在竞选活动上却表现得很疯狂。他第一天提出一项经济计划，第二天又攻击克林顿的性格，指出克林顿豁免了兵役、有吸食大麻的行为，上学时还反对过越战。</p>\n<p style=\"white-space: normal;\">随着天气逐渐转凉，老布什的攻击越来越尖刻。他评价克林顿及其竞选伙伴、田纳西州参议员阿尔·戈尔（Al Gore）称：“我的狗米莉对外交事务的了解都比这两个笨蛋多。”</p>\n<p style=\"white-space: normal;\">但到 11 月 3 日，克林顿击败了老布什。克林顿、老布什和佩罗的支持率分别为 43%、37% 和近 19%。贝克尔说，老布什觉得要是没有佩罗自己肯定能赢。那个周末，沮丧的老布什和鲍威尔将军回到了马里兰州的戴维营（Camp David），看了一部名叫《情迷四月天》（Enchanted April）的电影，想弄明白眼下的情况。</p>\n<p style=\"white-space: normal;\">“我永远也想不到他们会选他，”老布什告诉鲍威尔将军，“真不明白。但生活还要继续。”</p>\n<p style=\"white-space: normal;\">老布什没想到自己会这么早退休，他和太太甚至都没地方可去：他们在休斯敦住的是一套酒店套房，位于肯尼邦克港的家宅都没准备过冬的东西。</p>\n<p style=\"white-space: normal;\">不过，老布什的任期还没有结束。圣诞节时，他赦免了六位里根时期卷入武器换人质丑闻的政府官员。其中一位是前国防部长卡斯帕·W·温伯格（Caspar W. Weinberger）。当时温伯格即将接受法庭审判，他被指控在对伊朗军售知情问题上对国会撒谎。如果开庭，法庭可能会公开有关老布什支持秘密武器运输的私人信件。</p>\n<p style=\"white-space: normal;\">本案的特别检察官劳伦斯·E·沃尔什（Lawrence E. Walsh）抨击了老布什的赦免令。他表示：“他们六年多来一直在试图掩盖伊朗门事件，现在他们彻底成功了。”</p>\n<p style=\"white-space: normal;\">老布什回到俄罗斯，成功敲定了最后一份外交政策。他和俄罗斯总统鲍里斯·N·叶利钦（Boris N. Yeltsin）签订了《第二阶段削减战略武器条约》（Start II），约定了史上最大幅度的核武器削减。1993 年 1 月 20 日，老布什最后一次在白宫周围散了散步。</p>\n<p style=\"white-space: normal;\">下台后，老布什参与政治的时间变少了，他更多时候是一名旁观者：他看着自己的一个儿子两次当选总统，另一个儿子在参选总统前两次当选州长。他和克林顿一起为救灾筹款。随着外界对小布什总统任期内所作所为的批评声越来越多，老布什的公众声誉也有所下降。有报道称，老布什的外交政策顾问曾经反对过后来为小布什总统任期带来诸多麻烦的伊拉克战争。</p>\n<p style=\"white-space: normal;\">老布什向来不喜欢自我反省，但在接受传记作者米查姆采访时，他表现出了一丝对日后历史会如何评价自己的担忧。他说：“里根是大英雄，他的纪念碑和歌颂他的号角到处都是；而我的儿子们，他们经历了风浪考验。我被夹在里根的荣耀和儿子们的艰难困苦之中，我很迷茫。”</p>\n<p style=\"white-space: normal;\">还有一次他问，那些未来审视他职业生涯的人“要是只找到一副空白的牌呢”？</p>\n<p style=\"white-space: normal;\">1989 年的最后一天，总统任期的第一年即将结束时，这位美国第 41 任总统曾在日记中写下一段话，这段话或许才是对他才能与抱负的最佳总结：</p>\n<p style=\"white-space: normal;\">“我当然不会被认为是一个远见卓识的人，”老布什写道，“但我希望大家认为我稳重、谨慎、能干。”</p>\n<p><br></p>\n<p><br></p>\n<p><br></p>\n<p style=\"white-space: normal;\">注： 原文《美国第 41 任总统乔治·布什去世，他是一个用使命来定义人生的人》</p>\n<p style=\"white-space: normal;\"><br></p>\n<p style=\"white-space: normal;\">翻译：熊猫译社 智竑 葛仲君 驰逸 金金 钱功毅</p>\n<p style=\"white-space: normal;\">© 2018 THE NEW YORK TIMES</p>\n<p><br></p>', null);
INSERT INTO `cms_article_content` VALUES ('2019111911234354489196', '<p>我第一次见魏文彬，是在二中北门的网吧。</p>\n<p>6月初的榆次有些闷热，网吧二楼只有拐角处放了一台立柜式空调，除了飘动的布条表明空调还在运转，让人感受不到丝毫凉意。</p>\n<p>我像往常一样，占着风扇下的那台电脑打DOTA。刚点开游戏，就听到侧后方传来一个清澈的男声：“请问这个位置有人吗？”</p>\n<p>几个月来，我见的多是穿紧身裤、豆豆鞋的社会青年，满脸写着“老子最大”，这样礼貌询问的相当少见。我赶忙拿走放在旁边位置的水杯和书包，说：“没人，没人。”</p>\n<p>这人二十五岁左右，穿着几年前流行的格子衬衫和帆布鞋，头发像是几天没洗，但胜在长相清秀，像90年代苗条版的谢霆锋。</p>\n<p>他熟练地开机，也是玩DOTA。我在一次三连跪之后，见他也刚好结束一局，邀他组队。他游戏昵称叫“月亮与六便士”。</p>\n<p>“哥们儿，你是榆次大学城的学生吗？”我好奇地问道。</p>\n<p>他神色有些不自然，回我：“早毕业了。”我见他似乎不大高兴，没再问下去。</p>\n<p>到晚上7点，我回家吃饭，临走前加他微信和steam好友，得知他叫魏文彬。</p>\n<p>第二天是星期一，我照旧下午1点到网吧。学生都上学去了，这天人非常少。坐了一会儿，魏文彬提着两瓶矿泉水过来，递给我一瓶，我俩继续在电脑前开战。</p>\n<p><br></p>\n<p style=\"text-align: center;\"><img src=\"http://old.duoguyu.com/uploads/ueditor/image/20181201/1543649475209456.png\" title=\"隐居在故乡的北漂青年\" alt=\"隐居在故乡的北漂青年\"></p>\n<p>经过两天的接触，我发现魏文彬平常沉默寡言、很有礼貌，但一打游戏就变得特别跳脱。</p>\n<p>有次和队友配合不当，对方开语音骂了一句“操你妈！”他立马回怼：“你要操你奶奶吗，儿子？”然后像机关枪一样开喷，直到那人主动闭麦。</p>\n<p>和性情相投的人一起开黑，显然比我单排有意思得多。而且他操作相当厉害，我和他开玩笑，说：“你当个职业选手不是问题啊。”</p>\n<p>“打过高校联赛，但成绩一般。”他摆摆手。</p>\n<p>边玩边聊，我们很快熟络起来。我有些恍惚，好像回到大学和室友一起开黑的日子：世界怎么变幻都和我们无关，只记得每晚10点要一起决战遗迹。</p>\n<p>这天一起吃饭，魏文彬主动问起：“今天礼拜一，你不要上学的吗？”</p>\n<p>“去年就毕业了，在家待业。”我指一下旁边的书包和水杯说，“准备考公务员，和家里说去图书馆学习。”</p>\n<p>不知道是什么原因，我看着他脸上突然泛起一阵潮红。</p>\n<p><br></p>\n<p>二</p>\n<p>魏文彬喝了些酒，开始讲起自己的故事。</p>\n<p>他从小聪明，高考是班里的状元。2016年，他从北京一所重点大学的中文系毕业。</p>\n<p>那年高考成绩公布后，几个落榜的同学很发愁，魏文彬一直想成为职业电竞选手，他手一挥，说：“以后给我来提键盘就行。”</p>\n<p>优异的成绩令魏家父母扬眉吐气，以为儿子摆脱四五线小城市的禁锢，前途从此一帆风顺。但没人想到，离开管束的魏文彬，像一只脱缰野马，在大学的“自由教育”中彻底失控。</p>\n<p>大学四年，魏文彬每天都在宿舍看剧、打游戏，陆续挂了十几门课。大四实习时，他也找借口没去。2016年3月，魏文彬即将毕业，正赶上媒体口中的“史上最难毕业季”。</p>\n<p>学校举办校招会。魏文彬午睡醒来，揉着眼睛，趿着拖鞋去会场。“那时有很多世界五百强来我们学校招人，公司介绍都能列好几页。我舍友听说有个国企银行的岗位，20万人报名只招20个人。”</p>\n<p>魏文彬遛了一圈，看见同学都排着长队，等待着交简历。人人面带微笑，自信满满地向HR介绍自己的实践经历，他突然感到强烈的自卑和恐惧。</p>\n<p>他悄悄挪到拐角，找个人最少的棚子，填了一张表。几天后被通知复试，稀里糊涂地签下了一家新媒体公司。</p>\n<p>公司处于初创阶段，有很多事情需要做，每个人都身兼数职。魏文彬懒散惯了，受不了晚上8点下班，还要挤一个多小时地铁回出租屋。他连试用期都没过就辞了职，“这公司朝不保夕，老板只会空谈。”</p>\n<p>之后的工作“一个不如一个”，他曾在丰台一个小区里当网文编辑。公司在公寓十八层，80平米的房子里，密密麻麻摆了20多台电脑，大家挤在一起，只留下一个靠窗的单间，放置老板巨大的办公桌。</p>\n<p>他每天的工作，是编辑以“震惊体”为开头的新闻。比如某个明星出轨，组长会让每个人写8篇关于这个明星的文章。内容真假、语句通顺与否都无所谓，甚至可以洗稿，只要软件检测原创度达到80%，就能交差。</p>\n<p>“大部分文章都没人看，公司只是发这些来养一个个账号罢了。”毕业后在北京的一年，他换过3份工作，一共上了8个月的班。</p>\n<p>第8个月，他辞职，用剩下的工资支撑生活，在出租房里玩了2个月游戏，终于向北漂的日子投降，逃回家乡山西运城永济。</p>\n<p><br></p>\n<p><strong>三</strong></p>\n<p>小县城对落魄的归乡者魏文彬并不太友好，似乎衣锦还乡才是标准姿态。</p>\n<p style=\"text-align: center;\"><img src=\"http://old.duoguyu.com/uploads/ueditor/image/20181201/1543649504930790.png\" title=\"隐居在故乡的北漂青年\" alt=\"隐居在故乡的北漂青年\"></p>\n<p>起初，魏文彬还会每周去运城面试，但总是碰壁。他不愿意干销售类的工作，嫌辛苦；办公室文员的工作，又嫌工资太低。</p>\n<p>厌烦了奔波，魏文彬应聘了离家不远的一家修车厂。老板说缺一个车辆信息登记员，问他会不会用Excel。他想到学校登记处的老师，一边逛淘宝一边录入信息，觉得这个工作不错。</p>\n<p>“我其实不大熟练，但还是和他说：‘我很擅长。’”</p>\n<p>上班之后，他才知道自己的主要工作，是第一时间迎上去问顾客要修什么，报价格，打开车盖记下车架号、里程数，最后还要推销车险。这样一套流程，一天要重复一二十遍。</p>\n<p>魏文彬知道自己早没了挑剔的资格，还是坚持了几天。在修车厂，他遇到了小学同学，“他初中毕业去学汽修，跟这老板干了好几年，如今已经是厂里的大师傅，工资是我的两倍多。”</p>\n<p>修车厂包吃住，每天中午工人们聚在大圆桌上吃饭，说说笑笑。他能听懂当地的方言，但不会说，加上生性内向，所以和大家格格不入。</p>\n<p>“我有几天把饭端回自己工位吃，但一想总要融入，第二天就又回到圆桌上了。”</p>\n<p>同事们好奇问他上学都学了些什么，他说就是看看书，什么也没学到。</p>\n<p>“那你这大学上了个P啊。”一个同事嘲笑道。</p>\n<p>做饭的阿姨维护他，说：“你初中都差点没毕业，你知道人家大学是怎么样的？”</p>\n<p>同事迅速接话：“我没上过大学，可我上过大学生呀。”大家哄堂大笑，而魏文彬只想找个地缝钻进去。</p>\n<p>第二天，魏文彬一早去和老板辞职，免得被同事看见，前一天的事情他还心有余悸。老板说多算一礼拜工资，他没要。</p>\n<p>辞职手续办完，魏文彬到厨房取回自己吃饭的碗，撞上小学同学。同学得知他要走，埋怨他：“怎么不提前说一声？”他沉默以对。</p>\n<p>后来魏文彬回忆起这件事，自嘲说：“小学时候我和他关系很好，可现在我不仅没用，连做人的礼数也不会了。”</p>\n<p>从汽修厂辞职后，魏文彬开始赖在家里不出门。“父母每天上班走了，我就开始洗碗、拖地，跟个家庭妇女一样。”他的话对“家庭妇女”不甚友好，但在家务这件事上，他可能还比不上别人。</p>\n<p>唯一和外界联系的时刻，是傍晚出门透口气。但必须等到晚上7点半以后，出门早会碰到刚下班的邻居，“特别是四楼那个讨厌的阿姨，不停地问我找到工作没有，顺带提一下自己没考上大学但现在能挣不少钱的儿子。”</p>\n<p>很快就到春节，魏文彬的遮羞布被亲戚们扯了下来，言语之间透露出“读那么多书也没什么用”的鄙视。</p>\n<p>终于忍受不了，魏文彬向父母提出要回北京工作。</p>\n<p><br></p>\n<p>四</p>\n<p>实际上他没有再次北漂，而是逃到我家乡榆次，蛰居。</p>\n<p>毕竟北京光房租一个月就得2000元钱，而半年多不上班，甚至不见人的生活，魏文彬已经对面试、找工作产生恐惧。</p>\n<p>期间魏家父母打电话问起冷暖，他立刻上网查询北京当日的天气来应付。</p>\n<p>“为了演得真实一点，我还会在朋友圈转发一些和工作相关的文章。”他说。</p>\n<p>“怎么我从来就没看到过？”我问。</p>\n<p>他有些不好意思，回答：“之前把你屏蔽了。”</p>\n<p>我们喝了些酒，魏文彬把过往都告诉我，我也分享了自己的失败。</p>\n<p>待业在家的这半年，我虽不像魏文彬那么惨，但也十分苦闷。我高中的历史老师很有人格魅力，高考填志愿时，我没有多想，选了喜欢的城市武汉，去读历史。大二一堂课上，老师站在讲台上，说：“人一生最大的目标就是追求自由。”原本昏昏欲睡的我，在最后一排猛地点头。</p>\n<p>大学毕业回到榆次后，一次次考试失败，我陷入深深的自我怀疑，和父母的关系也紧张起来。和魏文彬一起打游戏、吃饭，成了我一天里最高兴的时光。</p>\n<p>有时候，我真的会去图书馆学习，他则去大学城找一些兼职赚钱。但每个礼拜总有三四天时间，我们会到那个网吧相聚。</p>\n<p>魏文彬抽烟，有钱时抽14块一包的利群，没钱了就换成5块一包的红河。我试着抽过一次红河，被呛得直咳嗽。</p>\n<p>我问他：“你抽这烟，不怕得肺癌么？”</p>\n<p>“好过没有。”</p>\n<p>魏文彬来榆次的时候，带着一些钱，估摸几个月过去，也花得差不多了，我时常想要接济他。父母埋怨我不争气，可只要开口，他们总会给我钱。不过他从来不占我便宜。</p>\n<p>家里没人抽烟，但我爸搞装修，常会有房主送上好烟。我偷偷从爸爸藏烟的冰箱里，拿了一包软中华给魏文彬。</p>\n<p>我们在锦纶东街的市场里吃烧烤，他深吸一口，嘴吧唧一下，说：“怎么有股腥味？”</p>\n<p>我压低声音，说：“加了料的。”</p>\n<p>魏文彬谨慎地看了眼四周，问我：“大麻？”</p>\n<p>看着他惊慌的样子，我足足笑了几分钟，周边的人像看傻逼一样看着我俩。</p>\n<p>等我平静下来，魏文彬突然感慨说：“要是能在大城市挣工资，在这样的小城市生活该有多好啊。”</p>\n<p>“物价低的小城市那么多，你怎么单单选了榆次？”我问。</p>\n<p>他支支吾吾地不肯说，我一再追问，终于得知：原来他高中喜欢的一个女同学，在山西传媒学院读书，就在榆次。</p>\n<p>离家之前，魏文彬摊开山西的地图，本想着闭眼随手指个地方，指到哪里就去哪里。到火车站，他鬼使神差地买票来了榆次，没有去原定的地方。</p>\n<p>“她现在还在榆次吗？”我问。</p>\n<p>“在西安读研。”</p>\n<p>“你怎么不去西安找她？”</p>\n<p>“总不能让她看见我现在这副样子。”魏文彬看了我一眼，“你一定觉得我非常可笑吧？”</p>\n<p><br></p>\n<p>五</p>\n<p>我们相识后一个多月里，像多数无所事事的大学生一样，在落日余晖里走出网吧讨食，在饭桌上喝酒、吹牛，甚至互相打趣对方是“废物”。</p>\n<p>很难说清楚，那段时间是不是真正的快乐。但就像兵临城下、还在寻欢作乐的皇帝一样，我们还在假装不问世事。</p>\n<p>有次魏文彬问我：“你说，人这辈子有没有机会不工作？”我带着他去最近的福彩站，请他买了五注彩票、两张刮刮乐。我们一边猜着数字，一边幻想：如果中大奖，就真的不用担忧以后了。可我俩连一块钱都没中过。</p>\n<p>傍晚从福彩站出来，我一转头，看到刚刚放学的二中学生，背着和我一样的书包。我感觉自己像是在脱离这个压力重重的真实世界。</p>\n<p>魏文彬突然开口说：“我们是被历史遗忘的一代，我们的时代没有战争，没有经济大恐慌，我们的战争是心灵的战争，我们的恐慌就是自己的生活。”这是他最喜欢电影《搏击俱乐部》里的台词。</p>\n<p>而后，他沉默了。我猜想这沉默背后，同样藏着分裂的自我。我们都害怕无聊的生活，厌恶复杂的人际，在精神上高呼独立与自由。但在行动上，始终缺乏自制，习惯性地半路后退。</p>\n<p>6月下旬，我照常去找他打游戏。但看到网吧大门紧闭，魏文彬一个人抱头坐在台阶上。</p>\n<p>据隔壁饭店老板说，一个10岁的孩子先在上网，然后去河里游泳，溺死了。家长闹事，文化局把网吧封掉。</p>\n<p>魏文彬眼神空洞，低头看着自己的帆布鞋，像回到了我们刚认识那天，一言不发。许久之后，他才抬头，有些不甘心地说：“老子卡里还充了50块钱呢。”</p>\n<p>我拍一下他肩膀，说：“喝酒去。”</p>\n<p>他先是答应，然后毫无预兆地哭了，说:“我不能再喝酒了。烟、酒、游戏这些东西，会给生活带来一种幻象。就像打赢游戏一样，常常给人成功的错觉，让我们忘记现实的困境。”</p>\n<p>那个不幸去世的孩子和被封掉的网吧，让我俩再次意识到，我们依旧生活在这个残酷的世界中，一切都没有改变，又或者比一个月前更糟了。</p>\n<p>魏文彬把自己包裹在一个连环的谎言之中，每日疲劳地应对家人和朋友的询问。他看不到希望，甚至不知道钱花光之后，要去哪里吃饭。我不知道如何安慰他、帮助他，就像我不知道怎么改变自己失败的生活。</p>\n<p>我骑车送他回到出租屋，然后独自去高中学校前的广场上，发了一整天呆。</p>\n<p><br></p>\n<p>六</p>\n<p>6月25日下午，我去玉湖公园旁边的出租房找他。他说要走了，去西安。</p>\n<p>那天我俩没有去网吧，而是坐公交去传媒学院转了一圈。在学校食堂吃过晚饭之后，我俩坐在一片荒地上聊天。</p>\n<p><br></p>\n<p style=\"text-align: center;\"><img src=\"http://old.duoguyu.com/uploads/ueditor/image/20181201/1543649571442922.png\" title=\"隐居在故乡的北漂青年\" alt=\"隐居在故乡的北漂青年\"></p>\n<p>我问他怎么突然要走，他说：“去找她。” 我舍不得他走，怕陷入孤单之中，但也没有劝他留下的理由。</p>\n<p>过了一会儿，他问我：“你是学历史的，我们这个时代，是中国历史上最幸福的时候吗？”</p>\n<p>我想了想，说：“算是吧，马克思把人类社会分成三个阶段，人对人的依附；人对物的依附；人的独立与全面发展。我们现在算处在第二个。”</p>\n<p>“人对物的依附是什么意思？”</p>\n<p>“就是现在已经没有封建社会的人身依附了，理论上你是自由的，但为了生存所需的物质资料，必须要去劳动。”</p>\n<p>他想了很久，问：“那是不是说，我每多拥有一块钱，就离自由更近了一步？”</p>\n<p>我点头，说：“可以这么理解。”</p>\n<p>“回吧。”他像是找到了答案，掐灭手中的烟。</p>\n<p>坐公交回去的时候，经过之前去的彩票站，他扭头和我说：“逃避是没有用的，一起加油吧。”</p>\n<p>第二天临别之际，我执意给他买了火车票，说：“我是真心把你当兄弟。”他没再推辞。</p>\n<p>7月，我又一次事业单位考试失败，懒得再复习，随意找了份工作。刚入职的不适，让我很难有心情再打游戏。</p>\n<p>初秋时节一个周日，我打开游戏登录器，发现他的账号和我一样，已经两个多月没有在线。</p>\n<p>但在几天前，我在朋友圈刷到，他和一个姑娘在大雁塔前合影。他脸上带着发自内心的笑容，我知道，这个姑娘不可能是别人。</p>\n<p>我在下面评论：TMD你左拥右抱的时候，还记得那个带你躺赢的电竞陈信宏吗？</p>\n<p>魏文彬很快回复：过年回去了请你吃好的，孙子才不来。</p>\n<p><br></p>', null);
INSERT INTO `cms_article_content` VALUES ('2019111911234535884492', '<section>\n 2016年，中国仅宠物犬、猫市场的市场规模就高达1720亿元，预计2020年，宠物经济的市场规模将突破2000亿元，消费额有望超越日本，成为仅次于美国的世界第二大宠物消费市场。 是谁撑起这庞大的市场？他们如何影响着宠物消费的走向？\n</section>\n<div>\n <section>\n  <p>随着家庭结构的变化和老龄化趋势的发展，以汪星人、喵星人为主的宠物大军，正大规模入侵我们的生活。身边铲屎官和遛狗官越来越多，随之而来的宠物消费也被引爆。</p>\n  <p>从上游的宠物饲养与交易、宠物食品及用品生产与销售，到下游的宠物医疗、宠物美容、宠物培训、宠物保险，甚至出现了带宠物滑雪、玩滑翔伞等曾经无法想象的娱乐性消费。</p>\n  <p>相关统计数据显示，从2010年到2016年，中国宠物行业复合增长率为49.1%。2016年，仅宠物犬、猫市场的市场规模就高达1720亿元，预计2020年，宠物经济的市场规模将突破2000亿元，消费额有望超越日本，成为仅次于美国的世界第二大宠物消费市场。</p>\n  <p>是谁撑起这庞大的市场？他们如何影响着宠物消费的走向？</p>\n  <p><br></p>\n  <p><strong>95后宠猫大法：主食无谷、定制，还要猫草猫糖来调剂</strong></p>\n  <p>“3年前收养松松，主要是为了给太太解压。”王教练和刘校长是一对在上海奋斗的90后小夫妻，收养了一只品种相对纯正的波斯猫，这样的年轻猫奴在上海愈发常见。狗民网《2017年中国宠物行业白皮书》显示，80后、90后群体共占养宠人群的79.5%。</p>\n  <p>从CBNData《2018生活消费趋势报告》的数据可以看出，90后、95后线上宠物商品消费的占比已经占据整体线上宠物消费的半壁江山，95后的消费更是增长明显。</p>\n  <p style=\"text-align: center;\"><img src=\"http://old.duoguyu.com/uploads/ueditor/image/20181201/1543648500976130.jpeg\" title=\"95后撸猫的经济效应\" alt=\"95后撸猫的经济效应\"></p>\n  <p>在宠物经济的整个产业链中，宠物食品是最基础、发展空间最大的环节之一，也正在受到90后95后年轻宠物奴的影响。CBNData《2018年上海消费新贵大数据报告》发现，上海的90后95后消费新贵宠物相关消费以宠物食品为主，猫狗主粮占据整体消费金额的3成。</p>\n  <p><br></p>\n  <p>值得注意的是，90后95后养起猫猫狗狗，和爷爷奶奶的粗放式养法不同，对宠物的实力宠溺首先就体现在宠物食品的专业上。比如天然无谷圈猫犬粮更利于猫狗的消化吸收，上海消费新贵购买的同比增速就远高于上海整体消费者。</p>\n  <p style=\"text-align: center;\"><img src=\"http://old.duoguyu.com/uploads/ueditor/image/20181201/1543648516458207.jpeg\" title=\"95后撸猫的经济效应\" alt=\"95后撸猫的经济效应\"></p>\n  <p>“曾经穷养结果吃病了，治疗花了3000多，从那以后就开始吃专业猫粮了，防毛球促消化那种，好在松松饭量小，一个月也吃不到100块。”王教练这样的精致喂养猫奴群体在不断扩大，助推着定制型和功能型猫粮、狗粮的逐渐走红。</p>\n  <p><br></p>\n  <p>CBNData《2018猫粮消费趋势洞察》显示，定制型猫粮（如英短专用）和功能型猫粮（如去毛球）逐渐受到猫奴青睐，连续两年销售额增长幅度超过100%。</p>\n  <p style=\"text-align: center;\"><img src=\"http://old.duoguyu.com/uploads/ueditor/image/20181201/1543648531515148.jpeg\" title=\"95后撸猫的经济效应\" alt=\"95后撸猫的经济效应\"></p>\n  <p>除了主粮，95后也关注到宠物零食的重要性。CBNData《2018猫粮消费趋势洞察》发现，相比于70后80后给猫吃零食也要重视营养，95后猫奴更重视零食的趣味性，从而让猫草、布丁、猫糖等新品类有了更多的市场。</p>\n  <p><br></p>\n  <p>“我们家猫主子不仅要吃得健康，还要吃得有趣又适合拍照、拍视频。”95后小美1年前加入了养猫大军，“现在我们家的美短是我朋友圈和抖音的吸赞神器。”</p>\n  <p style=\"text-align: center;\"><img src=\"http://old.duoguyu.com/uploads/ueditor/image/20181201/1543648546450154.jpeg\" title=\"95后撸猫的经济效应\" alt=\"95后撸猫的经济效应\"></p>\n  <p><strong><br></strong></p>\n  <p><strong>关注线下：除了买食、看病，还要有猫狗社交</strong></p>\n  <p>在宠物产业链上，除了食品，医疗也是发展空间最大的环节之一。CBNData《90后、95后线上消费大数据洞察》显示，90后、95后对宠物的热情愈发凸显，线上购买力逐年提升的同时，以医疗为代表的线下消费也十分积极。2017年第四季度对比第一季度，线下宠物店95后消费者订单量占比增加3%，宠物医院95后消费者订单量占比增加2%。</p>\n  <p style=\"text-align: center;\"><img src=\"http://old.duoguyu.com/uploads/ueditor/image/20181201/1543648570155799.jpeg\" title=\"95后撸猫的经济效应\" alt=\"95后撸猫的经济效应\"></p>\n  <p>如此伺主热情推动着宠物医疗行业的迅速发展。智联招聘此前发布的调研结果显示，中国主要城市的800多个新职业种类中，收入排在前三位的依次是宠物医生、健身美容讲师以及鸡尾酒调酒师。其中宠物医生的平均收入最高，28.57%的人每月收入超过2万元。</p>\n  <p><br></p>\n  <p>行业的一片蓝海吸引了资本的关注，高瓴资本从 2015 年就开始做宠物医疗生意，先后收购了芭比堂、宠颐生、安安、爱诺动物医院、宠福鑫动物医院等。</p>\n  <p>除了医疗，传统品牌商也开始向养宠人群抛出了橄榄枝，比如星巴克今年在杭州、广州、深圳、成都以及天津开张了5家宠物友好门店。门店里设置有宠物活动区、宠物专属座位，以及为宠物准备的秘密菜单。</p>\n  <p><img alt=\"95后撸猫的经济效应\" data-img-size-val=\"584,353\" src=\"https://pic.36krcnd.com/201811/30030655/48j9t9amigh8nvoi!1200\" style=\"box-sizing: border-box; vertical-align: middle; border: 0px; opacity: 1; transition: opacity 0.3s ease-in 0s; display: block; max-width: 100%; margin: 30px auto; border-radius: 5px; width: 584px; height: auto;\"></p>\n  <p>“我上大学的时候经常去上海的一家猫咖里花钱撸，发现最喜欢还是美短，去年毕业后有了自己的空间，就果断决定买了一只。”小美说。</p>\n  <p><br></p>\n  <p><strong>95后的饲主需求：催生更多宠物消费品类</strong></p>\n  <p>90后照顾宠物更细致，CBNData《2018年轻人租房大数据报告》显示，90后对宠物的精致照料，带动了宠物车载垫、宠物电热毯、宠物饮水器和自动喂食器等消费增长迅速。</p>\n  <p style=\"text-align: center;\"><img src=\"http://old.duoguyu.com/uploads/ueditor/image/20181201/1543648605258296.jpeg\" title=\"95后撸猫的经济效应\" alt=\"95后撸猫的经济效应\"></p>\n  <p>而且自身智能设备全副武装还不够，年轻的猫奴狗奴还愿意购买一些智能化的设备来照顾猫主子和狗娃子。王教练今年已经把家里的猫厕所升级到了可以自动铲屎的美国品牌Litter Robot，“花了5000块，但省时省力，对于我来说，非常物有所值了。”</p>\n  <p style=\"text-align: center;\"><img src=\"http://old.duoguyu.com/uploads/ueditor/image/20181201/1543648616111231.jpeg\" title=\"95后撸猫的经济效应\" alt=\"95后撸猫的经济效应\"></p>\n  <p>除了一些智能升级的新品类，传统品牌也纷纷推出新的产品，试图在日渐崛起的宠物市场中分得一杯羹。此前在互联网大会上被大佬们带货的Moncler 就与 Poldo Dog Couture 为宠物狗推出奢华羽绒外套，还有背心和有帽外套。</p>\n  <p><br></p>\n  <p>去年，宜家第一次推出了专为猫狗设计的宠物家具系列 Lurvig。Lurvig 系列一共 62 件产品，覆盖了宠物的基本需求，既包括宠物迷你沙发、猫狗窝这样相对大件的家具，也有宠物旅行包、猫抓垫、慢食盆、背带牵引绳和铲子这样的小配件。将猫狗党们最主要的需求都考虑进去了，比如猫狗分别的习性，以及家具配件耐抓耐咬的需求。</p>\n  <p><img alt=\"95后撸猫的经济效应\" data-img-size-val=\"690,463\" src=\"https://pic.36krcnd.com/201811/30030655/9kjg7vvro8nbyu93!1200\" style=\"box-sizing: border-box; vertical-align: middle; border: 0px; opacity: 1; transition: opacity 0.3s ease-in 0s; display: block; max-width: 100%; margin: 30px auto; border-radius: 5px; width: 690px; height: auto;\"></p>\n  <p>当然，需要这些品牌注意的是，不同于容易被潮流引导的80后，95后消费者的偏好总是要展现个性与众不同，宠物就等于猫猫狗狗？</p>\n  <p><br></p>\n  <p>NO!</p>\n  <p>CBNData《2018生活消费趋势报告》发现，仓鼠、蜘蛛、龙猫、香猪等小众冷门的宠物也出现在了95后的偏好名单上，具体怎么养，Data君还在研究中，但相信也会有更多的未开发消费空间~</p>\n  <p style=\"text-align: center;\"><img src=\"http://old.duoguyu.com/uploads/ueditor/image/20181201/1543648645420564.jpeg\" title=\"95后撸猫的经济效应\" alt=\"95后撸猫的经济效应\"></p>\n </section>\n</div>\n<p><br></p>', null);
INSERT INTO `cms_article_content` VALUES ('2019111911234676549136', '<p>刘翔的微博下，有近6000条评论用各种方式深情“表白”：“十年了，中国人民欠你一句对不起。”有人一针见血地指出，如今跟风道歉的网友，正是当年跟风骂他的那拨人。可刘翔好像凭空消失了一样。在这场盛大的集体回忆中，他显得格格不入，不接受采访，不回应，谁都找不到他。</p>\n<p><br></p>\n<p>8月18日，第十八届亚运会在雅加达开幕。10年前的这一天，刘翔在鸟巢的110米栏决赛赛道上黯然转身离开。</p>\n<p>亚运会与奥运会都是改变刘翔命运的关键词。</p>\n<p>16年前，刘翔在釜山亚运会上，夺得了110米栏冠军，创造了新的亚洲纪录。</p>\n<p>那时的刘翔正站在天梯的入口，数不清的冠军头衔和世界纪录等待着他，一路伴着祝福和掌声。然而，不断叠加的荣誉和赞美在2008年北京奥运会上断崖式地崩塌，取而代之的是不容分辨的诋毁和谩骂。</p>\n<div style=\"text-align: center;\">\n <img src=\"http://old.duoguyu.com/uploads/ueditor/image/20181008/1538976527138996.jpg\" title=\"“失踪”的刘翔和他的十年\" alt=\"“失踪”的刘翔和他的十年\">\n <p><em>2002年9月29日，2002釜山亚运会男子110米栏决赛，刘翔获得冠军</em><br></p>\n</div>\n<p>北京奥运会开幕十周年纪念日当天，刘翔清冷已久的微博罕见地热闹了起来。他发布在8月3日的一条旧博文下，近6000条评论用各种方式深情“表白”：“十年了，中国人民欠你一句对不起。”</p>\n<p>有人一针见血地指出，如今跟风道歉的网友，正是当年跟风骂他的那拨人。</p>\n<p>可刘翔好像凭空消失了一样。在这场盛大的集体回忆中，他显得格格不入，不接受采访，不回应，谁都找不到他。</p>\n<p>当年被骂得最狠时，他几乎陷入自闭，可“从来没有埋怨过谁谁谁，也没有去责怪谁谁谁”。如今被一群人追着道歉，他也没打算站出来展示宽容和大度。退役这几年，他开始学着在自己的节奏里自得其乐，“我只是我自己，不是谁眼中的刘翔”。</p>\n<div style=\"text-align: center;\">\n <img src=\"http://old.duoguyu.com/uploads/ueditor/image/20181008/1538976551940239.jpg\" title=\"“失踪”的刘翔和他的十年\" alt=\"“失踪”的刘翔和他的十年\">\n</div>\n<p>8月17日，七夕节，刘翔若无其事地重新出现在了微博上，秀起了恩爱，“礼物不能少，除非不想好”，评论数又回到了以往的几百条。那些像潮水般汹涌而来的歉意，如同当初铺天盖地的辱骂，悄无声息地静静退去了。</p>\n<p>“我能放过自己，别人不会放过自己”</p>\n<p><br></p>\n<p>今年春节前后，在网上“失踪”一年多的刘翔恢复了发微博的习惯，每周一两次，风格比以往更接地气。</p>\n<p>美食美景，旅游自拍，练体能，配合赞助商做公益，闲暇时遛遛爱犬QQ，偶尔自制“健康无添加”的面包、蛋糕和蔓越莓饼干，嘲笑妻子“吴女士”不会洗苹果，或是把各色运动鞋摆成一圈“召唤神龙”。博文寥寥数语，搭配一两个土味表情包，为数不多的留言大多来自铁杆粉丝。</p>\n<p>退役时就下决心要“做个凡人”的刘翔，终于过上了跟大多数普通青年没什么两样的生活。此时，距离他第一次被媒体和观众簇拥得水泄不通，已经过去了整整14年。</p>\n<p>其实在2004年雅典奥运会之前，刘翔已经拿了至少11次国际大赛的冠军。但他真正在中国家喻户晓，确实是在雅典打破奥运会记录之后。他兴奋地冲着摄像机镜头吼出了“亚洲有我！中国有我！”晚上回到奥运村宿舍，他把金牌塞到枕头底下，把门窗锁上才敢睡觉，觉得自己“可以幸福地死去！”</p>\n<p>从雅典回国的飞机上，他只睡了3个小时，签了几千个名，一下飞机还是被媒体的阵势“吓傻了”。他像陀螺般被请到各种场合采访、录节目、接受表彰，父母在北京待了3天，只跟儿子吃了一顿饭。回到上海，从小区门口到他家楼下110米左右的距离，刘翔13秒内就能轻松跑完，却整整走了半个小时。为了保证他的安全，公安局在每层楼安排了3个警察。</p>\n<p>那时的刘翔无忧无虑，爱说爱笑。他父母对白岩松说，儿子“快30岁的人了还像个大男孩一样”。喜欢在赛场上做鬼脸，回家高兴了往父母中间一躺，滔滔不绝地说到后半夜，跟家里做家务的阿姨也能聊很长时间。得了奖，他整个人都是美滋滋的，拍照笑，对着天花板也笑，碰到邻居、门卫和食堂打饭的阿姨，他都主动打招呼，这样“人家会很开心”。</p>\n<p>那是刘翔人生中当之无愧的高光时刻。</p>\n<p>他身负十数个广告代言，将无数奖项和赞誉揽入怀中，甚至登上了美国《时代》周刊的封面。他是媒体当之无愧的宠儿，也乐于向媒体敞开胸怀。刺眼的闪光灯照得他有点烦，可他仍然配合采访，给经常打交道的记者打电话、发短信，甚至主动聊起心事。他没受过伤，没遇到过挫折，自信爆棚到有些飘飘然，“感觉自己真的没问题”。英国广播公司撰文称，在这段时间，“他似乎做什么都是对的”。</p>\n<div style=\"text-align: center;\">\n <img src=\"http://old.duoguyu.com/uploads/ueditor/image/20181008/1538976567293421.jpg\" title=\"“失踪”的刘翔和他的十年\" alt=\"“失踪”的刘翔和他的十年\">\n <p><em>刘翔登上美国《时代》周刊的封面</em><br></p>\n</div>\n<p>人生的转折点来得猝不及防。2008年奥运会跑道前因伤病退赛，刘翔的形象一落千丈，“飞人”骤然跌落谷底。</p>\n<p>冷嘲热讽铺天盖地地袭来，像腾地点起一把火，把过往的荣誉烧得灰飞烟灭。人们指责他是影帝、骗子、临阵逃脱的懦夫，说他一心就想赚钱。有人把“刘翔”称为“刘降”，还有人戏称他是“刘跑跑”“刘不跑”。只要他出现在镜头前，或是社交平台上有更新，就会立刻被攻击和辱骂包裹，任何小事都可能被炒作成负面新闻。就连他代言的汽车出了车祸，车主都嚷嚷着要起诉刘翔。</p>\n<p>还有人替国家算了笔账，环保型塑胶跑道上百万，力量训练器械上百万，一套新式跨栏几十万，“从雅典到北京奥运会的4年，国家为刘翔一个人就投入了超过3000万元”。</p>\n<p>他一下子懵了，不知道该怎么应对。他想解释，可不知道该说些什么，身边的人保护他，不让他发声。而“一旦发生了事情之后，谁都不想替我说几句”又让他特别难过。他嘴硬地说“不疼不痒，看过算过笑过，不在乎”，可还是抑郁得几乎自闭。身边关心他的朋友直言不讳：“你还行不行，不要硬撑了，不行就退了吧。”——田径运动员的巅峰时期大多不超过4年。</p>\n<div style=\"text-align: center;\">\n <img src=\"http://old.duoguyu.com/uploads/ueditor/image/20181008/1538976606615936.jpg\" title=\"“失踪”的刘翔和他的十年\" alt=\"“失踪”的刘翔和他的十年\">\n <p><em>2008年9月24日，中国上海，刘翔在教练孙海平的指导下，进行力量恢复训练</em><br></p>\n</div>\n<p>那是25岁的刘翔第一次尝到“人情冷暖，世态炎凉”8个字的滋味。也是从那时起，媒体再怎么千方百计地追踪，也很难找到刻意躲避的刘翔。</p>\n<p>2009年北京两会期间，为了能采访到刘翔，密密麻麻的记者一大早就守到人民大会堂东门口等待，可刘翔早已悄悄从西门进去了。退赛后第一次回到莘庄基地，为了躲避记者，刘翔放着久候的汽车不坐，蹬着自行车一头扎进了大雨里，摄影记者举起相机准备拍照，他头也不抬地飞快“逃”回宿舍。</p>\n<p>他花了一年多时间，也没让心里那口气顺过来。晚上睡不着觉，想抽烟喝酒麻痹自己，可“吃草的味道真不好”，喝酒又害怕“喝醉了没人抬我回去”。他后来在访谈节目中回忆，感觉自己不太对劲，想找人揍自己一顿，似乎只有疼痛才能让他清醒和“舒服”。有时候突然觉得，“都这样了，还有什么可留恋的呢，出家得了”。</p>\n<p>直到2017年，刘翔才在《鲁豫有约》中淡淡提及，他想到过退役，可“我能放过自己，别人不会放过自己，这都是每个人的命，我的命”。</p>\n<div style=\"text-align: center;\">\n <img src=\"http://old.duoguyu.com/uploads/ueditor/image/20181008/1538976621104017.jpg\" title=\"“失踪”的刘翔和他的十年\" alt=\"“失踪”的刘翔和他的十年\">\n <p><em>《鲁豫有约》视频截图</em><br></p>\n</div>\n<p>“完了，我的奥运完了”</p>\n<p>虽然并不请愿，但在事后，刘翔曾不止一次地被要求回忆那个难堪的时刻。“为什么选择退赛？”“你在想什么？”“你难过吗？周围发生了什么？”网上很多人骂他，“你为什么不爬到终点去？”</p>\n<p>他说不清楚。那时没有任何伤病经验，他的一切作为都出自“本能”。</p>\n<p>2008年8月18日当天，现场广播里响起“刘翔因伤退赛”的那一瞬间，整个鸟巢立即陷入一片死寂。约10秒钟后，远处有人喊了一声“退票！”这个坐满观众的巨大体育场才慢慢重新活了过来。</p>\n<p>那是中国第一次主办奥运会，成为体育强国的民族自豪感酝酿到了顶点，刘翔那块几乎是铁板钉钉的金牌显然“成色最足”，110米栏决赛的门票在黑市上被炒到了票面价格的20倍以上。他背心上的号码是1356，被解读为“背负着13亿人，56个民族的重托”。</p>\n<p>在家门口参加世界顶级赛事，刘翔做梦都想“在家乡父老面前让五星红旗升到最高处”，可偏偏脚出了问题。跟腱处有3个钙化点，就像在在他鞋底里藏着很多小沙子。他试图“以痛止痛”，入场前使劲用脚踢墙垫，疼得鬼哭狼嚎地叫，整个身体都在发抖。</p>\n<div style=\"text-align: center;\">\n <img src=\"http://old.duoguyu.com/uploads/ueditor/image/20181008/1538976636841190.jpg\" title=\"“失踪”的刘翔和他的十年\" alt=\"“失踪”的刘翔和他的十年\">\n <p><em>2008年8月18日，刘翔因伤而退出比赛</em><br></p>\n</div>\n<p>正如央视记者冬日那所说，“当年雅典大家有多爱他，北京就有多恨他！”</p>\n<p>刘翔的父亲后来告诉媒体，刘翔也想过，是跟别人打个招呼退场，还是鞠个躬退场，后来还是觉得黯然退场比较好。走出赛场，没有一个人敢跟他说话，他也没话可说。鸟巢体育场的一个副场长跑过来安慰刘翔，他主动提出跟对方拍张照片。他觉得自己恐怕要就此告别赛场，再不合影就没机会了。他一批一批地合影，拍了有半个小时。志愿者把他带到休息室时哭了，他没敢看，从冰桶里抓了一把冰盖住眼睛，心里拼命安慰自己，“没关系，没关系，都没关系”。</p>\n<p>“人不可能一直站在高峰没有低谷。”过惯了此前一帆风顺的人生，刘翔试图说服自己“人生总要有一些不一样的经历”。他照常看电视，看报纸，上网看新闻，甚至逼自己去看奥运会退赛的镜头，“这是事实啊，这是过去的事情，你必须得把它记住”。他只是没想到，“一下子大家怎么会变成这样”。</p>\n<p>从那一刻开始，离开赛场的念头总在他脑中徘徊，时不时冒出来。</p>\n<p>身体在缓慢地恢复，走出心理阴影却很难。在美国疗伤期间，刘翔好几次打电话给父亲，说不想练了。据说他曾赌气般地提到“如果再受伤，我就不跑了”，田管中心第二天就出来辟谣，说这是假新闻，还对所有采访下了“封口令”。</p>\n<div style=\"text-align: center;\">\n <img src=\"http://old.duoguyu.com/uploads/ueditor/image/20181008/1538976648897025.jpg\" title=\"“失踪”的刘翔和他的十年\" alt=\"“失踪”的刘翔和他的十年\">\n <p><em>2011年3月9日，北京，刘翔在参加两会期间坚持训练备战即将到来的田径室外赛季</em><br></p>\n</div>\n<p>2009年9月20日，刘翔复出，在黄金联赛上海站得了亚军。据腾讯体育报道，赛后，他在父亲面前嚎啕大哭，眼泪像水龙头一样哗哗地流下来：“我恨，我恨。恨08年的比赛没法比，这么好的机会。我不可能再回到以前那个样子了，我现在就混，我现在不想比赛了。”</p>\n<p>次年5月，国际田联钻石联赛上海站的比赛中，刘翔10年来第一次输给了史冬鹏。他在公开场合大度地表示为对手开心，可当晚还是难过得一宿没睡。他早就说过，运动员都是以失败为结局的，只要国内有运动员超过他，就说明他“不行了，该选择退役了”。</p>\n<p>世事仿佛一个轮回。2012年，再次走上伦敦奥运会的起跑线，伤痛复发的刘翔已预感此次出征“凶多吉少”。但他别无选择，“你断也要断在赛场上，必须给自己一个交代”。他想替自己的人生扳回一局，不想再被骂是临阵脱逃的懦夫。</p>\n<p>疾跑后跨过第一个栏，他用力一蹬，脚踩在栏板上，踏空了。跟腱断掉的一瞬间，他仿佛听到清晰的“嘣”的一声，心里那根弦也断了。</p>\n<p>“完了，我的奥运完了。”他满脑子疯狂地转着这句话，跪倒在跑道上，突然笑了一下，竟然觉得前所未有的轻松，“也挺好，这样也挺好。”</p>\n<p>退出赛场时，他忽然返回，单脚跳到终点，又回头亲吻告别了陪伴自己十多年的老伙伴栏架。他意识到，这可能是他职业生涯中最后一次作为运动员站在起跑线前。跟腱已经缩了上去，他没法再走路，被抬上轮椅离开了赛场。</p>\n<div style=\"text-align: center;\">\n <img src=\"http://old.duoguyu.com/uploads/ueditor/image/20181008/1538976663993514.jpg\" title=\"“失踪”的刘翔和他的十年\" alt=\"“失踪”的刘翔和他的十年\">\n <p><em>2012年8月7日，伦敦，2012奥运会中国军团第11日田径，刘翔退赛亲吻栏架告别</em><br></p>\n</div>\n<p>“如果哪天刘翔不优秀了，请大家原谅他。”哭了半夜，母亲吉粉花在腾讯的访谈节目上略带辛酸地说出了这句话。新闻里和网络上的声音依然刺耳，似乎没有人相信刘翔此举不是在作秀，背后没有巨大的利益支撑。</p>\n<p>“牺牲”在奥运赛场的那一刻，他真正释然了，觉得自己对得起所有人了。他后来在访谈节目中对陈鲁豫说，不敢轻易说出这句话，只是心里暗暗下决心，“以后千万不能这样对自己了，为了家人，为了关心你的人你不能这么做了”。</p>\n<p>躺在伦敦医院里的那几个晚上，是他那段时间睡得最安稳的几天。“作为运动员我尽力了，至于别人怎么评价，我已经学会慢慢看淡了。”</p>\n<p>他接受《新民周刊》采访时透露，自己渴望离开，渴望告别，渴望回到2004年以前无忧无虑的日子。雅典奥运会把他推向了人生最极致的高度，可随之而来的是无穷无尽的烦恼。</p>\n<p>“我身体里最本真的东西还在，谁都抢不走”</p>\n<p>和出道时的惊艳相比，刘翔的告别仪式简陋黯淡得多，甚至显得有些草率。他没有举办新闻发布会，没有话筒和聚光灯，只是在重开不久的微博上发了一篇文章，题目就叫“我的跑道！我的栏”。</p>\n<div style=\"text-align: center;\">\n <img src=\"http://old.duoguyu.com/uploads/ueditor/image/20181008/1538976685586363.jpg\" title=\"“失踪”的刘翔和他的十年\" alt=\"“失踪”的刘翔和他的十年\">\n <p><em>刘翔微博截图</em><br></p>\n</div>\n<p>时间选在2015年4月7日，这个日子比人们预料中要晚得多。他“舍不得离开，还是想着康复，再跑几年”，也有人猜测这是为了维护赞助商的利益。</p>\n<p>每天的八卦新闻花样翻新，时间久了，久未出现在赛场的刘翔早已被逐渐淡忘。意料之中的退役没有激起太大水花，媒体大多送来了祝福，也有人略带伤感地感慨“飞人迟暮”。</p>\n<p>刘翔早就知道，自己总有退役的一天，生活也肯定会回到从前的样子。李宁和朱建华过去也很红，现在照样可以过正常人的生活。他不奢求人们记住他什么，“只希望大家提到刘翔，记得我是个跨栏的就足够了”。</p>\n<p>退役前两年，他就已经试着让自己过普通人的生活。一开始，他经常被邀请参加一些与体育相关的活动，但大多选择礼貌地拒绝，“算了吧”。他在公众面前越来越沉默，曝光率极低，和熟悉的媒体关系越来越疏远，最近一两年连信息都很少再回复。</p>\n<div style=\"text-align: center;\">\n <img src=\"http://old.duoguyu.com/uploads/ueditor/image/20181008/1538976699438751.jpg\" title=\"“失踪”的刘翔和他的十年\" alt=\"“失踪”的刘翔和他的十年\">\n <p><em>2015年5月17日，上海，2015国际田联钻石联赛上海站，刘翔退役仪式举行</em><br></p>\n</div>\n<p>在过去的职业运动员生涯里，刘翔找不到自己，仿佛只是为田径场上那一个目标活着。除了训练，他在生活的其他方面就像是一张白纸，“没怎么谈过恋爱，也没什么朋友”。有一次被记者问到喜欢看最近的哪部热门电影，他都没听说过，自嘲“孤陋寡闻”。后来在美国治疗时，他从网上下载了很多影片装到硬盘里，也不看，都存起来。师傅孙海平让他专心准备比赛，他就立刻上前表决心，“绝不恋爱”。养伤时要补充营养，好不容易吃到最爱的“妈妈菜”炒鳝鱼和松鼠鱼，却被媒体指责胖了30斤。</p>\n<p>他觉得自己“对之前的人生没有掌控”。</p>\n<p>退役后，甩掉了一个“大包袱”，享受着多年未有的自由，终于能以个人身份去做点事情了，他突然不知道自己该做什么了。原先的人生目标一下子消失了，生活没有了动力，他才开始真正寻找自己，思考“刘翔你到底要的是什么，你要的是什么样的生活”。</p>\n<p>刚退役那段时间，他时常回莘庄跑步，“做梦还会梦到参加比赛的情形”。后来慢慢去得少了，只是跟师傅孙海平偶尔电话联系。孙海平听得出来，刘翔需要一段时间休整，处理自己的事情。</p>\n<p>自称“腿长、颜好、跑得快”的刘翔，尝试过很多种可能性。他与体育界好友保持过一段时间互动，上过好几档综艺节目，与赞助商合作举办公益活动，闪婚闪离，兜兜转转又回到了初恋女友的身边。</p>\n<div style=\"text-align: center;\">\n <img src=\"http://old.duoguyu.com/uploads/ueditor/image/20181008/1538976710108343.gif\" title=\"“失踪”的刘翔和他的十年\" alt=\"“失踪”的刘翔和他的十年\">\n <p><em>刘翔在综艺中《极速前进》突破自我，cos美少女战士</em><br></p>\n</div>\n<p>注销了运动员资格证后，再也不用每天到国际田联网站报备自己的行踪，可他仍然极度自律，体重管理得很好，录制真人秀时永远第一个到，一天内认真地连刷30条微博配合宣传，尽管评论少得可怜，只有十几条。</p>\n<p>他没有担任任何行政和社会职务，只是想“读读书，沉淀一下自己”。他在华东师范大学读体育管理专业的博士生，考试前祈祷自己能“全蒙对”，放假了兴奋不已，开学前一天四脚朝天躺在草地上拍照以示“绝望”。</p>\n<p>他花了一年多时间调整，“要为自己想一想，为自己打算一下”。2017年，他的微博停更了一年，真正的刘翔到底应该是什么样，他还在试着寻找。</p>\n<p>“不着急。跨栏特别重要的是掌握好节奏，退役后，我也在寻找新的节奏。”刘翔在接受媒体采访时说。“回归平凡”后，他沉静了很多，想起过去骄傲张扬、有点“嘚瑟”的自己，会忍不住失笑，“现在还这样，人家会说这人好傻”。</p>\n<div style=\"text-align: center;\">\n <img src=\"http://old.duoguyu.com/uploads/ueditor/image/20181008/1538976722805697.jpg\" title=\"“失踪”的刘翔和他的十年\" alt=\"“失踪”的刘翔和他的十年\">\n</div>\n<p>“很多人把我想得很悲情，好像我在这个运动里受了多大的伤害，有多大的委屈似的，其实我自己真的没有这样的感觉。”刘翔2017年接受《南方人物周刊》采访时说，“我还是感谢这个项目，感谢很多人，我只是10个栏架之间跑得比别人快一点而已，但我从这110米里得到了太多。”</p>\n<p>他明白自己的幸运，世界上没几个人可以拿奥运冠军，多少人排着队断跟腱，也抢不到这个机会。正如他在访谈节目中所说，“一个时代能够刮一阵风，我觉得我就足够了，我很知足了。”</p>\n<p>“向刘翔道歉”的风刮了过去，沉浸在自我满足中的网友们又忘了寻找刘翔。可谁也找不到的刘翔知道，“我还在”。“我身体里最本真的东西还在，谁都抢不走。”</p>\n<p><br></p>', null);
INSERT INTO `cms_article_content` VALUES ('9040', '<p style=\"-webkit-tap-highlight-color: transparent; box-sizing: border-box; margin-top: 16px; margin-bottom: 16px; padding: 0px; color: rgb(34, 34, 34); font-family: &quot;PingFang SC&quot;, &quot;Hiragino Sans GB&quot;, &quot;Microsoft YaHei&quot;, &quot;WenQuanYi Micro Hei&quot;, &quot;Helvetica Neue&quot;, Arial, sans-serif; white-space: normal; background-color: rgb(255, 255, 255);\">转眼间6月份即将结束，买车君认为这个月对汽车行业来说具有独特的历史意义。6月6日，国家发改委表示严禁各地出台新的汽车限购规定，对新能源汽车实行的限行限购应当取消；6月24日，工信部宣布取消在业内存在4年之久的新能源汽车动力电池“白名单”；6月25日，新能源汽车的补贴过渡期正式结束，新补贴政策会正式上线。</p><p><img src=\"http://p1.pstatp.com/large/pgc-image/4b5b725fa1f74d13a8a156e0507e6d5d\" img_width=\"1080\" img_height=\"719\" alt=\"恐慌中，最严国六和新购置税法将在下周共同实施\" inline=\"0\" style=\"-webkit-tap-highlight-color: transparent; box-sizing: border-box; border-style: none; max-width: 100%; display: block; margin: 10px auto;\"/></p><p class=\"pgc-img-caption\" style=\"-webkit-tap-highlight-color: transparent; box-sizing: border-box; margin-top: 0px; margin-bottom: 0px; padding: 0px; text-align: center; font-size: 12px; color: rgb(119, 119, 119); line-height: 16px;\"><br/></p><p style=\"-webkit-tap-highlight-color: transparent; box-sizing: border-box; margin-top: 16px; margin-bottom: 16px; padding: 0px; color: rgb(34, 34, 34); font-family: &quot;PingFang SC&quot;, &quot;Hiragino Sans GB&quot;, &quot;Microsoft YaHei&quot;, &quot;WenQuanYi Micro Hei&quot;, &quot;Helvetica Neue&quot;, Arial, sans-serif; white-space: normal; background-color: rgb(255, 255, 255);\"><br/></p><p style=\"-webkit-tap-highlight-color: transparent; box-sizing: border-box; margin-top: 16px; margin-bottom: 16px; padding: 0px; color: rgb(34, 34, 34); font-family: &quot;PingFang SC&quot;, &quot;Hiragino Sans GB&quot;, &quot;Microsoft YaHei&quot;, &quot;WenQuanYi Micro Hei&quot;, &quot;Helvetica Neue&quot;, Arial, sans-serif; white-space: normal; background-color: rgb(255, 255, 255);\">与6月相比，7月份也同样不简单。因为从7月1日起，汽车行业将又有一些新规开始实施，如果你接下来准备买车，不妨先了解一下。</p><p style=\"-webkit-tap-highlight-color: transparent; box-sizing: border-box; margin-top: 16px; margin-bottom: 16px; padding: 0px; color: rgb(34, 34, 34); font-family: &quot;PingFang SC&quot;, &quot;Hiragino Sans GB&quot;, &quot;Microsoft YaHei&quot;, &quot;WenQuanYi Micro Hei&quot;, &quot;Helvetica Neue&quot;, Arial, sans-serif; white-space: normal; background-color: rgb(255, 255, 255);\"><span style=\"-webkit-tap-highlight-color: transparent; box-sizing: border-box; font-weight: 700;\">国六排放标准</span></p><p style=\"-webkit-tap-highlight-color: transparent; box-sizing: border-box; margin-top: 16px; margin-bottom: 16px; padding: 0px; color: rgb(34, 34, 34); font-family: &quot;PingFang SC&quot;, &quot;Hiragino Sans GB&quot;, &quot;Microsoft YaHei&quot;, &quot;WenQuanYi Micro Hei&quot;, &quot;Helvetica Neue&quot;, Arial, sans-serif; white-space: normal; background-color: rgb(255, 255, 255);\">国六排放标准大家都有所了解，本来该政策全国全面实施时间设定在2020年7月，但在巨大的环境压力下，全国有十余个省市将国六排放标准提前到2019年7月1日起实施。一旦“国六”开始执行，车企出厂销售的车辆，必须满足国六排放标准，不符合排放标准的车辆将被禁止销售、注册和转入。</p><p><img src=\"http://p3.pstatp.com/large/pgc-image/1a1e5d6d318c49de9ad2dccb4281b9c6\" img_width=\"961\" img_height=\"693\" alt=\"恐慌中，最严国六和新购置税法将在下周共同实施\" inline=\"0\" style=\"-webkit-tap-highlight-color: transparent; box-sizing: border-box; border-style: none; max-width: 100%; display: block; margin: 10px auto;\"/></p><p class=\"pgc-img-caption\" style=\"-webkit-tap-highlight-color: transparent; box-sizing: border-box; margin-top: 0px; margin-bottom: 0px; padding: 0px; text-align: center; font-size: 12px; color: rgb(119, 119, 119); line-height: 16px;\"><br/></p><p style=\"-webkit-tap-highlight-color: transparent; box-sizing: border-box; margin-top: 16px; margin-bottom: 16px; padding: 0px; color: rgb(34, 34, 34); font-family: &quot;PingFang SC&quot;, &quot;Hiragino Sans GB&quot;, &quot;Microsoft YaHei&quot;, &quot;WenQuanYi Micro Hei&quot;, &quot;Helvetica Neue&quot;, Arial, sans-serif; white-space: normal; background-color: rgb(255, 255, 255);\"><br/></p><p style=\"-webkit-tap-highlight-color: transparent; box-sizing: border-box; margin-top: 16px; margin-bottom: 16px; padding: 0px; color: rgb(34, 34, 34); font-family: &quot;PingFang SC&quot;, &quot;Hiragino Sans GB&quot;, &quot;Microsoft YaHei&quot;, &quot;WenQuanYi Micro Hei&quot;, &quot;Helvetica Neue&quot;, Arial, sans-serif; white-space: normal; background-color: rgb(255, 255, 255);\">这次虽然提前实施的只有十余个城市，但它们的影响力却不小，因为这些城市的销量占全国乘用车市场的60%-70%，也不难理解为何车企们都那么紧张。作为目前世界上最严格的排放标准之一，要让发动机符合“国六”也并非易事，它不仅有技术门槛要求，也有成本上涨压力，这对于那些尚未做足准备功课的车企来说确实是个不小的考验。</p><p><img src=\"http://p1.pstatp.com/large/pgc-image/6257c34acc3d49a585e9cecdb8234fd8\" img_width=\"1080\" img_height=\"610\" alt=\"恐慌中，最严国六和新购置税法将在下周共同实施\" inline=\"0\" style=\"-webkit-tap-highlight-color: transparent; box-sizing: border-box; border-style: none; max-width: 100%; display: block; margin: 10px auto;\"/></p><p class=\"pgc-img-caption\" style=\"-webkit-tap-highlight-color: transparent; box-sizing: border-box; margin-top: 0px; margin-bottom: 0px; padding: 0px; text-align: center; font-size: 12px; color: rgb(119, 119, 119); line-height: 16px;\"><br/></p><p style=\"-webkit-tap-highlight-color: transparent; box-sizing: border-box; margin-top: 16px; margin-bottom: 16px; padding: 0px; color: rgb(34, 34, 34); font-family: &quot;PingFang SC&quot;, &quot;Hiragino Sans GB&quot;, &quot;Microsoft YaHei&quot;, &quot;WenQuanYi Micro Hei&quot;, &quot;Helvetica Neue&quot;, Arial, sans-serif; white-space: normal; background-color: rgb(255, 255, 255);\"><br/></p><p style=\"-webkit-tap-highlight-color: transparent; box-sizing: border-box; margin-top: 16px; margin-bottom: 16px; padding: 0px; color: rgb(34, 34, 34); font-family: &quot;PingFang SC&quot;, &quot;Hiragino Sans GB&quot;, &quot;Microsoft YaHei&quot;, &quot;WenQuanYi Micro Hei&quot;, &quot;Helvetica Neue&quot;, Arial, sans-serif; white-space: normal; background-color: rgb(255, 255, 255);\">据买车君了解，目前合资品牌基本都有国六车型在售。但各品牌的节奏不一，有些品牌只是少数几款车型有国六版本，有些品牌的所有主力车型均完成了国六排放的切换。以上汽通用旗下三大品牌为例，在提前实施国六标准的地区已基本做到全系产品满足国六b，尤其1.3T+ CVT为代表的第八代Ecotec发动机系列，应用Smart propulsion智驱科技，一步到位满足国六b，动力油耗表现进一步优化升级，更具市场竞争力。</p><p><img src=\"http://p1.pstatp.com/large/pgc-image/f4933f7e6b2146199ee035ab3030f7b9\" img_width=\"1080\" img_height=\"810\" alt=\"恐慌中，最严国六和新购置税法将在下周共同实施\" inline=\"0\" style=\"-webkit-tap-highlight-color: transparent; box-sizing: border-box; border-style: none; max-width: 100%; display: block; margin: 10px auto;\"/></p><p class=\"pgc-img-caption\" style=\"-webkit-tap-highlight-color: transparent; box-sizing: border-box; margin-top: 0px; margin-bottom: 0px; padding: 0px; text-align: center; font-size: 12px; color: rgb(119, 119, 119); line-height: 16px;\"><br/></p><p style=\"-webkit-tap-highlight-color: transparent; box-sizing: border-box; margin-top: 16px; margin-bottom: 16px; padding: 0px; color: rgb(34, 34, 34); font-family: &quot;PingFang SC&quot;, &quot;Hiragino Sans GB&quot;, &quot;Microsoft YaHei&quot;, &quot;WenQuanYi Micro Hei&quot;, &quot;Helvetica Neue&quot;, Arial, sans-serif; white-space: normal; background-color: rgb(255, 255, 255);\"><br/></p><p style=\"-webkit-tap-highlight-color: transparent; box-sizing: border-box; margin-top: 16px; margin-bottom: 16px; padding: 0px; color: rgb(34, 34, 34); font-family: &quot;PingFang SC&quot;, &quot;Hiragino Sans GB&quot;, &quot;Microsoft YaHei&quot;, &quot;WenQuanYi Micro Hei&quot;, &quot;Helvetica Neue&quot;, Arial, sans-serif; white-space: normal; background-color: rgb(255, 255, 255);\">如果大部分车企的车型都无法推出国六版本，那消费者将是该政策的受害者。首先，他们近期将会面临可选车型减少的局面，买车君从机动车环保网统计的国六车型目录中查询发现，目前已经有超过400款的国六车型登上目录，但仍有十多家企业尚未有任何一款国六车型在列。这也意味着7月份之后，那些没有国六车型的品牌将陷入无车可卖的尴尬境地，而消费者可选车型的范围也会缩小。</p><p><img src=\"http://p1.pstatp.com/large/pgc-image/139e34cbd4624a17ba703124250d0f21\" img_width=\"1080\" img_height=\"664\" alt=\"恐慌中，最严国六和新购置税法将在下周共同实施\" inline=\"0\" style=\"-webkit-tap-highlight-color: transparent; box-sizing: border-box; border-style: none; max-width: 100%; display: block; margin: 10px auto;\"/></p><p class=\"pgc-img-caption\" style=\"-webkit-tap-highlight-color: transparent; box-sizing: border-box; margin-top: 0px; margin-bottom: 0px; padding: 0px; text-align: center; font-size: 12px; color: rgb(119, 119, 119); line-height: 16px;\"><br/></p><p style=\"-webkit-tap-highlight-color: transparent; box-sizing: border-box; margin-top: 16px; margin-bottom: 16px; padding: 0px; color: rgb(34, 34, 34); font-family: &quot;PingFang SC&quot;, &quot;Hiragino Sans GB&quot;, &quot;Microsoft YaHei&quot;, &quot;WenQuanYi Micro Hei&quot;, &quot;Helvetica Neue&quot;, Arial, sans-serif; white-space: normal; background-color: rgb(255, 255, 255);\"><br/></p><p style=\"-webkit-tap-highlight-color: transparent; box-sizing: border-box; margin-top: 16px; margin-bottom: 16px; padding: 0px; color: rgb(34, 34, 34); font-family: &quot;PingFang SC&quot;, &quot;Hiragino Sans GB&quot;, &quot;Microsoft YaHei&quot;, &quot;WenQuanYi Micro Hei&quot;, &quot;Helvetica Neue&quot;, Arial, sans-serif; white-space: normal; background-color: rgb(255, 255, 255);\">同时，如果你是个大排量发动机的忠实拥趸，在执行国六标准后很有可能你要“忍痛割爱”，因为很多大排量的进口车都达不到国六排放标准，类似野马、陆地巡洋舰、途乐都会受此波及。</p><p style=\"-webkit-tap-highlight-color: transparent; box-sizing: border-box; margin-top: 16px; margin-bottom: 16px; padding: 0px; color: rgb(34, 34, 34); font-family: &quot;PingFang SC&quot;, &quot;Hiragino Sans GB&quot;, &quot;Microsoft YaHei&quot;, &quot;WenQuanYi Micro Hei&quot;, &quot;Helvetica Neue&quot;, Arial, sans-serif; white-space: normal; background-color: rgb(255, 255, 255);\">更关键的是，相同车型的国六版本会比国五版本的售价要高，毕竟国五到国六在技术升级上也有成本增加。即使个别车型官方售价不变，但终端优惠也没以往那么多。总之，如果不急于用车，可以静观一段时间，后期买国六车型会更合算一些。</p><p><img src=\"http://p1.pstatp.com/large/pgc-image/803976435e6a449288b82630243503f0\" img_width=\"1080\" img_height=\"100\" alt=\"恐慌中，最严国六和新购置税法将在下周共同实施\" inline=\"0\" style=\"-webkit-tap-highlight-color: transparent; box-sizing: border-box; border-style: none; max-width: 100%; display: block; margin: 10px auto;\"/></p><p class=\"pgc-img-caption\" style=\"-webkit-tap-highlight-color: transparent; box-sizing: border-box; margin-top: 0px; margin-bottom: 0px; padding: 0px; text-align: center; font-size: 12px; color: rgb(119, 119, 119); line-height: 16px;\"><br/></p><p style=\"-webkit-tap-highlight-color: transparent; box-sizing: border-box; margin-top: 16px; margin-bottom: 16px; padding: 0px; color: rgb(34, 34, 34); font-family: &quot;PingFang SC&quot;, &quot;Hiragino Sans GB&quot;, &quot;Microsoft YaHei&quot;, &quot;WenQuanYi Micro Hei&quot;, &quot;Helvetica Neue&quot;, Arial, sans-serif; white-space: normal; background-color: rgb(255, 255, 255);\"><br/></p><p style=\"-webkit-tap-highlight-color: transparent; box-sizing: border-box; margin-top: 16px; margin-bottom: 16px; padding: 0px; color: rgb(34, 34, 34); font-family: &quot;PingFang SC&quot;, &quot;Hiragino Sans GB&quot;, &quot;Microsoft YaHei&quot;, &quot;WenQuanYi Micro Hei&quot;, &quot;Helvetica Neue&quot;, Arial, sans-serif; white-space: normal; background-color: rgb(255, 255, 255);\">总的来说，国六排放标准的实施虽然给车企带来了不少难题，也增加了消费者的购车成本。但是，国六排放标准的到来，无论是对汽车行业的未来发展，还是对整个人类出行环境来说都是百益而无一害的。</p><p style=\"-webkit-tap-highlight-color: transparent; box-sizing: border-box; margin-top: 16px; margin-bottom: 16px; padding: 0px; color: rgb(34, 34, 34); font-family: &quot;PingFang SC&quot;, &quot;Hiragino Sans GB&quot;, &quot;Microsoft YaHei&quot;, &quot;WenQuanYi Micro Hei&quot;, &quot;Helvetica Neue&quot;, Arial, sans-serif; white-space: normal; background-color: rgb(255, 255, 255);\"><span style=\"-webkit-tap-highlight-color: transparent; box-sizing: border-box; font-weight: 700;\">新汽车购置税法</span></p><p style=\"-webkit-tap-highlight-color: transparent; box-sizing: border-box; margin-top: 16px; margin-bottom: 16px; padding: 0px; color: rgb(34, 34, 34); font-family: &quot;PingFang SC&quot;, &quot;Hiragino Sans GB&quot;, &quot;Microsoft YaHei&quot;, &quot;WenQuanYi Micro Hei&quot;, &quot;Helvetica Neue&quot;, Arial, sans-serif; white-space: normal; background-color: rgb(255, 255, 255);\">除了国六之外，新汽车购置税法也将在2019年7月1日实施，税率为10%。新政策下的购置税法，最明显的变化是计税的依据，此前是根据厂商指导价或者开具的发票金额进行计算，现在则是根据新车的成交价格来计算。</p><p><img src=\"http://p3.pstatp.com/large/pgc-image/bd046ea837314bf19500fbf5a6319a4e\" img_width=\"1080\" img_height=\"719\" alt=\"恐慌中，最严国六和新购置税法将在下周共同实施\" inline=\"0\" style=\"-webkit-tap-highlight-color: transparent; box-sizing: border-box; border-style: none; max-width: 100%; display: block; margin: 10px auto;\"/></p><p class=\"pgc-img-caption\" style=\"-webkit-tap-highlight-color: transparent; box-sizing: border-box; margin-top: 0px; margin-bottom: 0px; padding: 0px; text-align: center; font-size: 12px; color: rgb(119, 119, 119); line-height: 16px;\"><br/></p><p style=\"-webkit-tap-highlight-color: transparent; box-sizing: border-box; margin-top: 16px; margin-bottom: 16px; padding: 0px; color: rgb(34, 34, 34); font-family: &quot;PingFang SC&quot;, &quot;Hiragino Sans GB&quot;, &quot;Microsoft YaHei&quot;, &quot;WenQuanYi Micro Hei&quot;, &quot;Helvetica Neue&quot;, Arial, sans-serif; white-space: normal; background-color: rgb(255, 255, 255);\"><br/></p><p style=\"-webkit-tap-highlight-color: transparent; box-sizing: border-box; margin-top: 16px; margin-bottom: 16px; padding: 0px; color: rgb(34, 34, 34); font-family: &quot;PingFang SC&quot;, &quot;Hiragino Sans GB&quot;, &quot;Microsoft YaHei&quot;, &quot;WenQuanYi Micro Hei&quot;, &quot;Helvetica Neue&quot;, Arial, sans-serif; white-space: normal; background-color: rgb(255, 255, 255);\">举个简单的例子，如果一辆官方指导价为20万元的车型，现在有3万元的终端优惠。在7月1日以前，按照官方指导价申报计税价格，消费者所需缴纳的购置税为20万÷（1+13%）×10%=17699元。而在7月1日以后，按照实际的购买价格申报计税价格，那么购置税为17万÷（1+13%）×10%=15044元，相比旧政策消费者节省了2655元。</p><p><img src=\"http://p1.pstatp.com/large/pgc-image/280203fb78d24ac99403696df184de0c\" img_width=\"1080\" img_height=\"608\" alt=\"恐慌中，最严国六和新购置税法将在下周共同实施\" inline=\"0\" style=\"-webkit-tap-highlight-color: transparent; box-sizing: border-box; border-style: none; max-width: 100%; display: block; margin: 10px auto;\"/></p><p class=\"pgc-img-caption\" style=\"-webkit-tap-highlight-color: transparent; box-sizing: border-box; margin-top: 0px; margin-bottom: 0px; padding: 0px; text-align: center; font-size: 12px; color: rgb(119, 119, 119); line-height: 16px;\"><br/></p><p style=\"-webkit-tap-highlight-color: transparent; box-sizing: border-box; margin-top: 16px; margin-bottom: 16px; padding: 0px; color: rgb(34, 34, 34); font-family: &quot;PingFang SC&quot;, &quot;Hiragino Sans GB&quot;, &quot;Microsoft YaHei&quot;, &quot;WenQuanYi Micro Hei&quot;, &quot;Helvetica Neue&quot;, Arial, sans-serif; white-space: normal; background-color: rgb(255, 255, 255);\"><br/></p><p style=\"-webkit-tap-highlight-color: transparent; box-sizing: border-box; margin-top: 16px; margin-bottom: 16px; padding: 0px; color: rgb(34, 34, 34); font-family: &quot;PingFang SC&quot;, &quot;Hiragino Sans GB&quot;, &quot;Microsoft YaHei&quot;, &quot;WenQuanYi Micro Hei&quot;, &quot;Helvetica Neue&quot;, Arial, sans-serif; white-space: normal; background-color: rgb(255, 255, 255);\">不过，政府为了防止偷税漏税，也针对每款车型的购置税设定一个最低征收额，即便购车发票金额远低于市场平均价格，也要按照最低征收额来缴税。当然，如果你是加价提车，那么计税价格则要算上加价的金额，所缴纳的购置税自然也就更高了。</p><p><img src=\"http://p3.pstatp.com/large/pgc-image/f60a9a3187c44fd488c02ac77a6e70c3\" img_width=\"1080\" img_height=\"810\" alt=\"恐慌中，最严国六和新购置税法将在下周共同实施\" inline=\"0\" style=\"-webkit-tap-highlight-color: transparent; box-sizing: border-box; border-style: none; max-width: 100%; display: block; margin: 10px auto;\"/></p><p class=\"pgc-img-caption\" style=\"-webkit-tap-highlight-color: transparent; box-sizing: border-box; margin-top: 0px; margin-bottom: 0px; padding: 0px; text-align: center; font-size: 12px; color: rgb(119, 119, 119); line-height: 16px;\"><br/></p><p style=\"-webkit-tap-highlight-color: transparent; box-sizing: border-box; margin-top: 16px; margin-bottom: 16px; padding: 0px; color: rgb(34, 34, 34); font-family: &quot;PingFang SC&quot;, &quot;Hiragino Sans GB&quot;, &quot;Microsoft YaHei&quot;, &quot;WenQuanYi Micro Hei&quot;, &quot;Helvetica Neue&quot;, Arial, sans-serif; white-space: normal; background-color: rgb(255, 255, 255);\"><br/></p><p style=\"-webkit-tap-highlight-color: transparent; box-sizing: border-box; margin-top: 16px; margin-bottom: 16px; padding: 0px; color: rgb(34, 34, 34); font-family: &quot;PingFang SC&quot;, &quot;Hiragino Sans GB&quot;, &quot;Microsoft YaHei&quot;, &quot;WenQuanYi Micro Hei&quot;, &quot;Helvetica Neue&quot;, Arial, sans-serif; white-space: normal; background-color: rgb(255, 255, 255);\">同时，新政还提到了退车可申请退还购置税。比如某车主买了一辆20万元的车型，缴纳的购置税为17699元。在使用了1年以后，由于某种原因与车企协商退车，那么可以申请退还的购置税为17699×（1-1×10%）=15929元。</p><p><img src=\"http://p1.pstatp.com/large/pgc-image/803976435e6a449288b82630243503f0\" img_width=\"1080\" img_height=\"100\" alt=\"恐慌中，最严国六和新购置税法将在下周共同实施\" inline=\"0\" style=\"-webkit-tap-highlight-color: transparent; box-sizing: border-box; border-style: none; max-width: 100%; display: block; margin: 10px auto;\"/></p><p class=\"pgc-img-caption\" style=\"-webkit-tap-highlight-color: transparent; box-sizing: border-box; margin-top: 0px; margin-bottom: 0px; padding: 0px; text-align: center; font-size: 12px; color: rgb(119, 119, 119); line-height: 16px;\"><br/></p><p style=\"-webkit-tap-highlight-color: transparent; box-sizing: border-box; margin-top: 16px; margin-bottom: 16px; padding: 0px; color: rgb(34, 34, 34); font-family: &quot;PingFang SC&quot;, &quot;Hiragino Sans GB&quot;, &quot;Microsoft YaHei&quot;, &quot;WenQuanYi Micro Hei&quot;, &quot;Helvetica Neue&quot;, Arial, sans-serif; white-space: normal; background-color: rgb(255, 255, 255);\"><br/></p><p style=\"-webkit-tap-highlight-color: transparent; box-sizing: border-box; margin-top: 16px; margin-bottom: 16px; padding: 0px; color: rgb(34, 34, 34); font-family: &quot;PingFang SC&quot;, &quot;Hiragino Sans GB&quot;, &quot;Microsoft YaHei&quot;, &quot;WenQuanYi Micro Hei&quot;, &quot;Helvetica Neue&quot;, Arial, sans-serif; white-space: normal; background-color: rgb(255, 255, 255);\">新购置税法的推出，不仅让消费者的纳税金额更合理，也避免了经销商在交易过程中偷税漏税的行为。不过，新购置税法出台以后，可能很难再享受到类似“购置税减半”优惠政策了。但是从长远来看，这样有利于行业更平稳的发展。</p><p><img src=\"http://p3.pstatp.com/large/pgc-image/042171d822c944f1847862f56b2ca5bc\" img_width=\"1080\" img_height=\"346\" alt=\"恐慌中，最严国六和新购置税法将在下周共同实施\" inline=\"0\" style=\"-webkit-tap-highlight-color: transparent; box-sizing: border-box; border-style: none; max-width: 100%; display: block; margin: 10px auto;\"/></p><p class=\"pgc-img-caption\" style=\"-webkit-tap-highlight-color: transparent; box-sizing: border-box; margin-top: 0px; margin-bottom: 0px; padding: 0px; text-align: center; font-size: 12px; color: rgb(119, 119, 119); line-height: 16px;\"><br/></p><p style=\"-webkit-tap-highlight-color: transparent; box-sizing: border-box; margin-top: 16px; margin-bottom: 16px; padding: 0px; color: rgb(34, 34, 34); font-family: &quot;PingFang SC&quot;, &quot;Hiragino Sans GB&quot;, &quot;Microsoft YaHei&quot;, &quot;WenQuanYi Micro Hei&quot;, &quot;Helvetica Neue&quot;, Arial, sans-serif; white-space: normal; background-color: rgb(255, 255, 255);\"><br/></p><p style=\"-webkit-tap-highlight-color: transparent; box-sizing: border-box; margin-top: 16px; margin-bottom: 16px; padding: 0px; color: rgb(34, 34, 34); font-family: &quot;PingFang SC&quot;, &quot;Hiragino Sans GB&quot;, &quot;Microsoft YaHei&quot;, &quot;WenQuanYi Micro Hei&quot;, &quot;Helvetica Neue&quot;, Arial, sans-serif; white-space: normal; background-color: rgb(255, 255, 255);\">从7月份实施的新政来看，都与消费者的“荷包”息息相关。比如国六标准的来袭，在短时间内势必会增加消费者的购车成本；好在新购置税政策对消费者来说还是比较友好的，至少税费会比之前减少，这相对来说还是个好消息。</p><p><br/></p>', null);
INSERT INTO `cms_article_content` VALUES ('9160', '<p style=\"-webkit-tap-highlight-color: transparent; box-sizing: border-box; margin-top: 16px; margin-bottom: 16px; padding: 0px; color: rgb(34, 34, 34); font-family: \" pingfang=\"\" hiragino=\"\" sans=\"\" microsoft=\"\" wenquanyi=\"\" micro=\"\" helvetica=\"\" white-space:=\"\" background-color:=\"\">40岁的乔布斯在一次接受访谈时表示，“追求极致，分享给同类，这样人类才能共同进步。”</p><p><img src=\"http://p1.pstatp.com/large/pgc-image/52104d95001b44f39bcb644fd8c06042\" img_width=\"800\" img_height=\"594\" alt=\"似疯狂，胜疯狂，与奔驰对标，是WEY追求极致的中式豪华\" inline=\"0\" style=\"-webkit-tap-highlight-color: transparent; box-sizing: border-box; border-style: none; max-width: 100%; display: block; margin: 10px auto;\"/></p><p class=\"pgc-img-caption\" style=\"-webkit-tap-highlight-color: transparent; box-sizing: border-box; margin-top: 0px; margin-bottom: 0px; padding: 0px; text-align: center; font-size: 12px; color: rgb(119, 119, 119); line-height: 16px;\"><br/></p><p class=\"ql-align-center\" style=\"-webkit-tap-highlight-color: transparent; box-sizing: border-box; margin-top: 16px; margin-bottom: 16px; padding: 0px; color: rgb(34, 34, 34); font-family: \" pingfang=\"\" hiragino=\"\" sans=\"\" microsoft=\"\" wenquanyi=\"\" micro=\"\" helvetica=\"\" white-space:=\"\" background-color:=\"\"><br style=\"-webkit-tap-highlight-color: transparent; box-sizing: border-box;\"/></p><p style=\"-webkit-tap-highlight-color: transparent; box-sizing: border-box; margin-top: 16px; margin-bottom: 16px; padding: 0px; color: rgb(34, 34, 34); font-family: \" pingfang=\"\" hiragino=\"\" sans=\"\" microsoft=\"\" wenquanyi=\"\" micro=\"\" helvetica=\"\" white-space:=\"\" background-color:=\"\">这并不是乔布斯夸夸其谈，因为他曾为了第一个销售超百亿的爆款——Apple II的箱子设计，而否决了潘通公司提供的超2000种米黄色选择。毫不夸张地说，追求极致是乔布斯时代的苹果能傲视群雄的“无上神功”。</p><p style=\"-webkit-tap-highlight-color: transparent; box-sizing: border-box; margin-top: 16px; margin-bottom: 16px; padding: 0px; color: rgb(34, 34, 34); font-family: \" pingfang=\"\" hiragino=\"\" sans=\"\" microsoft=\"\" wenquanyi=\"\" micro=\"\" helvetica=\"\" white-space:=\"\" background-color:=\"\">1985年4月的张瑞敏收到一封用户投诉海尔冰箱质量问题的信函，在确认仓库里的400多台冰箱中有76台不合格后，抡起大锤将其全部砸毁。在追求极致的理念驱动下，海尔在世界品牌实验室<span style=\"-webkit-tap-highlight-color: transparent; box-sizing: border-box; font-weight: 700;\">(World Brand Lab)</span>发布的2018年《中国500最具价值品牌》的报告中，以品牌价值3502.78亿元居第三位。</p><p><img src=\"http://p1.pstatp.com/large/pgc-image/875a5e74681045ffbc21da47f5a24f92\" img_width=\"800\" img_height=\"768\" alt=\"似疯狂，胜疯狂，与奔驰对标，是WEY追求极致的中式豪华\" inline=\"0\" style=\"-webkit-tap-highlight-color: transparent; box-sizing: border-box; border-style: none; max-width: 100%; display: block; margin: 10px auto;\"/></p><p class=\"pgc-img-caption\" style=\"-webkit-tap-highlight-color: transparent; box-sizing: border-box; margin-top: 0px; margin-bottom: 0px; padding: 0px; text-align: center; font-size: 12px; color: rgb(119, 119, 119); line-height: 16px;\"><br/></p><p class=\"ql-align-center\" style=\"-webkit-tap-highlight-color: transparent; box-sizing: border-box; margin-top: 16px; margin-bottom: 16px; padding: 0px; color: rgb(34, 34, 34); font-family: \" pingfang=\"\" hiragino=\"\" sans=\"\" microsoft=\"\" wenquanyi=\"\" micro=\"\" helvetica=\"\" white-space:=\"\" background-color:=\"\"><br style=\"-webkit-tap-highlight-color: transparent; box-sizing: border-box;\"/></p><p style=\"-webkit-tap-highlight-color: transparent; box-sizing: border-box; margin-top: 16px; margin-bottom: 16px; padding: 0px; color: rgb(34, 34, 34); font-family: \" pingfang=\"\" hiragino=\"\" sans=\"\" microsoft=\"\" wenquanyi=\"\" micro=\"\" helvetica=\"\" white-space:=\"\" background-color:=\"\">无独有偶，1999年7月时任长安汽车总裁的尹家绪也采取了一次极致的举动，在广场上砸掉了有问题的5辆汽车和10个车身，从此在追求极致产品质量的路上开启了长安在面包车市场的8年黄金期。</p><p style=\"-webkit-tap-highlight-color: transparent; box-sizing: border-box; margin-top: 16px; margin-bottom: 16px; padding: 0px; color: rgb(34, 34, 34); font-family: \" pingfang=\"\" hiragino=\"\" sans=\"\" microsoft=\"\" wenquanyi=\"\" micro=\"\" helvetica=\"\" white-space:=\"\" background-color:=\"\">以上种种，或可表明，企业或品牌在向上发展的过程中，基于正向的市场逻辑<span style=\"-webkit-tap-highlight-color: transparent; box-sizing: border-box; font-weight: 700;\">（以消费为导向，有益于发展）</span>，哪怕是采取一些极致的手段或走非寻常的路，也可有利于其脱颖而出。</p><p style=\"-webkit-tap-highlight-color: transparent; box-sizing: border-box; margin-top: 16px; margin-bottom: 16px; padding: 0px; color: rgb(34, 34, 34); font-family: \" pingfang=\"\" hiragino=\"\" sans=\"\" microsoft=\"\" wenquanyi=\"\" micro=\"\" helvetica=\"\" white-space:=\"\" background-color:=\"\"><span style=\"-webkit-tap-highlight-color: transparent; box-sizing: border-box; font-weight: 700;\">01</span></p><p style=\"-webkit-tap-highlight-color: transparent; box-sizing: border-box; margin-top: 16px; margin-bottom: 16px; padding: 0px; color: rgb(34, 34, 34); font-family: \" pingfang=\"\" hiragino=\"\" sans=\"\" microsoft=\"\" wenquanyi=\"\" micro=\"\" helvetica=\"\" white-space:=\"\" background-color:=\"\"><span style=\"-webkit-tap-highlight-color: transparent; box-sizing: border-box; font-weight: 700;\">WEY品牌的极致行为</span></p><p style=\"-webkit-tap-highlight-color: transparent; box-sizing: border-box; margin-top: 16px; margin-bottom: 16px; padding: 0px; color: rgb(34, 34, 34); font-family: \" pingfang=\"\" hiragino=\"\" sans=\"\" microsoft=\"\" wenquanyi=\"\" micro=\"\" helvetica=\"\" white-space:=\"\" background-color:=\"\">当前，车市不确定因素颇多，在合规条件下，企业若敢于突破常规，或也不失为破局的良策。日前，网络上流传一则信息，成立两年多的WEY品牌公然在数十家4S店内的显眼位置各摆出了一台奔驰GLC。据说，此举是为了开展一项名为“WEY式调研”的行动；毫无疑问，这算得上一次疯狂的极致行为。</p><p><img src=\"http://p3.pstatp.com/large/pgc-image/9a4df6cc4e9a4db2a7bb4aea73628406\" img_width=\"800\" img_height=\"526\" alt=\"似疯狂，胜疯狂，与奔驰对标，是WEY追求极致的中式豪华\" inline=\"0\" style=\"-webkit-tap-highlight-color: transparent; box-sizing: border-box; border-style: none; max-width: 100%; display: block; margin: 10px auto;\"/></p><p class=\"pgc-img-caption\" style=\"-webkit-tap-highlight-color: transparent; box-sizing: border-box; margin-top: 0px; margin-bottom: 0px; padding: 0px; text-align: center; font-size: 12px; color: rgb(119, 119, 119); line-height: 16px;\"><br/></p><p class=\"ql-align-center\" style=\"-webkit-tap-highlight-color: transparent; box-sizing: border-box; margin-top: 16px; margin-bottom: 16px; padding: 0px; color: rgb(34, 34, 34); font-family: \" pingfang=\"\" hiragino=\"\" sans=\"\" microsoft=\"\" wenquanyi=\"\" micro=\"\" helvetica=\"\" white-space:=\"\" background-color:=\"\"><br style=\"-webkit-tap-highlight-color: transparent; box-sizing: border-box;\"/></p><p style=\"-webkit-tap-highlight-color: transparent; box-sizing: border-box; margin-top: 16px; margin-bottom: 16px; padding: 0px; color: rgb(34, 34, 34); font-family: \" pingfang=\"\" hiragino=\"\" sans=\"\" microsoft=\"\" wenquanyi=\"\" micro=\"\" helvetica=\"\" white-space:=\"\" background-color:=\"\">为什么这么讲？</p><p style=\"-webkit-tap-highlight-color: transparent; box-sizing: border-box; margin-top: 16px; margin-bottom: 16px; padding: 0px; color: rgb(34, 34, 34); font-family: \" pingfang=\"\" hiragino=\"\" sans=\"\" microsoft=\"\" wenquanyi=\"\" micro=\"\" helvetica=\"\" white-space:=\"\" background-color:=\"\">首先，奔驰是豪华车市场的标杆，成立才两年多的WEY品牌为何在公开场合对比标杆？</p><p style=\"-webkit-tap-highlight-color: transparent; box-sizing: border-box; margin-top: 16px; margin-bottom: 16px; padding: 0px; color: rgb(34, 34, 34); font-family: \" pingfang=\"\" hiragino=\"\" sans=\"\" microsoft=\"\" wenquanyi=\"\" micro=\"\" helvetica=\"\" white-space:=\"\" background-color:=\"\">其次，WEY与奔驰的品牌定位不同，为何要让WEY的目标消费者道出二者在产品等方面的差异？</p><p style=\"-webkit-tap-highlight-color: transparent; box-sizing: border-box; margin-top: 16px; margin-bottom: 16px; padding: 0px; color: rgb(34, 34, 34); font-family: \" pingfang=\"\" hiragino=\"\" sans=\"\" microsoft=\"\" wenquanyi=\"\" micro=\"\" helvetica=\"\" white-space:=\"\" background-color:=\"\">最后，奔驰的豪华有目共睹，成立才两年多的WEY品牌何以比对？</p><p style=\"-webkit-tap-highlight-color: transparent; box-sizing: border-box; margin-top: 16px; margin-bottom: 16px; padding: 0px; color: rgb(34, 34, 34); font-family: \" pingfang=\"\" hiragino=\"\" sans=\"\" microsoft=\"\" wenquanyi=\"\" micro=\"\" helvetica=\"\" white-space:=\"\" background-color:=\"\">或许网络上的疑问还不止上述三条，但正如前述种种极端案例，WEY品牌此举或也并非无的放矢，应是一次追求豪华的极致行为。正如佛语有云，种下什么因，就得什么果，一切皆有因缘果报。</p><p style=\"-webkit-tap-highlight-color: transparent; box-sizing: border-box; margin-top: 16px; margin-bottom: 16px; padding: 0px; color: rgb(34, 34, 34); font-family: \" pingfang=\"\" hiragino=\"\" sans=\"\" microsoft=\"\" wenquanyi=\"\" micro=\"\" helvetica=\"\" white-space:=\"\" background-color:=\"\"><span style=\"-webkit-tap-highlight-color: transparent; box-sizing: border-box; font-weight: 700;\">02</span></p><p style=\"-webkit-tap-highlight-color: transparent; box-sizing: border-box; margin-top: 16px; margin-bottom: 16px; padding: 0px; color: rgb(34, 34, 34); font-family: \" pingfang=\"\" hiragino=\"\" sans=\"\" microsoft=\"\" wenquanyi=\"\" micro=\"\" helvetica=\"\" white-space:=\"\" background-color:=\"\"><span style=\"-webkit-tap-highlight-color: transparent; box-sizing: border-box; font-weight: 700;\">WEY品牌要“走上去”，“走出去”</span></p><p style=\"-webkit-tap-highlight-color: transparent; box-sizing: border-box; margin-top: 16px; margin-bottom: 16px; padding: 0px; color: rgb(34, 34, 34); font-family: \" pingfang=\"\" hiragino=\"\" sans=\"\" microsoft=\"\" wenquanyi=\"\" micro=\"\" helvetica=\"\" white-space:=\"\" background-color:=\"\">在去年12月份WEY品牌的两周年之夜上，WEY品牌创始人魏建军发布了WEY品牌的全新战略，他提到，“WEY的品牌取自我的姓氏，我希望，它是名字，更是‘铭志’；而我的志向就是：从‘走上去’，到‘走出去’，把触手可及的豪华带给中国人，把中式当代豪华带到全世界”。</p><p><img src=\"http://p1.pstatp.com/large/pgc-image/be59c09573a649e9b07569d3ae3ca9ac\" img_width=\"800\" img_height=\"361\" alt=\"似疯狂，胜疯狂，与奔驰对标，是WEY追求极致的中式豪华\" inline=\"0\" style=\"-webkit-tap-highlight-color: transparent; box-sizing: border-box; border-style: none; max-width: 100%; display: block; margin: 10px auto;\"/></p><p class=\"pgc-img-caption\" style=\"-webkit-tap-highlight-color: transparent; box-sizing: border-box; margin-top: 0px; margin-bottom: 0px; padding: 0px; text-align: center; font-size: 12px; color: rgb(119, 119, 119); line-height: 16px;\"><br/></p><p class=\"ql-align-center\" style=\"-webkit-tap-highlight-color: transparent; box-sizing: border-box; margin-top: 16px; margin-bottom: 16px; padding: 0px; color: rgb(34, 34, 34); font-family: \" pingfang=\"\" hiragino=\"\" sans=\"\" microsoft=\"\" wenquanyi=\"\" micro=\"\" helvetica=\"\" white-space:=\"\" background-color:=\"\"><br style=\"-webkit-tap-highlight-color: transparent; box-sizing: border-box;\"/></p><p style=\"-webkit-tap-highlight-color: transparent; box-sizing: border-box; margin-top: 16px; margin-bottom: 16px; padding: 0px; color: rgb(34, 34, 34); font-family: \" pingfang=\"\" hiragino=\"\" sans=\"\" microsoft=\"\" wenquanyi=\"\" micro=\"\" helvetica=\"\" white-space:=\"\" background-color:=\"\">一定程度上讲，新战略为WEY品牌接下来的行动定了调，其在数十家4S店内摆奔驰GLC也因此有迹可循。</p><p style=\"-webkit-tap-highlight-color: transparent; box-sizing: border-box; margin-top: 16px; margin-bottom: 16px; padding: 0px; color: rgb(34, 34, 34); font-family: \" pingfang=\"\" hiragino=\"\" sans=\"\" microsoft=\"\" wenquanyi=\"\" micro=\"\" helvetica=\"\" white-space:=\"\" background-color:=\"\">若说WEY品牌的“走上去”战略在国内有中式豪华背书，那其“走出去”、让世界认同中式豪华，就必然会面对质疑。</p><p style=\"-webkit-tap-highlight-color: transparent; box-sizing: border-box; margin-top: 16px; margin-bottom: 16px; padding: 0px; color: rgb(34, 34, 34); font-family: \" pingfang=\"\" hiragino=\"\" sans=\"\" microsoft=\"\" wenquanyi=\"\" micro=\"\" helvetica=\"\" white-space:=\"\" background-color:=\"\">毕竟，拥有一百多年历史的奔驰，在全球豪华车市场的地位可以说是出类拔萃，甚至无可撼动。而主打豪华的WEY品牌，在海外豪华车市场就迟早会直面奔驰施加的竞争压力。</p><p style=\"-webkit-tap-highlight-color: transparent; box-sizing: border-box; margin-top: 16px; margin-bottom: 16px; padding: 0px; color: rgb(34, 34, 34); font-family: \" pingfang=\"\" hiragino=\"\" sans=\"\" microsoft=\"\" wenquanyi=\"\" micro=\"\" helvetica=\"\" white-space:=\"\" background-color:=\"\">既然战略已定，消除与奔驰之间的差异，提前做好竞争准备，就成为了WEY品牌眼下该解决的课题。在数十家4S店内摆放奔驰GLC，通过场景化方式开展消费者调研，WEY品牌一方面能找到其在消费者眼中与奔驰的差异，另一方面也可准确地找到其目标消费群体的更真实的需求。由此，这可理解为WEY品牌追求极致豪华的体现，也是其进一步践行“走上去”以及“走出去”的一种体现。</p><p><img src=\"http://p9.pstatp.com/large/pgc-image/070b8487bef749b7a8f9e2dacbf6b8f7\" img_width=\"640\" img_height=\"480\" alt=\"似疯狂，胜疯狂，与奔驰对标，是WEY追求极致的中式豪华\" inline=\"0\" style=\"-webkit-tap-highlight-color: transparent; box-sizing: border-box; border-style: none; max-width: 100%; display: block; margin: 10px auto;\"/></p><p class=\"pgc-img-caption\" style=\"-webkit-tap-highlight-color: transparent; box-sizing: border-box; margin-top: 0px; margin-bottom: 0px; padding: 0px; text-align: center; font-size: 12px; color: rgb(119, 119, 119); line-height: 16px;\"><br/></p><p class=\"ql-align-center\" style=\"-webkit-tap-highlight-color: transparent; box-sizing: border-box; margin-top: 16px; margin-bottom: 16px; padding: 0px; color: rgb(34, 34, 34); font-family: \" pingfang=\"\" hiragino=\"\" sans=\"\" microsoft=\"\" wenquanyi=\"\" micro=\"\" helvetica=\"\" white-space:=\"\" background-color:=\"\"><br style=\"-webkit-tap-highlight-color: transparent; box-sizing: border-box;\"/></p><p style=\"-webkit-tap-highlight-color: transparent; box-sizing: border-box; margin-top: 16px; margin-bottom: 16px; padding: 0px; color: rgb(34, 34, 34); font-family: \" pingfang=\"\" hiragino=\"\" sans=\"\" microsoft=\"\" wenquanyi=\"\" micro=\"\" helvetica=\"\" white-space:=\"\" background-color:=\"\"><span style=\"-webkit-tap-highlight-color: transparent; box-sizing: border-box; font-weight: 700;\">03</span></p><p style=\"-webkit-tap-highlight-color: transparent; box-sizing: border-box; margin-top: 16px; margin-bottom: 16px; padding: 0px; color: rgb(34, 34, 34); font-family: \" pingfang=\"\" hiragino=\"\" sans=\"\" microsoft=\"\" wenquanyi=\"\" micro=\"\" helvetica=\"\" white-space:=\"\" background-color:=\"\"><span style=\"-webkit-tap-highlight-color: transparent; box-sizing: border-box; font-weight: 700;\">WEY品牌要有持续差异化的豪华定位</span></p><p style=\"-webkit-tap-highlight-color: transparent; box-sizing: border-box; margin-top: 16px; margin-bottom: 16px; padding: 0px; color: rgb(34, 34, 34); font-family: \" pingfang=\"\" hiragino=\"\" sans=\"\" microsoft=\"\" wenquanyi=\"\" micro=\"\" helvetica=\"\" white-space:=\"\" background-color:=\"\">对标，在汽车行业是很常见的一种手段，基于此能找到与标杆之间的差异、据此提升；但值得注意的是，对标的终极目的不是要做的和标杆雷同甚至一样。大量的营销理论和案例早已证明，差异化的定位是品牌持续发展的基础。</p><p style=\"-webkit-tap-highlight-color: transparent; box-sizing: border-box; margin-top: 16px; margin-bottom: 16px; padding: 0px; color: rgb(34, 34, 34); font-family: \" pingfang=\"\" hiragino=\"\" sans=\"\" microsoft=\"\" wenquanyi=\"\" micro=\"\" helvetica=\"\" white-space:=\"\" background-color:=\"\">诚然，奔驰是豪华车市场的标杆，但豪华车市场也并非只有奔驰一家，擅长驾控的宝马和主打科技的奥迪在豪华车市场同样地位不凡。如前所述，开展“WEY式调研”，WEY品牌既能找到消费者眼中其与奔驰的差异，也能进一步发现目标消费群体眼中的豪华是什么样。</p><p><img src=\"http://p9.pstatp.com/large/pgc-image/1dbb27f2f75c4ccebbd564e63e7a24d7\" img_width=\"693\" img_height=\"1405\" alt=\"似疯狂，胜疯狂，与奔驰对标，是WEY追求极致的中式豪华\" inline=\"0\" style=\"-webkit-tap-highlight-color: transparent; box-sizing: border-box; border-style: none; max-width: 100%; display: block; margin: 10px auto;\"/></p><p class=\"pgc-img-caption\" style=\"-webkit-tap-highlight-color: transparent; box-sizing: border-box; margin-top: 0px; margin-bottom: 0px; padding: 0px; text-align: center; font-size: 12px; color: rgb(119, 119, 119); line-height: 16px;\"><br/></p><p class=\"ql-align-center\" style=\"-webkit-tap-highlight-color: transparent; box-sizing: border-box; margin-top: 16px; margin-bottom: 16px; padding: 0px; color: rgb(34, 34, 34); font-family: \" pingfang=\"\" hiragino=\"\" sans=\"\" microsoft=\"\" wenquanyi=\"\" micro=\"\" helvetica=\"\" white-space:=\"\" background-color:=\"\"><br style=\"-webkit-tap-highlight-color: transparent; box-sizing: border-box;\"/></p><p style=\"-webkit-tap-highlight-color: transparent; box-sizing: border-box; margin-top: 16px; margin-bottom: 16px; padding: 0px; color: rgb(34, 34, 34); font-family: \" pingfang=\"\" hiragino=\"\" sans=\"\" microsoft=\"\" wenquanyi=\"\" micro=\"\" helvetica=\"\" white-space:=\"\" background-color:=\"\">WEY品牌在成立之初，提出了差异化的豪华定位，轻奢、安全，是触手可及的豪华，是以安全为基础的豪华。这些与奔驰相比，已然形成了明显的差异化。还是在去年12月份WEY品牌的两周年之夜上，C+智能战略的发布又为WEY品牌的中式豪华加入了新标签。</p><p><img src=\"http://p3.pstatp.com/large/pgc-image/942bd18df5cf4501afbbc94a3b0230bf\" img_width=\"800\" img_height=\"532\" alt=\"似疯狂，胜疯狂，与奔驰对标，是WEY追求极致的中式豪华\" inline=\"0\" style=\"-webkit-tap-highlight-color: transparent; box-sizing: border-box; border-style: none; max-width: 100%; display: block; margin: 10px auto;\"/></p><p class=\"pgc-img-caption\" style=\"-webkit-tap-highlight-color: transparent; box-sizing: border-box; margin-top: 0px; margin-bottom: 0px; padding: 0px; text-align: center; font-size: 12px; color: rgb(119, 119, 119); line-height: 16px;\"><br/></p><p class=\"ql-align-center\" style=\"-webkit-tap-highlight-color: transparent; box-sizing: border-box; margin-top: 16px; margin-bottom: 16px; padding: 0px; color: rgb(34, 34, 34); font-family: \" pingfang=\"\" hiragino=\"\" sans=\"\" microsoft=\"\" wenquanyi=\"\" micro=\"\" helvetica=\"\" white-space:=\"\" background-color:=\"\"><br style=\"-webkit-tap-highlight-color: transparent; box-sizing: border-box;\"/></p><p style=\"-webkit-tap-highlight-color: transparent; box-sizing: border-box; margin-top: 16px; margin-bottom: 16px; padding: 0px; color: rgb(34, 34, 34); font-family: \" pingfang=\"\" hiragino=\"\" sans=\"\" microsoft=\"\" wenquanyi=\"\" micro=\"\" helvetica=\"\" white-space:=\"\" background-color:=\"\">事实上，在与奔驰GLC的同台比对中，WEY品牌旗下旗舰燃油车型VV7体现了这种差异化的豪华定位，以及对极致产品的追求。</p><p style=\"-webkit-tap-highlight-color: transparent; box-sizing: border-box; margin-top: 16px; margin-bottom: 16px; padding: 0px; color: rgb(34, 34, 34); font-family: \" pingfang=\"\" hiragino=\"\" sans=\"\" microsoft=\"\" wenquanyi=\"\" micro=\"\" helvetica=\"\" white-space:=\"\" background-color:=\"\">首先，VV7的价格就体现了与奔驰的差异化，16.98-18.88万元的指导价显然比39.08-56.28万元更触手可及；</p><p style=\"-webkit-tap-highlight-color: transparent; box-sizing: border-box; margin-top: 16px; margin-bottom: 16px; padding: 0px; color: rgb(34, 34, 34); font-family: \" pingfang=\"\" hiragino=\"\" sans=\"\" microsoft=\"\" wenquanyi=\"\" micro=\"\" helvetica=\"\" white-space:=\"\" background-color:=\"\">其次，奔驰GLC的外观自然是大气豪华的，但VV7偏运动化的外观设计，也体现了对年轻消费群体的照顾；</p><p><img src=\"http://p1.pstatp.com/large/pgc-image/6a5e5b8eb9cd418088ad25b91bc09fb5\" img_width=\"800\" img_height=\"532\" alt=\"似疯狂，胜疯狂，与奔驰对标，是WEY追求极致的中式豪华\" inline=\"0\" style=\"-webkit-tap-highlight-color: transparent; box-sizing: border-box; border-style: none; max-width: 100%; display: block; margin: 10px auto;\"/></p><p class=\"pgc-img-caption\" style=\"-webkit-tap-highlight-color: transparent; box-sizing: border-box; margin-top: 0px; margin-bottom: 0px; padding: 0px; text-align: center; font-size: 12px; color: rgb(119, 119, 119); line-height: 16px;\"><br/></p><p class=\"ql-align-center\" style=\"-webkit-tap-highlight-color: transparent; box-sizing: border-box; margin-top: 16px; margin-bottom: 16px; padding: 0px; color: rgb(34, 34, 34); font-family: \" pingfang=\"\" hiragino=\"\" sans=\"\" microsoft=\"\" wenquanyi=\"\" micro=\"\" helvetica=\"\" white-space:=\"\" background-color:=\"\"><br style=\"-webkit-tap-highlight-color: transparent; box-sizing: border-box;\"/></p><p style=\"-webkit-tap-highlight-color: transparent; box-sizing: border-box; margin-top: 16px; margin-bottom: 16px; padding: 0px; color: rgb(34, 34, 34); font-family: \" pingfang=\"\" hiragino=\"\" sans=\"\" microsoft=\"\" wenquanyi=\"\" micro=\"\" helvetica=\"\" white-space:=\"\" background-color:=\"\">再次，与奔驰GLC相比，VV7的内饰设计在视觉上的豪华感有可比性；</p><p style=\"-webkit-tap-highlight-color: transparent; box-sizing: border-box; margin-top: 16px; margin-bottom: 16px; padding: 0px; color: rgb(34, 34, 34); font-family: \" pingfang=\"\" hiragino=\"\" sans=\"\" microsoft=\"\" wenquanyi=\"\" micro=\"\" helvetica=\"\" white-space:=\"\" background-color:=\"\">最后，VV7丰富的智能化应用则是奔驰GLC所不完全具备的，比如ACC全速范围自适应巡航功能、AEB主动式紧急制动系统、ICA智能巡航辅助+TJA交通拥堵辅助、LCK车道居中保持辅助系统+LKA车道保持辅助系统+LDW车道偏离预警+道路交通标识识别等。</p><p><img src=\"http://p1.pstatp.com/large/pgc-image/bc122b90643b43899584172580b98117\" img_width=\"800\" img_height=\"533\" alt=\"似疯狂，胜疯狂，与奔驰对标，是WEY追求极致的中式豪华\" inline=\"0\" style=\"-webkit-tap-highlight-color: transparent; box-sizing: border-box; border-style: none; max-width: 100%; display: block; margin: 10px auto;\"/></p><p class=\"pgc-img-caption\" style=\"-webkit-tap-highlight-color: transparent; box-sizing: border-box; margin-top: 0px; margin-bottom: 0px; padding: 0px; text-align: center; font-size: 12px; color: rgb(119, 119, 119); line-height: 16px;\"><br/></p><p class=\"ql-align-center\" style=\"-webkit-tap-highlight-color: transparent; box-sizing: border-box; margin-top: 16px; margin-bottom: 16px; padding: 0px; color: rgb(34, 34, 34); font-family: \" pingfang=\"\" hiragino=\"\" sans=\"\" microsoft=\"\" wenquanyi=\"\" micro=\"\" helvetica=\"\" white-space:=\"\" background-color:=\"\"><br style=\"-webkit-tap-highlight-color: transparent; box-sizing: border-box;\"/></p><p style=\"-webkit-tap-highlight-color: transparent; box-sizing: border-box; margin-top: 16px; margin-bottom: 16px; padding: 0px; color: rgb(34, 34, 34); font-family: \" pingfang=\"\" hiragino=\"\" sans=\"\" microsoft=\"\" wenquanyi=\"\" micro=\"\" helvetica=\"\" white-space:=\"\" background-color:=\"\">而这一次的“WEY式调研”后，WEY品牌将有机会进一步优化完善其差异化的豪华品牌定位。</p><p style=\"-webkit-tap-highlight-color: transparent; box-sizing: border-box; margin-top: 16px; margin-bottom: 16px; padding: 0px; color: rgb(34, 34, 34); font-family: \" pingfang=\"\" hiragino=\"\" sans=\"\" microsoft=\"\" wenquanyi=\"\" micro=\"\" helvetica=\"\" white-space:=\"\" background-color:=\"\"><span style=\"-webkit-tap-highlight-color: transparent; box-sizing: border-box; font-weight: 700;\">04</span></p><p style=\"-webkit-tap-highlight-color: transparent; box-sizing: border-box; margin-top: 16px; margin-bottom: 16px; padding: 0px; color: rgb(34, 34, 34); font-family: \" pingfang=\"\" hiragino=\"\" sans=\"\" microsoft=\"\" wenquanyi=\"\" micro=\"\" helvetica=\"\" white-space:=\"\" background-color:=\"\"><span style=\"-webkit-tap-highlight-color: transparent; box-sizing: border-box; font-weight: 700;\">WEY品牌有“走上去”、“走出去”的基础</span></p><p style=\"-webkit-tap-highlight-color: transparent; box-sizing: border-box; margin-top: 16px; margin-bottom: 16px; padding: 0px; color: rgb(34, 34, 34); font-family: \" pingfang=\"\" hiragino=\"\" sans=\"\" microsoft=\"\" wenquanyi=\"\" micro=\"\" helvetica=\"\" white-space:=\"\" background-color:=\"\">抛开前述网络上可能存在的质疑，WEY品牌这次公开的对标奔驰，也并非没有底气。</p><p style=\"-webkit-tap-highlight-color: transparent; box-sizing: border-box; margin-top: 16px; margin-bottom: 16px; padding: 0px; color: rgb(34, 34, 34); font-family: \" pingfang=\"\" hiragino=\"\" sans=\"\" microsoft=\"\" wenquanyi=\"\" micro=\"\" helvetica=\"\" white-space:=\"\" background-color:=\"\">且不论品牌成立两年后累计销量即超过26万辆，在短时间内即完成价位不同、产品定位不同、动力不同的VV7、VV5、VV6、P8四款车型布局，单单说WEY品牌在“做豪华”这件工作上就是做足了准备的。</p><p style=\"-webkit-tap-highlight-color: transparent; box-sizing: border-box; margin-top: 16px; margin-bottom: 16px; padding: 0px; color: rgb(34, 34, 34); font-family: \" pingfang=\"\" hiragino=\"\" sans=\"\" microsoft=\"\" wenquanyi=\"\" micro=\"\" helvetica=\"\" white-space:=\"\" background-color:=\"\">首先，如前所述，品牌战略及发展思路很清晰，不仅是第一个中国豪华品牌，还是第一个走出去的中国豪华品牌。</p><p><img src=\"http://p1.pstatp.com/large/pgc-image/fe17e23f873f4d6e8449b84b12f1068a\" img_width=\"640\" img_height=\"480\" alt=\"似疯狂，胜疯狂，与奔驰对标，是WEY追求极致的中式豪华\" inline=\"0\" style=\"-webkit-tap-highlight-color: transparent; box-sizing: border-box; border-style: none; max-width: 100%; display: block; margin: 10px auto;\"/></p><p class=\"pgc-img-caption\" style=\"-webkit-tap-highlight-color: transparent; box-sizing: border-box; margin-top: 0px; margin-bottom: 0px; padding: 0px; text-align: center; font-size: 12px; color: rgb(119, 119, 119); line-height: 16px;\"><br/></p><p style=\"-webkit-tap-highlight-color: transparent; box-sizing: border-box; margin-top: 16px; margin-bottom: 16px; padding: 0px; color: rgb(34, 34, 34); font-family: \" pingfang=\"\" hiragino=\"\" sans=\"\" microsoft=\"\" wenquanyi=\"\" micro=\"\" helvetica=\"\" white-space:=\"\" background-color:=\"\">其次，在研发能力上准备充分。公开资料显示，WEY品牌在成立之初就组建了由来自宝马、奥迪等豪华品牌的资深专家组成的设计、研发团队。除在德国之外，WEY品牌在日本、美国、印度、奥地利、韩国等设立了海外研发中心，完成全球研发体系布局。</p><p style=\"-webkit-tap-highlight-color: transparent; box-sizing: border-box; margin-top: 16px; margin-bottom: 16px; padding: 0px; color: rgb(34, 34, 34); font-family: \" pingfang=\"\" hiragino=\"\" sans=\"\" microsoft=\"\" wenquanyi=\"\" micro=\"\" helvetica=\"\" white-space:=\"\" background-color:=\"\">2017年9月，WEY参展法兰克福车展，VV5与保时捷911 GT3、奥迪AICON概念车、Smart EQ概念车等共同被德国三大新闻周刊之一的《Focus》评为“法兰克福车展最成功的五大车型”，向欧洲消费者展示了WEY品牌的中式豪华。</p><p><img src=\"http://p3.pstatp.com/large/pgc-image/8f2d44794d8540aaa72984a88f2b72dc\" img_width=\"800\" img_height=\"473\" alt=\"似疯狂，胜疯狂，与奔驰对标，是WEY追求极致的中式豪华\" inline=\"0\" style=\"-webkit-tap-highlight-color: transparent; box-sizing: border-box; border-style: none; max-width: 100%; display: block; margin: 10px auto;\"/></p><p class=\"pgc-img-caption\" style=\"-webkit-tap-highlight-color: transparent; box-sizing: border-box; margin-top: 0px; margin-bottom: 0px; padding: 0px; text-align: center; font-size: 12px; color: rgb(119, 119, 119); line-height: 16px;\"><br/></p><p class=\"ql-align-center\" style=\"-webkit-tap-highlight-color: transparent; box-sizing: border-box; margin-top: 16px; margin-bottom: 16px; padding: 0px; color: rgb(34, 34, 34); font-family: \" pingfang=\"\" hiragino=\"\" sans=\"\" microsoft=\"\" wenquanyi=\"\" micro=\"\" helvetica=\"\" white-space:=\"\" background-color:=\"\"><br style=\"-webkit-tap-highlight-color: transparent; box-sizing: border-box;\"/></p><p style=\"-webkit-tap-highlight-color: transparent; box-sizing: border-box; margin-top: 16px; margin-bottom: 16px; padding: 0px; color: rgb(34, 34, 34); font-family: \" pingfang=\"\" hiragino=\"\" sans=\"\" microsoft=\"\" wenquanyi=\"\" micro=\"\" helvetica=\"\" white-space:=\"\" background-color:=\"\"><span style=\"-webkit-tap-highlight-color: transparent; box-sizing: border-box; font-weight: 700;\">写在最后：</span>从一开始，中国品牌向上进入豪华车市场，就是破局之举，这一定程度上注定了中国豪华品牌要走不寻常的发展之路。WEY品牌此次开展的“WEY式调研”，初一看来的确是一种极致行为，但如前所述整体来看，却也是合情合理之举。常言道，“不疯魔不成活”，中国豪华品牌或就需要一些“疯狂”，才能打造极致的豪华品牌。</p><p><br/></p>', null);

-- ----------------------------
-- Table structure for cms_attachment
-- ----------------------------
DROP TABLE IF EXISTS `cms_attachment`;
CREATE TABLE `cms_attachment` (
  `attach_id` varchar(50) NOT NULL COMMENT 'id',
  `zid` varchar(50) NOT NULL COMMENT '组ID',
  `user_id` varchar(50) DEFAULT NULL,
  `file_type` varchar(50) NOT NULL COMMENT '文件类型，引用cms_filetype表ID',
  `file_name` varchar(500) DEFAULT NULL COMMENT '文件名称',
  `file_path` varchar(500) DEFAULT NULL COMMENT '相对路径',
  `file_url` varchar(500) DEFAULT NULL COMMENT 'url',
  `size` int(11) DEFAULT NULL COMMENT '文件空间',
  `create_by` varchar(50) DEFAULT NULL COMMENT '用户ID',
  `create_time` datetime DEFAULT NULL,
  `sort` smallint(6) DEFAULT NULL COMMENT '排序',
  PRIMARY KEY (`attach_id`)
) ENGINE=InnoDB DEFAULT CHARSET=utf8;

-- ----------------------------
-- Records of cms_attachment
-- ----------------------------

-- ----------------------------
-- Table structure for cms_category
-- ----------------------------
DROP TABLE IF EXISTS `cms_category`;
CREATE TABLE `cms_category` (
  `category_id` bigint(50) NOT NULL AUTO_INCREMENT COMMENT '分类ID',
  `category_name` varchar(50) DEFAULT NULL COMMENT '分类名称',
  `parent_id` bigint(50) DEFAULT NULL COMMENT '父ID',
  `ancestors` varchar(50) DEFAULT NULL COMMENT 'ids',
  `sort` smallint(6) DEFAULT NULL COMMENT '排序',
  `description` varchar(200) DEFAULT NULL COMMENT '分类描述',
  `create_time` datetime DEFAULT NULL COMMENT '创建时间',
  `update_time` datetime DEFAULT NULL COMMENT '更新时间',
  `create_by` varchar(50) DEFAULT NULL COMMENT '创建人',
  `update_by` varchar(50) DEFAULT NULL COMMENT '更新人',
  `status` tinyint(4) DEFAULT '0' COMMENT '状态（0正常 1停用）',
  `del_flag` tinyint(4) DEFAULT NULL COMMENT '删除标志',
  PRIMARY KEY (`category_id`)
) ENGINE=InnoDB AUTO_INCREMENT=5 DEFAULT CHARSET=utf8;

-- ----------------------------
-- Records of cms_category
-- ----------------------------
INSERT INTO `cms_category` VALUES ('1', '其它', null, '1,', '3', '1', '2019-10-28 16:14:32', '2019-10-28 20:01:44', '1', '1', '0', null);
INSERT INTO `cms_category` VALUES ('2', '资讯', '1', '1,2,', '1', '1', '2019-10-28 16:15:11', '2019-10-28 20:01:44', '1', '1', '0', null);
INSERT INTO `cms_category` VALUES ('3', '后端技术', null, '3,', '2', '1', '2019-10-28 16:15:24', '2019-10-28 20:01:44', '1', '1', '0', null);
INSERT INTO `cms_category` VALUES ('4', '前端技术', null, null, '1', null, '2019-10-28 16:15:24', '2019-10-28 16:15:24', '1', '1', '0', null);

-- ----------------------------
-- Table structure for cms_comment
-- ----------------------------
DROP TABLE IF EXISTS `cms_comment`;
CREATE TABLE `cms_comment` (
  `id` int(11) NOT NULL AUTO_INCREMENT COMMENT '主键',
  `pid` int(11) DEFAULT NULL COMMENT '父ID',
  `tid` varchar(50) DEFAULT NULL COMMENT '目标ID',
  `num_pei` smallint(6) DEFAULT '0' COMMENT '呸数',
  `num_penzi` smallint(6) DEFAULT '0' COMMENT '喷子数',
  `num_dou` smallint(6) DEFAULT '0' COMMENT '逗个数',
  `num_geili` smallint(6) DEFAULT '0' COMMENT '给力数',
  `type` varchar(50) DEFAULT 'article' COMMENT '评论类型',
  `user_id` varchar(50) DEFAULT NULL COMMENT '用户id',
  `user_name` varchar(50) DEFAULT NULL COMMENT '用户名称',
  `avatar` varchar(255) DEFAULT NULL COMMENT '用户头像',
  `content` varchar(255) DEFAULT NULL COMMENT '评论内容',
  `up_vote` int(11) DEFAULT '0' COMMENT '点赞数',
  `down_vote` int(11) DEFAULT '0' COMMENT '反对数',
  `qq` varchar(20) DEFAULT NULL COMMENT 'QQ',
  `email` varchar(30) DEFAULT NULL COMMENT '邮箱',
  `ip` varchar(20) DEFAULT NULL COMMENT 'IP',
  `address` varchar(255) DEFAULT NULL COMMENT '地址',
  `create_time` datetime DEFAULT NULL COMMENT '创建时间',
  `status` smallint(6) DEFAULT '0' COMMENT '状态0正常',
  PRIMARY KEY (`id`)
) ENGINE=InnoDB AUTO_INCREMENT=37 DEFAULT CHARSET=utf8;

-- ----------------------------
-- Records of cms_comment
-- ----------------------------
INSERT INTO `cms_comment` VALUES ('4', '3', '-1', '0', '0', '0', '0', 'liuyan', null, '孤独诗人', 'http://q1.qlogo.cn/g?b=qq&nk=747506908&s=100', '<p>sss</p>\r\n', '0', '0', '747506908', null, '127.0.0.1', null, '2019-11-20 09:17:17', '0');
INSERT INTO `cms_comment` VALUES ('24', null, '9040', '0', '0', '0', '0', 'article', null, 'dadf', 'http://q1.qlogo.cn/g?b=qq&nk=74750000&s=100', '1112', '1', '0', '74750000', null, '127.0.0.1', null, '2019-11-24 17:04:25', '0');

-- ----------------------------
-- Table structure for cms_email
-- ----------------------------
DROP TABLE IF EXISTS `cms_email`;
CREATE TABLE `cms_email` (
  `id` varchar(50) NOT NULL COMMENT 'ID',
  `email_type` smallint(6) DEFAULT '0' COMMENT '邮件类型',
  `user_id` varchar(50) DEFAULT NULL COMMENT '用户ID',
  `create_by` varchar(50) DEFAULT NULL,
  `create_time` datetime NOT NULL ON UPDATE CURRENT_TIMESTAMP,
  `from_email` varchar(50) DEFAULT NULL COMMENT '发送者邮箱',
  `from_email_pwd` varchar(50) DEFAULT NULL COMMENT '发送者邮箱密码',
  `to_email` varchar(50) DEFAULT NULL COMMENT '接收者邮箱',
  `subject` varchar(255) DEFAULT NULL COMMENT '主题',
  `content` text COMMENT '内容',
  `send_flag` smallint(1) DEFAULT '0' COMMENT '是否发送',
  `send_time` datetime DEFAULT NULL COMMENT '发送时间',
  `send_type` smallint(10) DEFAULT '0' COMMENT '发送类型 0立即 1定时',
  `plan_time` datetime DEFAULT NULL COMMENT '定时时间',
  `copy_to` varchar(255) DEFAULT NULL COMMENT '抄送用户',
  `attachfiles` varchar(255) DEFAULT NULL COMMENT '附件',
  PRIMARY KEY (`id`)
) ENGINE=InnoDB DEFAULT CHARSET=utf8;

-- ----------------------------
-- Records of cms_email
-- ----------------------------
INSERT INTO `cms_email` VALUES ('2019110509003552238440', '0', '1', '若依', '2019-11-07 09:29:27', '747506908@qq.com', 'swigvspxyywdbehe', '747506908@qq.com', '1', '<p style=\"-webkit-tap-highlight-color: transparent; box-sizing: border-box; margin-top: 16px; margin-bottom: 16px; padding: 0px; color: rgb(34, 34, 34); font-family: \" pingfang=\"\" hiragino=\"\" sans=\"\" microsoft=\"\" wenquanyi=\"\" micro=\"\" helvetica=\"\" white-space:=\"\" background-color:=\"\">40岁的乔布斯在一次接受访谈时表示，“追求极致，分享给同类，这样人类才能共同进步。”</p><p><img src=\"http://p1.pstatp.com/large/pgc-image/52104d95001b44f39bcb644fd8c06042\" img_width=\"800\" img_height=\"594\" alt=\"似疯狂，胜疯狂，与奔驰对标，是WEY追求极致的中式豪华\" inline=\"0\" style=\"-webkit-tap-highlight-color: transparent; box-sizing: border-box; border-style: none; max-width: 100%; display: block; margin: 10px auto;\"/></p><p class=\"pgc-img-caption\" style=\"-webkit-tap-highlight-color: transparent; box-sizing: border-box; margin-top: 0px; margin-bottom: 0px; padding: 0px; text-align: center; font-size: 12px; color: rgb(119, 119, 119); line-height: 16px;\"><br/></p><p class=\"ql-align-center\" style=\"-webkit-tap-highlight-color: transparent; box-sizing: border-box; margin-top: 16px; margin-bottom: 16px; padding: 0px; color: rgb(34, 34, 34); font-family: \" pingfang=\"\" hiragino=\"\" sans=\"\" microsoft=\"\" wenquanyi=\"\" micro=\"\" helvetica=\"\" white-space:=\"\" background-color:=\"\"><br style=\"-webkit-tap-highlight-color: transparent; box-sizing: border-box;\"/></p><p style=\"-webkit-tap-highlight-color: transparent; box-sizing: border-box; margin-top: 16px; margin-bottom: 16px; padding: 0px; color: rgb(34, 34, 34); font-family: \" pingfang=\"\" hiragino=\"\" sans=\"\" microsoft=\"\" wenquanyi=\"\" micro=\"\" helvetica=\"\" white-space:=\"\" background-color:=\"\">这并不是乔布斯夸夸其谈，因为他曾为了第一个销售超百亿的爆款——Apple II的箱子设计，而否决了潘通公司提供的超2000种米黄色选择。毫不夸张地说，追求极致是乔布斯时代的苹果能傲视群雄的“无上神功”。</p><p style=\"-webkit-tap-highlight-color: transparent; box-sizing: border-box; margin-top: 16px; margin-bottom: 16px; padding: 0px; color: rgb(34, 34, 34); font-family: \" pingfang=\"\" hiragino=\"\" sans=\"\" microsoft=\"\" wenquanyi=\"\" micro=\"\" helvetica=\"\" white-space:=\"\" background-color:=\"\">1985年4月的张瑞敏收到一封用户投诉海尔冰箱质量问题的信函，在确认仓库里的400多台冰箱中有76台不合格后，抡起大锤将其全部砸毁。在追求极致的理念驱动下，海尔在世界品牌实验室<span style=\"-webkit-tap-highlight-color: transparent; box-sizing: border-box; font-weight: 700;\">(World Brand Lab)</span>发布的2018年《中国500最具价值品牌》的报告中，以品牌价值3502.78亿元居第三位。</p><p><br/></p><p><br/></p>', '1', '2019-11-07 09:28:51', '0', null, null, null);
INSERT INTO `cms_email` VALUES ('2019110509204599261138', '0', '1', '若依', '2019-12-04 08:40:32', '747506908@qq.com', 'swigvspxyywdbehe', '747506908@qq.com', '邮件测试', '<p>123111</p><p>44</p>', '1', '2019-11-30 19:38:36', '0', '2019-11-12 09:30:00', null, null);
INSERT INTO `cms_email` VALUES ('2019110510322016674418', '0', '1', '若依', '2019-11-05 10:32:43', '747506908@qq.com', 'swigvspxyywdbehe', '747506908@qq.com', '5', '<p>555555</p>', '1', '2019-11-18 10:40:28', '1', '2019-11-06 14:11:39', null, null);

-- ----------------------------
-- Table structure for cms_filetype
-- ----------------------------
DROP TABLE IF EXISTS `cms_filetype`;
CREATE TABLE `cms_filetype` (
  `id` int(11) NOT NULL AUTO_INCREMENT,
  `suffix` varchar(50) CHARACTER SET utf8 DEFAULT NULL COMMENT '后缀',
  `name` varchar(50) CHARACTER SET utf8 DEFAULT NULL COMMENT '中文名称',
  `icon` varchar(255) CHARACTER SET utf8 DEFAULT NULL COMMENT '图标',
  PRIMARY KEY (`id`),
  UNIQUE KEY `unique_suffix` (`suffix`) USING BTREE
) ENGINE=InnoDB AUTO_INCREMENT=25 DEFAULT CHARSET=latin1;

-- ----------------------------
-- Records of cms_filetype
-- ----------------------------
INSERT INTO `cms_filetype` VALUES ('1', '.3gp', '视频', null);
INSERT INTO `cms_filetype` VALUES ('2', '.doc', 'word文档', null);
INSERT INTO `cms_filetype` VALUES ('3', '.docx', 'word文档', null);
INSERT INTO `cms_filetype` VALUES ('4', '.xls', 'Excel表格', null);
INSERT INTO `cms_filetype` VALUES ('5', '.xlsx', 'Excel表格', null);
INSERT INTO `cms_filetype` VALUES ('6', '.exe', 'Exe可执行文件', null);
INSERT INTO `cms_filetype` VALUES ('7', '.gif', 'Gif图片', null);
INSERT INTO `cms_filetype` VALUES ('8', '.html', 'HTML', null);
INSERT INTO `cms_filetype` VALUES ('9', '.jar', 'Jar包', null);
INSERT INTO `cms_filetype` VALUES ('10', '.jpeg', '图片', null);
INSERT INTO `cms_filetype` VALUES ('11', '.jpg', '图片', null);
INSERT INTO `cms_filetype` VALUES ('12', '.js', 'JS文件', null);
INSERT INTO `cms_filetype` VALUES ('13', '.mp4', '视频', null);
INSERT INTO `cms_filetype` VALUES ('14', '.pdf', 'PDF', null);
INSERT INTO `cms_filetype` VALUES ('15', '.png', '图片', null);
INSERT INTO `cms_filetype` VALUES ('16', '.ppt', 'PPT', null);
INSERT INTO `cms_filetype` VALUES ('17', '.wav', '视频', null);
INSERT INTO `cms_filetype` VALUES ('18', '.wma', '视频', null);
INSERT INTO `cms_filetype` VALUES ('19', '.wmv', '视频', null);
INSERT INTO `cms_filetype` VALUES ('20', '.wps', 'WPS', null);
INSERT INTO `cms_filetype` VALUES ('21', '.xml', 'XML', null);
INSERT INTO `cms_filetype` VALUES ('22', '.zip', 'ZIP压缩包', null);
INSERT INTO `cms_filetype` VALUES ('23', '.rar', 'RAR压缩包', null);
INSERT INTO `cms_filetype` VALUES ('24', '.java', 'Java文件', null);

-- ----------------------------
-- Table structure for cms_friend_link
-- ----------------------------
DROP TABLE IF EXISTS `cms_friend_link`;
CREATE TABLE `cms_friend_link` (
  `id` int(11) NOT NULL AUTO_INCREMENT COMMENT '友情链接ID',
  `name` varchar(50) DEFAULT NULL COMMENT '友链名称',
  `link` varchar(255) DEFAULT NULL COMMENT '链接',
  `description` varchar(255) DEFAULT NULL COMMENT '站点描述',
  `logo` varchar(255) DEFAULT NULL COMMENT 'logo素材',
  `audit_state` smallint(6) DEFAULT '0' COMMENT '状态 0待审核 1通过 2未通过',
  `status` smallint(6) DEFAULT '0' COMMENT '状态 0正常 1停用',
  PRIMARY KEY (`id`)
) ENGINE=InnoDB AUTO_INCREMENT=6 DEFAULT CHARSET=utf8;

-- ----------------------------
-- Records of cms_friend_link
-- ----------------------------
INSERT INTO `cms_friend_link` VALUES ('1', '百度', 'https://www.baidu.com', '百度', null, '0', '0');
INSERT INTO `cms_friend_link` VALUES ('2', 'UXDtime', 'http://www.uxdtime.com', '中国UXD设计互动平台，深耕交互设计领域，创造极致用户体验。', '/blog/avatar/images/logo/logo_yhsg.png', '1', '0');
INSERT INTO `cms_friend_link` VALUES ('3', '杨青博客', 'https://www.yangqq.com', '80后草根女站长，独立网页设计师。', '/blog/avatar/images/logo/logo_girl.jpg', '1', '0');
INSERT INTO `cms_friend_link` VALUES ('4', '飞信网', 'https://www.fx99.cn', '摄影、美图、网络、文字，让生活更有趣！', '/blog/avatar/images/logo/logo_fx.jpg', '1', '0');
INSERT INTO `cms_friend_link` VALUES ('5', 'code life', 'https://blog.techauch.com', '交流、分享技术经验的社区平台！', '/blog/avatar/images/logo/logo_codelife.jpg', '1', '0');

-- ----------------------------
-- Table structure for cms_link
-- ----------------------------
DROP TABLE IF EXISTS `cms_link`;
CREATE TABLE `cms_link` (
  `link_id` int(11) NOT NULL AUTO_INCREMENT COMMENT '链接ID',
  `link_type` varchar(50) DEFAULT NULL COMMENT '链接分类',
  `link_name` varchar(255) DEFAULT NULL COMMENT '链接名称',
  `keywords` varchar(100) DEFAULT NULL COMMENT '关键词',
  `link` varchar(255) DEFAULT NULL COMMENT '链接',
  `description` varchar(255) DEFAULT NULL COMMENT '描述',
  `logo` varchar(255) DEFAULT NULL COMMENT 'Logo',
  `audit_state` smallint(6) DEFAULT '0' COMMENT '审核状态',
  `detail` longtext COMMENT '详情',
  `sort` int(11) DEFAULT '0' COMMENT '排序',
  `up_vote` int(11) DEFAULT '0' COMMENT '点赞数',
  `comment_flag` smallint(6) DEFAULT '1' COMMENT '允许评论',
  `status` smallint(6) DEFAULT '0' COMMENT '状态 0正常 1停用',
  PRIMARY KEY (`link_id`)
) ENGINE=InnoDB AUTO_INCREMENT=19 DEFAULT CHARSET=utf8;

-- ----------------------------
-- Records of cms_link
-- ----------------------------
INSERT INTO `cms_link` VALUES ('1', 'news', '极客公园', '内容资讯,科技,生活', 'http://www.geekpark.net/', '123', '/images/logo/geekpark.png', '1', null, '0', '0', '1', '0');
INSERT INTO `cms_link` VALUES ('2', 'news', '果壳', '内容资讯,科技,灵感,美图', 'https://www.guokr.com/', '123', '/images/logo/logo_guoke.png', '1', null, '0', '0', '1', '0');
INSERT INTO `cms_link` VALUES ('3', 'news', '好奇心日报', '内容资讯,科技,游戏,美图', 'https://www.qdaily.com/', '123', '/images/logo/logo_haoqixin.png', '1', null, '0', '0', '1', '0');
INSERT INTO `cms_link` VALUES ('4', 'inspiration', '稿定设计', '内容资讯,灵感,设计,素材,软件', 'https://www.gaoding.com/', '123', '/images/logo/logo_gdsj.jpg', '1', null, '0', '0', '1', '0');
INSERT INTO `cms_link` VALUES ('5', 'inspiration', '\r\n花瓣网', '灵感,设计,摄影,美图,漫画', 'https://huaban.com/', '123', '/images/logo/logo_hb.jpg', '1', null, '0', '0', '1', '0');
INSERT INTO `cms_link` VALUES ('6', 'inspiration', '站酷', '灵感,社交,设计,酷站', 'https://www.zcool.com.cn/', '123', '/images/logo/logo_zhanku.jpg', '1', null, '0', '0', '1', '0');
INSERT INTO `cms_link` VALUES ('7', 'material', 'pexels', '素材,摄影,美图', 'https://www.pexels.com/', '123', '/images/logo/logo_pexels.jpg', '1', null, '0', '0', '1', '0');
INSERT INTO `cms_link` VALUES ('8', 'material', 'pixabay', '素材,酷站,摄影,美图', 'https://pixabay.com/zh/', '123', '/images/logo/logo_pixabay.jpg', '1', null, '0', '0', '1', '0');
INSERT INTO `cms_link` VALUES ('9', 'material', 'unsplash', '素材,摄影,美图', 'https://unsplash.com/', '123', '/images/logo/logo_unsplash.jpg', '1', null, '0', '0', '1', '0');
INSERT INTO `cms_link` VALUES ('10', 'tools', '\r\n墨刀', '软件,实用工具,其它', 'https://org.modao.cc/', '123', '/images/logo/logo_modao.jpg', '1', null, '0', '0', '1', '0');
INSERT INTO `cms_link` VALUES ('11', 'tools', '智图', '设计,软件,实用工具', 'https://zhitu.isux.us/', '123', '/images/logo/logo_zhitu.jpg', '1', null, '0', '0', '1', '0');
INSERT INTO `cms_link` VALUES ('12', 'tools', '倍洽', '科技,实用工具,代码开发', 'https://bearychat.com/', '123', '/images/logo/logo_beiqia.jpg', '1', null, '0', '0', '1', '0');
INSERT INTO `cms_link` VALUES ('13', 'nice', '熊掌记', '设计,生活,实用工具,其它', 'https://bear.app/cn/', '123', '/images/logo/logo_xiongzhangji.jpg', '1', null, '0', '0', '1', '0');
INSERT INTO `cms_link` VALUES ('14', 'nice', '真实故事计划', '内容资讯,社交,生活', 'http://www.zhenshigushi.net/', '123', '/images/logo/logo_zsgsjh.jpg', '1', null, '0', '0', '1', '0');
INSERT INTO `cms_link` VALUES ('15', 'nice', '​唯艺互动', '设计,酷站,其它', 'http://www.topve.com/', '123', '/images/logo/logo_wyhd.jpg', '1', null, '0', '0', '1', '0');
INSERT INTO `cms_link` VALUES ('16', 'discovery', '凹凸实验室', '内容资讯,社交,代码开发,其它', 'https://aotu.io/', '123', '/images/logo/logo_atsys.jpg', '1', null, '0', '0', '1', '0');
INSERT INTO `cms_link` VALUES ('17', 'discovery', '知晓程序', '内容资讯,社交,设计,素材', 'https://minapp.com/miniapp/', '123', '/images/logo/logo_zxcx.jpg', '1', null, '0', '0', '1', '0');
INSERT INTO `cms_link` VALUES ('18', 'discovery', '\r\nElement', '设计,实用工具,代码开发', 'https://element.eleme.cn/', '123', '/images/logo/logo_element.jpg', '1', null, '0', '0', '1', '0');

-- ----------------------------
-- Table structure for cms_link_type
-- ----------------------------
DROP TABLE IF EXISTS `cms_link_type`;
CREATE TABLE `cms_link_type` (
  `id` int(11) NOT NULL AUTO_INCREMENT COMMENT 'ID',
  `link_type` varchar(100) DEFAULT NULL COMMENT '链接分类',
  `link_type_name` varchar(100) DEFAULT NULL COMMENT '链接分类名称',
  `description` varchar(255) DEFAULT NULL COMMENT '描述',
  `cover_image` varchar(255) DEFAULT NULL COMMENT '封面图片',
  `sort` smallint(6) DEFAULT '0' COMMENT '排序',
  `status` smallint(6) DEFAULT '0' COMMENT '状态 0正常 1停用',
  PRIMARY KEY (`id`)
) ENGINE=InnoDB AUTO_INCREMENT=7 DEFAULT CHARSET=utf8;

-- ----------------------------
-- Records of cms_link_type
-- ----------------------------
INSERT INTO `cms_link_type` VALUES ('1', 'news', '垂直资讯', '聚焦互联网一手资讯信息，不错过互联网时代的每个消息。', '/images/cover/news.jpg', '1', '0');
INSERT INTO `cms_link_type` VALUES ('2', 'inspiration', '灵感创意', '捕捉那一霎那间的闪念，借鉴设计的精髓理念。', '/images/cover/inspiration.jpg', '2', '0');
INSERT INTO `cms_link_type` VALUES ('3', 'material', '素材资源 ', '聚合互联网上优秀的设计资源，提供一个快速获取设计素材资源的平台。', '/images/cover/material.jpg', '3', '0');
INSERT INTO `cms_link_type` VALUES ('4', 'tools', '效率开发', '为互联网从业者，尤其是程序猿、攻城狮们提供一个可快速开发、阅读或格式化的辅助在线小工具。', '/images/cover/tools.jpg', '4', '0');
INSERT INTO `cms_link_type` VALUES ('5', 'nice', '小众精选 ', '信息过载时代的一片净土，这里是属于小众爱好者的自留地。', '/images/cover/nice.jpg', '5', '0');
INSERT INTO `cms_link_type` VALUES ('6', 'discovery', '发现', '在众多的网站里，总有一些优秀且独特的网站被埋没在互联网世界里，而在这里，我们要把它们挖掘出来。', '/images/cover/discovery.jpg', '6', '0');

-- ----------------------------
-- Table structure for cms_material
-- ----------------------------
DROP TABLE IF EXISTS `cms_material`;
CREATE TABLE `cms_material` (
  `material_id` varchar(64) NOT NULL,
  `group_id` varchar(64) NOT NULL DEFAULT '0' COMMENT '分组id',
  `material_name` varchar(100) NOT NULL COMMENT '素材名称',
  `material_type` varchar(10) NOT NULL COMMENT '素材类型 字典 1图片2视频3文本',
  `description` varchar(255) DEFAULT NULL COMMENT '素材描述',
  `material_size` varchar(20) DEFAULT NULL COMMENT '素材大小',
  `save_path` varchar(255) DEFAULT NULL COMMENT '保存路径',
  `thumbnail` longtext COMMENT '缩略图',
  `audit_state` varchar(20) DEFAULT '0' COMMENT '审核状态 0待审批2未通过1通过',
  `audit_reason` varchar(255) DEFAULT NULL COMMENT '审核意见',
  `use_state` varchar(20) DEFAULT '1' COMMENT '可用状态 0停用1启用',
  `width` varchar(255) DEFAULT NULL COMMENT '分辨率 宽',
  `height` varchar(255) DEFAULT NULL COMMENT '分辨率 高',
  `uploader_id` varchar(64) DEFAULT NULL COMMENT '上传者 id',
  `upload_time` datetime DEFAULT NULL COMMENT '上传日期',
  `remark` varchar(255) DEFAULT NULL COMMENT '备注',
  PRIMARY KEY (`material_id`)
) ENGINE=InnoDB DEFAULT CHARSET=utf8;

-- ----------------------------
-- Records of cms_material
-- ----------------------------
INSERT INTO `cms_material` VALUES ('2019111009322629296151', '1', '180828012300500.jpg', '1', null, '211753', '/profile/material/2019/11/10/9b155fd8d237dc02380965143e67fd28.jpg', null, '1', '同意', '1', '960', '320', '1', '2019-11-10 09:32:26', null);
INSERT INTO `cms_material` VALUES ('2019111009381073394848', '1', '180828105347992.jpg', '1', null, '99552', '/profile/material/2019/11/10/1af5f3fc7abbfa2ac7d7ebe5ece0aa87.jpg', null, '1', '同意', '1', '960', '320', '1', '2019-11-10 09:38:11', null);
INSERT INTO `cms_material` VALUES ('2019111009382058929539', '1', '180829122443368.jpg', '1', null, '185844', '/profile/material/2019/11/10/159943c9310fae5b8c4e1da79e5ad3da.jpg', null, '1', '同意', '1', '960', '320', '1', '2019-11-10 09:38:21', null);
INSERT INTO `cms_material` VALUES ('2019111009383084394915', '1', '180909053041227.jpg', '1', null, '72684', '/profile/material/2019/11/10/e6bd3afbc4975df0ac6f20a25718fcb1.jpg', null, '1', '同意', '0', '960', '320', '1', '2019-11-10 09:38:31', null);
INSERT INTO `cms_material` VALUES ('2019111516270618053320', '1', '1.jpg', '1', null, '114153', '/profile/material/2019/11/15/16bac756044a92917d3d5f4bd12db00d.jpg', null, '1', '同意', '0', '1325', '663', '1', '2019-11-15 16:27:06', null);

-- ----------------------------
-- Table structure for cms_material_group
-- ----------------------------
DROP TABLE IF EXISTS `cms_material_group`;
CREATE TABLE `cms_material_group` (
  `group_id` bigint(50) NOT NULL AUTO_INCREMENT COMMENT 'ID',
  `parent_id` bigint(50) DEFAULT NULL COMMENT '父ID',
  `dept_id` varchar(50) DEFAULT NULL COMMENT '部门ID',
  `group_name` varchar(50) DEFAULT NULL COMMENT '分组名称',
  `description` varchar(255) DEFAULT NULL COMMENT '描述',
  `sort` smallint(6) DEFAULT NULL COMMENT '排序',
  `user_id` varchar(50) DEFAULT NULL COMMENT '创建人用户ID',
  `create_by` varchar(50) DEFAULT NULL COMMENT '创建人',
  `create_time` datetime DEFAULT NULL ON UPDATE CURRENT_TIMESTAMP COMMENT '创建时间',
  PRIMARY KEY (`group_id`)
) ENGINE=InnoDB AUTO_INCREMENT=4 DEFAULT CHARSET=utf8;

-- ----------------------------
-- Records of cms_material_group
-- ----------------------------
INSERT INTO `cms_material_group` VALUES ('1', null, '100', '默认分组', '默认', '1', '1', 'admin', '2019-11-09 20:28:58');
INSERT INTO `cms_material_group` VALUES ('2', null, '103', '研发分组', '研发', '2', '1', 'admin', '2019-11-09 20:28:56');
INSERT INTO `cms_material_group` VALUES ('3', null, '105', '测试分组', '测试部门', '3', '1', 'admin', '2019-11-09 20:28:55');

-- ----------------------------
-- Table structure for cms_material_use
-- ----------------------------
DROP TABLE IF EXISTS `cms_material_use`;
CREATE TABLE `cms_material_use` (
  `id` int(11) NOT NULL AUTO_INCREMENT COMMENT 'ID',
  `material_id` varchar(50) DEFAULT NULL COMMENT '素材ID',
  `use_table` varchar(50) DEFAULT NULL COMMENT '表名',
  `use_id` varchar(50) DEFAULT NULL COMMENT '比如cms_album_material表的album_id字段',
  `use_column` varchar(50) DEFAULT NULL COMMENT '比如cms_album_material表的album_id字段的列名“album_id”',
  `user_id` varchar(50) DEFAULT NULL COMMENT '创建人ID',
  `create_by` varchar(50) DEFAULT NULL COMMENT '创建人名称',
  `create_time` datetime DEFAULT NULL COMMENT '创建时间',
  PRIMARY KEY (`id`)
) ENGINE=InnoDB AUTO_INCREMENT=59 DEFAULT CHARSET=utf8;

-- ----------------------------
-- Records of cms_material_use
-- ----------------------------
INSERT INTO `cms_material_use` VALUES ('50', '2019111009322629296151', 'cms_album_material', '2019111014175065994146', 'album_id', null, '若依', '2019-11-17 16:56:17');
INSERT INTO `cms_material_use` VALUES ('51', '2019111009381073394848', 'cms_album_material', '2019111014175065994146', 'album_id', null, '若依', '2019-11-17 16:56:17');
INSERT INTO `cms_material_use` VALUES ('57', '2019111009382058929539', 'cms_album_material', '2019111014175065994147', 'album_id', null, '若依', '2019-11-19 10:42:53');
INSERT INTO `cms_material_use` VALUES ('58', '2019111009382058929539', 'cms_album_material', '2019111014175065994146', 'album_id', null, '若依', '2019-11-20 15:45:35');

-- ----------------------------
-- Table structure for cms_pv
-- ----------------------------
DROP TABLE IF EXISTS `cms_pv`;
CREATE TABLE `cms_pv` (
  `id` int(11) NOT NULL AUTO_INCREMENT COMMENT '主键',
  `uid` varchar(50) DEFAULT NULL COMMENT '用户ID',
  `module` varchar(50) DEFAULT NULL COMMENT '模块',
  `browser` varchar(50) DEFAULT NULL COMMENT '浏览器',
  `referer` varchar(255) DEFAULT NULL COMMENT 'referer',
  `os` varchar(50) DEFAULT NULL COMMENT '操作系统',
  `page_id` varchar(255) DEFAULT NULL COMMENT '页面内容ID',
  `url` varchar(255) DEFAULT NULL,
  `device_type` varchar(50) DEFAULT NULL,
  `time_zone` varchar(10) DEFAULT NULL COMMENT '时区',
  `ip` varchar(20) DEFAULT NULL COMMENT 'ip地址',
  `location` varchar(255) DEFAULT NULL COMMENT '地址',
  `create_time` datetime DEFAULT NULL,
  PRIMARY KEY (`id`)
) ENGINE=InnoDB AUTO_INCREMENT=48 DEFAULT CHARSET=utf8;

-- ----------------------------
-- Records of cms_pv
-- ----------------------------
INSERT INTO `cms_pv` VALUES ('3', null, null, 'Chrome', 'http://localhost/blog/article/2019111809345847875233', 'Win32', null, 'http://localhost/blog/article/2019111809345847875233', 'Computer', '-8', '127.0.0.1', null, '2019-11-29 10:52:08');
INSERT INTO `cms_pv` VALUES ('4', null, null, 'Chrome', 'http://localhost/blog/article/2019111809345847875233', 'Win32', null, 'http://localhost/blog/article/2019111809345847875233', 'Computer', '-8', '127.0.0.1', null, '2019-11-29 11:45:34');
INSERT INTO `cms_pv` VALUES ('5', null, null, 'Chrome', 'http://localhost/blog/article/2019111809345847875233', 'Win32', null, 'http://localhost/blog/article/2019111809345847875233', 'Computer', '-8', '127.0.0.1', null, '2019-11-29 11:45:34');
INSERT INTO `cms_pv` VALUES ('6', null, null, 'Chrome', 'http://localhost/blog/article/2019111809345847875233', 'Win32', null, 'http://localhost/blog/article/2019111809345847875233', 'Computer', '-8', '127.0.0.1', null, '2019-11-29 11:46:34');
INSERT INTO `cms_pv` VALUES ('7', null, null, 'Chrome', 'http://localhost/blog/siteMsg', 'Win32', null, 'http://localhost/blog/siteMsg', 'Computer', '-8', '127.0.0.1', null, '2019-11-29 20:36:50');
INSERT INTO `cms_pv` VALUES ('8', null, null, 'Chrome', 'http://localhost/blog/category', 'Win32', null, 'http://localhost/blog/category', 'Computer', '-8', '127.0.0.1', null, '2019-11-29 20:36:50');
INSERT INTO `cms_pv` VALUES ('9', null, null, 'Chrome', 'http://localhost/blog', 'Win32', null, 'http://localhost/blog', 'Computer', '-8', '127.0.0.1', null, '2019-11-29 20:36:50');
INSERT INTO `cms_pv` VALUES ('10', null, null, 'Chrome', 'http://localhost/blog/nav', 'Win32', null, 'http://localhost/blog/nav', 'Computer', '-8', '127.0.0.1', null, '2019-11-29 20:36:50');
INSERT INTO `cms_pv` VALUES ('11', null, null, 'Chrome', 'http://localhost/blog', 'Win32', null, 'http://localhost/blog', 'Computer', '-8', '127.0.0.1', null, '2019-12-01 11:32:16');
INSERT INTO `cms_pv` VALUES ('12', null, null, 'Chrome', 'http://localhost/blog/siteMsg', 'Win32', null, 'http://localhost/blog/siteMsg', 'Computer', '-8', '127.0.0.1', null, '2019-12-01 11:32:16');
INSERT INTO `cms_pv` VALUES ('13', null, null, 'Chrome', 'http://localhost/blog/nav', 'Win32', null, 'http://localhost/blog/nav', 'Computer', '-8', '127.0.0.1', null, '2019-12-01 11:32:16');
INSERT INTO `cms_pv` VALUES ('14', null, null, 'Chrome', 'http://localhost/blog/resource/list?pageSize=6', 'Win32', null, 'http://localhost/blog/resource/list?pageSize=6', 'Computer', '-8', '127.0.0.1', null, '2019-12-01 11:32:16');
INSERT INTO `cms_pv` VALUES ('15', null, null, 'Chrome', 'http://localhost/blog/category', 'Win32', null, 'http://localhost/blog/category', 'Computer', '-8', '127.0.0.1', null, '2019-12-01 11:32:16');
INSERT INTO `cms_pv` VALUES ('16', null, null, 'Chrome', 'http://localhost/blog', 'Win32', null, 'http://localhost/blog', 'Computer', '-8', '127.0.0.1', null, '2019-12-01 11:32:16');
INSERT INTO `cms_pv` VALUES ('17', null, null, 'Chrome', 'http://localhost/blog/article/9040', 'Win32', null, 'http://localhost/blog/article/9040', 'Computer', '-8', '127.0.0.1', null, '2019-12-01 11:32:16');
INSERT INTO `cms_pv` VALUES ('18', null, null, 'Chrome', 'http://localhost/blog/article/9040', 'Win32', null, 'http://localhost/blog/article/9040', 'Computer', '-8', '127.0.0.1', null, '2019-12-01 17:05:38');
INSERT INTO `cms_pv` VALUES ('19', null, null, 'Chrome', 'http://localhost/blog/article/2019111911234192715512', 'Win32', null, 'http://localhost/blog/article/2019111911234192715512', 'Computer', '-8', '127.0.0.1', null, '2019-12-01 17:05:38');
INSERT INTO `cms_pv` VALUES ('20', null, null, 'Chrome', 'http://localhost/blog/nav', 'Win32', null, 'http://localhost/blog/nav', 'Computer', '-8', '127.0.0.1', null, '2019-12-01 17:06:38');
INSERT INTO `cms_pv` VALUES ('21', null, null, 'Chrome', 'http://localhost/blog/nav/discovery', 'Win32', null, 'http://localhost/blog/nav/discovery', 'Computer', '-8', '127.0.0.1', null, '2019-12-01 17:06:38');
INSERT INTO `cms_pv` VALUES ('22', null, null, 'Chrome', 'http://localhost/blog/resource/list?pageSize=6', 'Win32', null, 'http://localhost/blog/resource/list?pageSize=6', 'Computer', '-8', '127.0.0.1', null, '2019-12-01 17:06:38');
INSERT INTO `cms_pv` VALUES ('23', null, null, 'Chrome', 'http://localhost/blog/category', 'Win32', null, 'http://localhost/blog/category', 'Computer', '-8', '127.0.0.1', null, '2019-12-01 17:06:38');
INSERT INTO `cms_pv` VALUES ('24', null, null, 'Chrome', 'http://localhost/blog/tag/31', 'Win32', null, 'http://localhost/blog/tag/31', 'Computer', '-8', '127.0.0.1', null, '2019-12-01 17:06:38');
INSERT INTO `cms_pv` VALUES ('25', null, null, 'Chrome', 'http://localhost/blog', 'Win32', null, 'http://localhost/blog', 'Computer', '-8', '127.0.0.1', null, '2019-12-01 17:06:38');
INSERT INTO `cms_pv` VALUES ('26', null, null, 'Chrome', 'http://localhost/blog', 'Win32', null, 'http://localhost/blog', 'Computer', '-8', '127.0.0.1', null, '2019-12-01 19:07:17');
INSERT INTO `cms_pv` VALUES ('27', null, null, 'Chrome', 'http://localhost/blog/category', 'Win32', null, 'http://localhost/blog/category', 'Computer', '-8', '127.0.0.1', null, '2019-12-01 19:07:17');
INSERT INTO `cms_pv` VALUES ('28', null, null, 'Chrome', 'http://localhost/blog/resource/list?pageSize=6', 'Win32', null, 'http://localhost/blog/resource/list?pageSize=6', 'Computer', '-8', '127.0.0.1', null, '2019-12-01 19:07:17');
INSERT INTO `cms_pv` VALUES ('29', null, null, 'Chrome', 'http://localhost/blog/resource/list?pageSize=6', 'Win32', null, 'http://localhost/blog/resource/list?pageSize=6', 'Computer', '-8', '127.0.0.1', null, '2019-12-01 21:34:46');
INSERT INTO `cms_pv` VALUES ('30', null, null, 'Chrome', 'http://localhost/blog', 'Win32', null, 'http://localhost/blog', 'Computer', '-8', '127.0.0.1', null, '2019-12-03 15:22:35');
INSERT INTO `cms_pv` VALUES ('31', null, null, 'Chrome', 'http://localhost/blog/category', 'Win32', null, 'http://localhost/blog/category', 'Computer', '-8', '127.0.0.1', null, '2019-12-03 15:22:35');
INSERT INTO `cms_pv` VALUES ('32', null, null, 'Chrome', 'http://localhost/blog/resource/list?pageSize=6', 'Win32', null, 'http://localhost/blog/resource/list?pageSize=6', 'Computer', '-8', '127.0.0.1', null, '2019-12-03 15:22:35');
INSERT INTO `cms_pv` VALUES ('33', null, null, 'Chrome', 'http://localhost/blog/nav', 'Win32', null, 'http://localhost/blog/nav', 'Computer', '-8', '127.0.0.1', null, '2019-12-03 15:22:35');
INSERT INTO `cms_pv` VALUES ('34', null, null, 'Chrome', 'http://localhost/blog/siteMsg', 'Win32', null, 'http://localhost/blog/siteMsg', 'Computer', '-8', '127.0.0.1', null, '2019-12-03 15:22:35');
INSERT INTO `cms_pv` VALUES ('35', null, null, 'Chrome', 'http://localhost/blog/category', 'Win32', null, 'http://localhost/blog/category', 'Computer', '-8', '127.0.0.1', null, '2019-12-03 15:22:35');
INSERT INTO `cms_pv` VALUES ('36', null, null, 'Chrome', 'http://localhost/blog/article/2019111911233976422723', 'Win32', null, 'http://localhost/blog/article/2019111911233976422723', 'Computer', '-8', '127.0.0.1', null, '2019-12-03 15:22:35');
INSERT INTO `cms_pv` VALUES ('37', null, null, 'Chrome', 'http://localhost/blog', 'Win32', null, 'http://localhost/blog', 'Computer', '-8', '127.0.0.1', null, '2019-12-04 09:41:15');
INSERT INTO `cms_pv` VALUES ('38', null, null, 'Chrome', 'http://localhost/blog/category', 'Win32', null, 'http://localhost/blog/category', 'Computer', '-8', '127.0.0.1', null, '2019-12-04 09:41:15');
INSERT INTO `cms_pv` VALUES ('39', null, null, 'Chrome', 'http://localhost/blog/resource/list?pageSize=6', 'Win32', null, 'http://localhost/blog/resource/list?pageSize=6', 'Computer', '-8', '127.0.0.1', null, '2019-12-04 09:41:15');
INSERT INTO `cms_pv` VALUES ('40', null, null, 'Chrome', 'http://localhost/blog/nav', 'Win32', null, 'http://localhost/blog/nav', 'Computer', '-8', '127.0.0.1', null, '2019-12-04 09:41:15');
INSERT INTO `cms_pv` VALUES ('41', null, null, 'Chrome', 'http://localhost/blog/siteMsg', 'Win32', null, 'http://localhost/blog/siteMsg', 'Computer', '-8', '127.0.0.1', null, '2019-12-04 09:41:15');
INSERT INTO `cms_pv` VALUES ('42', null, null, 'Chrome', 'http://localhost/blog/nav', 'Win32', null, 'http://localhost/blog/nav', 'Computer', '-8', '127.0.0.1', null, '2019-12-04 09:41:15');
INSERT INTO `cms_pv` VALUES ('43', null, null, 'Chrome', 'http://localhost/blog/resource/list?pageSize=6', 'Win32', null, 'http://localhost/blog/resource/list?pageSize=6', 'Computer', '-8', '127.0.0.1', null, '2019-12-04 09:41:15');
INSERT INTO `cms_pv` VALUES ('44', null, null, 'Chrome', 'http://localhost/blog/siteMsg', 'Win32', null, 'http://localhost/blog/siteMsg', 'Computer', '-8', '127.0.0.1', null, '2019-12-04 09:41:15');
INSERT INTO `cms_pv` VALUES ('45', null, null, 'Chrome', 'http://localhost/blog', 'Win32', null, 'http://localhost/blog', 'Computer', '-8', '127.0.0.1', null, '2019-12-04 09:41:15');
INSERT INTO `cms_pv` VALUES ('46', null, null, 'Chrome', 'http://localhost/blog/category', 'Win32', null, 'http://localhost/blog/category', 'Computer', '-8', '127.0.0.1', null, '2019-12-04 09:42:15');
INSERT INTO `cms_pv` VALUES ('47', null, null, 'Chrome', 'http://localhost/blog', 'Win32', null, 'http://localhost/blog', 'Computer', '-8', '127.0.0.1', null, '2019-12-04 09:42:15');

-- ----------------------------
-- Table structure for cms_resource
-- ----------------------------
DROP TABLE IF EXISTS `cms_resource`;
CREATE TABLE `cms_resource` (
  `id` varchar(64) NOT NULL COMMENT '资源ID',
  `resource_region` varchar(50) DEFAULT NULL COMMENT '资源专区',
  `title` varchar(100) NOT NULL COMMENT '资源名称',
  `type` varchar(10) NOT NULL COMMENT '资源类型',
  `description` varchar(255) DEFAULT NULL COMMENT '资源描述',
  `detail` longtext COMMENT '详情',
  `size` varchar(20) DEFAULT NULL COMMENT '资源大小',
  `save_path` varchar(255) DEFAULT NULL COMMENT '保存路径',
  `cover_image` varchar(255) DEFAULT NULL COMMENT '缩略图',
  `audit_state` varchar(20) DEFAULT '0' COMMENT '审核状态 0待审批2未通过1通过',
  `score` smallint(6) DEFAULT NULL COMMENT '评分 1-5',
  `download_type` varchar(20) DEFAULT '0' COMMENT '下载类型 0直接下载 1登录后下载 2关注下载',
  `favourite_count` int(11) DEFAULT '0' COMMENT '收藏数',
  `download_count` int(11) DEFAULT '0' COMMENT '下载次数',
  `hit` int(11) DEFAULT '0' COMMENT '点击数',
  `up_vote` int(11) DEFAULT '0' COMMENT '点赞数',
  `free` smallint(6) DEFAULT NULL COMMENT '付费 0免费 1收费',
  `pay_type` varchar(50) DEFAULT NULL COMMENT '付费类型 1 积分 2扫码支付',
  `cost` int(11) DEFAULT '0' COMMENT '花费多少积分',
  `tag_ids` varchar(255) DEFAULT NULL COMMENT '标签',
  `user_id` varchar(50) DEFAULT NULL COMMENT '上传人用户ID',
  `user_name` varchar(255) DEFAULT NULL COMMENT '上传人',
  `create_time` datetime DEFAULT NULL COMMENT '上传日期',
  `update_time` datetime DEFAULT NULL COMMENT '上传者 id',
  `status` smallint(6) DEFAULT '0' COMMENT '状态 0 正常 1停用',
  `remark` varchar(255) DEFAULT NULL COMMENT '备注',
  PRIMARY KEY (`id`)
) ENGINE=InnoDB DEFAULT CHARSET=utf8;

-- ----------------------------
-- Records of cms_resource
-- ----------------------------
INSERT INTO `cms_resource` VALUES ('2019112319350975585661', 'recommend', 'Avatar响应式博客模版主题，免费下载', '1', '嗯，终于还是写了响应式这次。算是满足某黄的个人私欲吧，科科。虽然是个尝鲜版，但基本上该有的功能都有了。嗯嗯，废话不多说，直接切入主题。', '<p><br/></p><p style=\"box-sizing: border-box; border: medium none; margin-top: 0px; margin-bottom: 0px; padding: 0px; text-size-adjust: none; color: rgb(69, 69, 69); font-family: &quot;PingFang SC&quot;, &quot;Lantinghei SC&quot;, &quot;Microsoft YaHei&quot;, &quot;HanHei SC&quot;, &quot;Helvetica Neue&quot;, &quot;Open Sans&quot;, Arial, &quot;Hiragino Sans GB&quot;, 微软雅黑, STHeiti, &quot;WenQuanYi Micro Hei&quot;, SimSun, sans-serif; font-size: 14px; white-space: normal; background-color: rgb(254, 254, 254); text-align: center; -webkit-tap-highlight-color: rgba(0, 0, 0, 0) !important;\"><img src=\"https://www.duoguyu.com/uploads/ueditor/image/20190621/1561132050443308.jpg\" title=\"Avatar响应式博客模版主题-尝鲜版，免费下载\" alt=\"Avatar响应式博客模版主题-尝鲜版，免费下载\" style=\"box-sizing: border-box; border: medium none; margin: 20px 0px 0px; padding: 0px; max-width: 680px; width: 680px;\"/></p><p style=\"box-sizing: border-box; border: medium none; margin-top: 0px; margin-bottom: 0px; padding: 0px; text-size-adjust: none; color: rgb(69, 69, 69); font-family: &quot;PingFang SC&quot;, &quot;Lantinghei SC&quot;, &quot;Microsoft YaHei&quot;, &quot;HanHei SC&quot;, &quot;Helvetica Neue&quot;, &quot;Open Sans&quot;, Arial, &quot;Hiragino Sans GB&quot;, 微软雅黑, STHeiti, &quot;WenQuanYi Micro Hei&quot;, SimSun, sans-serif; font-size: 14px; text-align: justify; white-space: normal; background-color: rgb(254, 254, 254); -webkit-tap-highlight-color: rgba(0, 0, 0, 0) !important;\"><br style=\"box-sizing: border-box;\"/></p><p style=\"box-sizing: border-box; border: medium none; margin-top: 0px; margin-bottom: 0px; padding: 0px; text-size-adjust: none; color: rgb(69, 69, 69); font-family: &quot;PingFang SC&quot;, &quot;Lantinghei SC&quot;, &quot;Microsoft YaHei&quot;, &quot;HanHei SC&quot;, &quot;Helvetica Neue&quot;, &quot;Open Sans&quot;, Arial, &quot;Hiragino Sans GB&quot;, 微软雅黑, STHeiti, &quot;WenQuanYi Micro Hei&quot;, SimSun, sans-serif; font-size: 14px; text-align: justify; white-space: normal; background-color: rgb(254, 254, 254); -webkit-tap-highlight-color: rgba(0, 0, 0, 0) !important;\">嗯，终于还是写了响应式这次。算是满足某黄的个人私欲吧，科科。</p><p style=\"box-sizing: border-box; border: medium none; margin-top: 0px; margin-bottom: 0px; padding: 0px; text-size-adjust: none; color: rgb(69, 69, 69); font-family: &quot;PingFang SC&quot;, &quot;Lantinghei SC&quot;, &quot;Microsoft YaHei&quot;, &quot;HanHei SC&quot;, &quot;Helvetica Neue&quot;, &quot;Open Sans&quot;, Arial, &quot;Hiragino Sans GB&quot;, 微软雅黑, STHeiti, &quot;WenQuanYi Micro Hei&quot;, SimSun, sans-serif; font-size: 14px; text-align: justify; white-space: normal; background-color: rgb(254, 254, 254); -webkit-tap-highlight-color: rgba(0, 0, 0, 0) !important;\">虽然是个尝鲜版，但基本上该有的功能都有了。</p><p style=\"box-sizing: border-box; border: medium none; margin-top: 0px; margin-bottom: 0px; padding: 0px; text-size-adjust: none; color: rgb(69, 69, 69); font-family: &quot;PingFang SC&quot;, &quot;Lantinghei SC&quot;, &quot;Microsoft YaHei&quot;, &quot;HanHei SC&quot;, &quot;Helvetica Neue&quot;, &quot;Open Sans&quot;, Arial, &quot;Hiragino Sans GB&quot;, 微软雅黑, STHeiti, &quot;WenQuanYi Micro Hei&quot;, SimSun, sans-serif; font-size: 14px; text-align: justify; white-space: normal; background-color: rgb(254, 254, 254); -webkit-tap-highlight-color: rgba(0, 0, 0, 0) !important;\">嗯嗯，废话不多说，直接切入主题。</p><p style=\"box-sizing: border-box; border: medium none; margin-top: 0px; margin-bottom: 0px; padding: 0px; text-size-adjust: none; color: rgb(69, 69, 69); font-family: &quot;PingFang SC&quot;, &quot;Lantinghei SC&quot;, &quot;Microsoft YaHei&quot;, &quot;HanHei SC&quot;, &quot;Helvetica Neue&quot;, &quot;Open Sans&quot;, Arial, &quot;Hiragino Sans GB&quot;, 微软雅黑, STHeiti, &quot;WenQuanYi Micro Hei&quot;, SimSun, sans-serif; font-size: 14px; text-align: justify; white-space: normal; background-color: rgb(254, 254, 254); -webkit-tap-highlight-color: rgba(0, 0, 0, 0) !important;\"><br style=\"box-sizing: border-box;\"/></p><p style=\"box-sizing: border-box; border: medium none; margin-top: 0px; margin-bottom: 0px; padding: 0px; text-size-adjust: none; color: rgb(69, 69, 69); font-family: &quot;PingFang SC&quot;, &quot;Lantinghei SC&quot;, &quot;Microsoft YaHei&quot;, &quot;HanHei SC&quot;, &quot;Helvetica Neue&quot;, &quot;Open Sans&quot;, Arial, &quot;Hiragino Sans GB&quot;, 微软雅黑, STHeiti, &quot;WenQuanYi Micro Hei&quot;, SimSun, sans-serif; font-size: 14px; text-align: justify; white-space: normal; background-color: rgb(254, 254, 254); -webkit-tap-highlight-color: rgba(0, 0, 0, 0) !important;\">说下由来，Avatar模版主题，是5月9号新写的主题，参考了一部分现在比较流行的博客风格，依旧是走的极简风。</p><p style=\"box-sizing: border-box; border: medium none; margin-top: 0px; margin-bottom: 0px; padding: 0px; text-size-adjust: none; color: rgb(69, 69, 69); font-family: &quot;PingFang SC&quot;, &quot;Lantinghei SC&quot;, &quot;Microsoft YaHei&quot;, &quot;HanHei SC&quot;, &quot;Helvetica Neue&quot;, &quot;Open Sans&quot;, Arial, &quot;Hiragino Sans GB&quot;, 微软雅黑, STHeiti, &quot;WenQuanYi Micro Hei&quot;, SimSun, sans-serif; font-size: 14px; text-align: justify; white-space: normal; background-color: rgb(254, 254, 254); -webkit-tap-highlight-color: rgba(0, 0, 0, 0) !important;\">主要的更新日志：</p><p style=\"box-sizing: border-box; border: medium none; margin-top: 0px; margin-bottom: 0px; padding: 0px; text-size-adjust: none; color: rgb(69, 69, 69); font-family: &quot;PingFang SC&quot;, &quot;Lantinghei SC&quot;, &quot;Microsoft YaHei&quot;, &quot;HanHei SC&quot;, &quot;Helvetica Neue&quot;, &quot;Open Sans&quot;, Arial, &quot;Hiragino Sans GB&quot;, 微软雅黑, STHeiti, &quot;WenQuanYi Micro Hei&quot;, SimSun, sans-serif; font-size: 14px; text-align: justify; white-space: normal; background-color: rgb(254, 254, 254); -webkit-tap-highlight-color: rgba(0, 0, 0, 0) !important;\">&nbsp;&nbsp;&nbsp;&nbsp;1，升级全新界面风格，调整至1100px容器宽度，优化导航栏目;&nbsp;</p><p style=\"box-sizing: border-box; border: medium none; margin-top: 0px; margin-bottom: 0px; padding: 0px; text-size-adjust: none; color: rgb(69, 69, 69); font-family: &quot;PingFang SC&quot;, &quot;Lantinghei SC&quot;, &quot;Microsoft YaHei&quot;, &quot;HanHei SC&quot;, &quot;Helvetica Neue&quot;, &quot;Open Sans&quot;, Arial, &quot;Hiragino Sans GB&quot;, 微软雅黑, STHeiti, &quot;WenQuanYi Micro Hei&quot;, SimSun, sans-serif; font-size: 14px; text-align: justify; white-space: normal; background-color: rgb(254, 254, 254); -webkit-tap-highlight-color: rgba(0, 0, 0, 0) !important;\">&nbsp;&nbsp;&nbsp;&nbsp;2，增加“隔三岔五”栏目，不定期更新一篇语录及配图;&nbsp;</p><p style=\"box-sizing: border-box; border: medium none; margin-top: 0px; margin-bottom: 0px; padding: 0px; text-size-adjust: none; color: rgb(69, 69, 69); font-family: &quot;PingFang SC&quot;, &quot;Lantinghei SC&quot;, &quot;Microsoft YaHei&quot;, &quot;HanHei SC&quot;, &quot;Helvetica Neue&quot;, &quot;Open Sans&quot;, Arial, &quot;Hiragino Sans GB&quot;, 微软雅黑, STHeiti, &quot;WenQuanYi Micro Hei&quot;, SimSun, sans-serif; font-size: 14px; text-align: justify; white-space: normal; background-color: rgb(254, 254, 254); -webkit-tap-highlight-color: rgba(0, 0, 0, 0) !important;\">&nbsp;&nbsp;&nbsp;&nbsp;3，调整文章列表布局，优化资讯内容风格;&nbsp;</p><p style=\"box-sizing: border-box; border: medium none; margin-top: 0px; margin-bottom: 0px; padding: 0px; text-size-adjust: none; color: rgb(69, 69, 69); font-family: &quot;PingFang SC&quot;, &quot;Lantinghei SC&quot;, &quot;Microsoft YaHei&quot;, &quot;HanHei SC&quot;, &quot;Helvetica Neue&quot;, &quot;Open Sans&quot;, Arial, &quot;Hiragino Sans GB&quot;, 微软雅黑, STHeiti, &quot;WenQuanYi Micro Hei&quot;, SimSun, sans-serif; font-size: 14px; text-align: justify; white-space: normal; background-color: rgb(254, 254, 254); -webkit-tap-highlight-color: rgba(0, 0, 0, 0) !important;\">&nbsp; &nbsp; 4，首页增加“最新留言”板块，展示最近3条留言信息，将首页“推荐资源”栏目，修改为滑动视觉效果; 优化首页友联UI等。</p><p style=\"box-sizing: border-box; border: medium none; margin-top: 0px; margin-bottom: 0px; padding: 0px; text-size-adjust: none; color: rgb(69, 69, 69); font-family: &quot;PingFang SC&quot;, &quot;Lantinghei SC&quot;, &quot;Microsoft YaHei&quot;, &quot;HanHei SC&quot;, &quot;Helvetica Neue&quot;, &quot;Open Sans&quot;, Arial, &quot;Hiragino Sans GB&quot;, 微软雅黑, STHeiti, &quot;WenQuanYi Micro Hei&quot;, SimSun, sans-serif; font-size: 14px; text-align: justify; white-space: normal; background-color: rgb(254, 254, 254); -webkit-tap-highlight-color: rgba(0, 0, 0, 0) !important;\"><br style=\"box-sizing: border-box;\"/></p><p style=\"box-sizing: border-box; border: medium none; margin-top: 0px; margin-bottom: 0px; padding: 0px; text-size-adjust: none; color: rgb(69, 69, 69); font-family: &quot;PingFang SC&quot;, &quot;Lantinghei SC&quot;, &quot;Microsoft YaHei&quot;, &quot;HanHei SC&quot;, &quot;Helvetica Neue&quot;, &quot;Open Sans&quot;, Arial, &quot;Hiragino Sans GB&quot;, 微软雅黑, STHeiti, &quot;WenQuanYi Micro Hei&quot;, SimSun, sans-serif; font-size: 14px; text-align: justify; white-space: normal; background-color: rgb(254, 254, 254); -webkit-tap-highlight-color: rgba(0, 0, 0, 0) !important;\">以及，正式<strong style=\"box-sizing: border-box;\">升级为响应式</strong>（虽然界面有点low，后续会不定期优化）。</p><p style=\"box-sizing: border-box; border: medium none; margin-top: 0px; margin-bottom: 0px; padding: 0px; text-size-adjust: none; color: rgb(69, 69, 69); font-family: &quot;PingFang SC&quot;, &quot;Lantinghei SC&quot;, &quot;Microsoft YaHei&quot;, &quot;HanHei SC&quot;, &quot;Helvetica Neue&quot;, &quot;Open Sans&quot;, Arial, &quot;Hiragino Sans GB&quot;, 微软雅黑, STHeiti, &quot;WenQuanYi Micro Hei&quot;, SimSun, sans-serif; font-size: 14px; text-align: justify; white-space: normal; background-color: rgb(254, 254, 254); -webkit-tap-highlight-color: rgba(0, 0, 0, 0) !important;\"><br style=\"box-sizing: border-box;\"/></p><p style=\"box-sizing: border-box; border: medium none; margin-top: 0px; margin-bottom: 0px; padding: 0px; text-size-adjust: none; color: rgb(69, 69, 69); font-family: &quot;PingFang SC&quot;, &quot;Lantinghei SC&quot;, &quot;Microsoft YaHei&quot;, &quot;HanHei SC&quot;, &quot;Helvetica Neue&quot;, &quot;Open Sans&quot;, Arial, &quot;Hiragino Sans GB&quot;, 微软雅黑, STHeiti, &quot;WenQuanYi Micro Hei&quot;, SimSun, sans-serif; font-size: 14px; text-align: justify; white-space: normal; background-color: rgb(254, 254, 254); -webkit-tap-highlight-color: rgba(0, 0, 0, 0) !important;\"><br style=\"box-sizing: border-box;\"/></p><h4 style=\"box-sizing: border-box; border: medium none; margin: 0px 0px 10px; padding: 0px; text-size-adjust: none; font-size: 14px; color: rgb(102, 102, 102); font-family: &quot;PingFang SC&quot;, &quot;Lantinghei SC&quot;, &quot;Microsoft YaHei&quot;, &quot;HanHei SC&quot;, &quot;Helvetica Neue&quot;, &quot;Open Sans&quot;, Arial, &quot;Hiragino Sans GB&quot;, 微软雅黑, STHeiti, &quot;WenQuanYi Micro Hei&quot;, SimSun, sans-serif; text-align: justify; white-space: normal; background-color: rgb(254, 254, 254); -webkit-tap-highlight-color: rgba(0, 0, 0, 0) !important;\"># 界面示例图 #<br style=\"box-sizing: border-box;\"/></h4><p style=\"box-sizing: border-box; border: medium none; margin-top: 0px; margin-bottom: 0px; padding: 0px; text-size-adjust: none; color: rgb(69, 69, 69); font-family: &quot;PingFang SC&quot;, &quot;Lantinghei SC&quot;, &quot;Microsoft YaHei&quot;, &quot;HanHei SC&quot;, &quot;Helvetica Neue&quot;, &quot;Open Sans&quot;, Arial, &quot;Hiragino Sans GB&quot;, 微软雅黑, STHeiti, &quot;WenQuanYi Micro Hei&quot;, SimSun, sans-serif; font-size: 14px; text-align: justify; white-space: normal; background-color: rgb(254, 254, 254); -webkit-tap-highlight-color: rgba(0, 0, 0, 0) !important;\">1, PC端显示效果</p><p style=\"box-sizing: border-box; border: medium none; margin-top: 0px; margin-bottom: 0px; padding: 0px; text-size-adjust: none; color: rgb(69, 69, 69); font-family: &quot;PingFang SC&quot;, &quot;Lantinghei SC&quot;, &quot;Microsoft YaHei&quot;, &quot;HanHei SC&quot;, &quot;Helvetica Neue&quot;, &quot;Open Sans&quot;, Arial, &quot;Hiragino Sans GB&quot;, 微软雅黑, STHeiti, &quot;WenQuanYi Micro Hei&quot;, SimSun, sans-serif; font-size: 14px; white-space: normal; background-color: rgb(254, 254, 254); text-align: center; -webkit-tap-highlight-color: rgba(0, 0, 0, 0) !important;\"><img src=\"https://www.duoguyu.com/uploads/ueditor/image/20190622/1561171722124033.jpg\" title=\"Avatar响应式博客模版主题-尝鲜版，免费下载\" alt=\"Avatar响应式博客模版主题-尝鲜版，免费下载\" style=\"box-sizing: border-box; border: medium none; margin: 20px 0px 0px; padding: 0px; max-width: 680px; width: 680px;\"/></p><p style=\"box-sizing: border-box; border: medium none; margin-top: 0px; margin-bottom: 0px; padding: 0px; text-size-adjust: none; color: rgb(69, 69, 69); font-family: &quot;PingFang SC&quot;, &quot;Lantinghei SC&quot;, &quot;Microsoft YaHei&quot;, &quot;HanHei SC&quot;, &quot;Helvetica Neue&quot;, &quot;Open Sans&quot;, Arial, &quot;Hiragino Sans GB&quot;, 微软雅黑, STHeiti, &quot;WenQuanYi Micro Hei&quot;, SimSun, sans-serif; font-size: 14px; white-space: normal; background-color: rgb(254, 254, 254); text-align: center; -webkit-tap-highlight-color: rgba(0, 0, 0, 0) !important;\"><img src=\"https://www.duoguyu.com/uploads/ueditor/image/20190622/1561171736349387.jpg\" title=\"Avatar响应式博客模版主题-尝鲜版，免费下载\" alt=\"Avatar响应式博客模版主题-尝鲜版，免费下载\" style=\"box-sizing: border-box; border: medium none; margin: 20px 0px 0px; padding: 0px; max-width: 680px; width: 680px;\"/></p><p style=\"box-sizing: border-box; border: medium none; margin-top: 0px; margin-bottom: 0px; padding: 0px; text-size-adjust: none; color: rgb(69, 69, 69); font-family: &quot;PingFang SC&quot;, &quot;Lantinghei SC&quot;, &quot;Microsoft YaHei&quot;, &quot;HanHei SC&quot;, &quot;Helvetica Neue&quot;, &quot;Open Sans&quot;, Arial, &quot;Hiragino Sans GB&quot;, 微软雅黑, STHeiti, &quot;WenQuanYi Micro Hei&quot;, SimSun, sans-serif; font-size: 14px; white-space: normal; background-color: rgb(254, 254, 254); text-align: center; -webkit-tap-highlight-color: rgba(0, 0, 0, 0) !important;\"><img src=\"https://www.duoguyu.com/uploads/ueditor/image/20190622/1561171746764543.jpg\" title=\"Avatar响应式博客模版主题-尝鲜版，免费下载\" alt=\"Avatar响应式博客模版主题-尝鲜版，免费下载\" style=\"box-sizing: border-box; border: medium none; margin: 20px 0px 0px; padding: 0px; max-width: 680px; width: 680px;\"/></p><p style=\"box-sizing: border-box; border: medium none; margin-top: 0px; margin-bottom: 0px; padding: 0px; text-size-adjust: none; color: rgb(69, 69, 69); font-family: &quot;PingFang SC&quot;, &quot;Lantinghei SC&quot;, &quot;Microsoft YaHei&quot;, &quot;HanHei SC&quot;, &quot;Helvetica Neue&quot;, &quot;Open Sans&quot;, Arial, &quot;Hiragino Sans GB&quot;, 微软雅黑, STHeiti, &quot;WenQuanYi Micro Hei&quot;, SimSun, sans-serif; font-size: 14px; white-space: normal; background-color: rgb(254, 254, 254); text-align: center; -webkit-tap-highlight-color: rgba(0, 0, 0, 0) !important;\"><img src=\"https://www.duoguyu.com/uploads/ueditor/image/20190622/1561171759801508.jpg\" title=\"Avatar响应式博客模版主题-尝鲜版，免费下载\" alt=\"Avatar响应式博客模版主题-尝鲜版，免费下载\" style=\"box-sizing: border-box; border: medium none; margin: 20px 0px 0px; padding: 0px; max-width: 680px; width: 680px;\"/></p><p style=\"box-sizing: border-box; border: medium none; margin-top: 0px; margin-bottom: 0px; padding: 0px; text-size-adjust: none; color: rgb(69, 69, 69); font-family: &quot;PingFang SC&quot;, &quot;Lantinghei SC&quot;, &quot;Microsoft YaHei&quot;, &quot;HanHei SC&quot;, &quot;Helvetica Neue&quot;, &quot;Open Sans&quot;, Arial, &quot;Hiragino Sans GB&quot;, 微软雅黑, STHeiti, &quot;WenQuanYi Micro Hei&quot;, SimSun, sans-serif; font-size: 14px; text-align: justify; white-space: normal; background-color: rgb(254, 254, 254); -webkit-tap-highlight-color: rgba(0, 0, 0, 0) !important;\"><br style=\"box-sizing: border-box;\"/></p><p style=\"box-sizing: border-box; border: medium none; margin-top: 0px; margin-bottom: 0px; padding: 0px; text-size-adjust: none; color: rgb(69, 69, 69); font-family: &quot;PingFang SC&quot;, &quot;Lantinghei SC&quot;, &quot;Microsoft YaHei&quot;, &quot;HanHei SC&quot;, &quot;Helvetica Neue&quot;, &quot;Open Sans&quot;, Arial, &quot;Hiragino Sans GB&quot;, 微软雅黑, STHeiti, &quot;WenQuanYi Micro Hei&quot;, SimSun, sans-serif; font-size: 14px; text-align: justify; white-space: normal; background-color: rgb(254, 254, 254); -webkit-tap-highlight-color: rgba(0, 0, 0, 0) !important;\">2, 移动端显示效果</p><p style=\"box-sizing: border-box; border: medium none; margin-top: 0px; margin-bottom: 0px; padding: 0px; text-size-adjust: none; color: rgb(69, 69, 69); font-family: &quot;PingFang SC&quot;, &quot;Lantinghei SC&quot;, &quot;Microsoft YaHei&quot;, &quot;HanHei SC&quot;, &quot;Helvetica Neue&quot;, &quot;Open Sans&quot;, Arial, &quot;Hiragino Sans GB&quot;, 微软雅黑, STHeiti, &quot;WenQuanYi Micro Hei&quot;, SimSun, sans-serif; font-size: 14px; white-space: normal; background-color: rgb(254, 254, 254); text-align: center; -webkit-tap-highlight-color: rgba(0, 0, 0, 0) !important;\"><img src=\"https://www.duoguyu.com/uploads/ueditor/image/20190622/1561171784369481.jpg\" title=\"Avatar响应式博客模版主题-尝鲜版，免费下载\" alt=\"Avatar响应式博客模版主题-尝鲜版，免费下载\" style=\"box-sizing: border-box; border: medium none; margin: 20px 0px 0px; padding: 0px; max-width: 680px; width: 680px;\"/></p><p style=\"box-sizing: border-box; border: medium none; margin-top: 0px; margin-bottom: 0px; padding: 0px; text-size-adjust: none; color: rgb(69, 69, 69); font-family: &quot;PingFang SC&quot;, &quot;Lantinghei SC&quot;, &quot;Microsoft YaHei&quot;, &quot;HanHei SC&quot;, &quot;Helvetica Neue&quot;, &quot;Open Sans&quot;, Arial, &quot;Hiragino Sans GB&quot;, 微软雅黑, STHeiti, &quot;WenQuanYi Micro Hei&quot;, SimSun, sans-serif; font-size: 14px; white-space: normal; background-color: rgb(254, 254, 254); text-align: center; -webkit-tap-highlight-color: rgba(0, 0, 0, 0) !important;\"><img src=\"https://www.duoguyu.com/uploads/ueditor/image/20190622/1561171795940108.jpg\" title=\"Avatar响应式博客模版主题-尝鲜版，免费下载\" alt=\"Avatar响应式博客模版主题-尝鲜版，免费下载\" style=\"box-sizing: border-box; border: medium none; margin: 20px 0px 0px; padding: 0px; max-width: 680px; width: 680px;\"/></p><h4 style=\"box-sizing: border-box; border: medium none; margin: 0px 0px 10px; padding: 0px; text-size-adjust: none; font-size: 14px; color: rgb(102, 102, 102); font-family: &quot;PingFang SC&quot;, &quot;Lantinghei SC&quot;, &quot;Microsoft YaHei&quot;, &quot;HanHei SC&quot;, &quot;Helvetica Neue&quot;, &quot;Open Sans&quot;, Arial, &quot;Hiragino Sans GB&quot;, 微软雅黑, STHeiti, &quot;WenQuanYi Micro Hei&quot;, SimSun, sans-serif; text-align: justify; white-space: normal; background-color: rgb(254, 254, 254); -webkit-tap-highlight-color: rgba(0, 0, 0, 0) !important;\"><br style=\"box-sizing: border-box;\"/></h4><p style=\"box-sizing: border-box; border: medium none; margin-top: 0px; margin-bottom: 0px; padding: 0px; text-size-adjust: none; color: rgb(69, 69, 69); font-family: &quot;PingFang SC&quot;, &quot;Lantinghei SC&quot;, &quot;Microsoft YaHei&quot;, &quot;HanHei SC&quot;, &quot;Helvetica Neue&quot;, &quot;Open Sans&quot;, Arial, &quot;Hiragino Sans GB&quot;, 微软雅黑, STHeiti, &quot;WenQuanYi Micro Hei&quot;, SimSun, sans-serif; font-size: 14px; text-align: justify; white-space: normal; background-color: rgb(254, 254, 254); -webkit-tap-highlight-color: rgba(0, 0, 0, 0) !important;\"><br style=\"box-sizing: border-box;\"/></p><h4 style=\"box-sizing: border-box; border: medium none; margin: 0px 0px 10px; padding: 0px; text-size-adjust: none; font-size: 14px; color: rgb(102, 102, 102); font-family: &quot;PingFang SC&quot;, &quot;Lantinghei SC&quot;, &quot;Microsoft YaHei&quot;, &quot;HanHei SC&quot;, &quot;Helvetica Neue&quot;, &quot;Open Sans&quot;, Arial, &quot;Hiragino Sans GB&quot;, 微软雅黑, STHeiti, &quot;WenQuanYi Micro Hei&quot;, SimSun, sans-serif; text-align: justify; white-space: normal; background-color: rgb(254, 254, 254); -webkit-tap-highlight-color: rgba(0, 0, 0, 0) !important;\"># 模版文件夹-详细说明：</h4><p style=\"box-sizing: border-box; border: medium none; margin-top: 0px; margin-bottom: 0px; padding: 0px; text-size-adjust: none; color: rgb(69, 69, 69); font-family: &quot;PingFang SC&quot;, &quot;Lantinghei SC&quot;, &quot;Microsoft YaHei&quot;, &quot;HanHei SC&quot;, &quot;Helvetica Neue&quot;, &quot;Open Sans&quot;, Arial, &quot;Hiragino Sans GB&quot;, 微软雅黑, STHeiti, &quot;WenQuanYi Micro Hei&quot;, SimSun, sans-serif; font-size: 14px; text-align: justify; white-space: normal; background-color: rgb(254, 254, 254); -webkit-tap-highlight-color: rgba(0, 0, 0, 0) !important;\">结构说明如下图：</p><p style=\"box-sizing: border-box; border: medium none; margin-top: 0px; margin-bottom: 0px; padding: 0px; text-size-adjust: none; color: rgb(69, 69, 69); font-family: &quot;PingFang SC&quot;, &quot;Lantinghei SC&quot;, &quot;Microsoft YaHei&quot;, &quot;HanHei SC&quot;, &quot;Helvetica Neue&quot;, &quot;Open Sans&quot;, Arial, &quot;Hiragino Sans GB&quot;, 微软雅黑, STHeiti, &quot;WenQuanYi Micro Hei&quot;, SimSun, sans-serif; font-size: 14px; white-space: normal; background-color: rgb(254, 254, 254); text-align: center; -webkit-tap-highlight-color: rgba(0, 0, 0, 0) !important;\"><img src=\"https://www.duoguyu.com/uploads/ueditor/image/20190621/1561131155244175.jpg\" title=\"Avatar响应式博客模版主题-尝鲜版，免费下载\" alt=\"Avatar响应式博客模版主题-尝鲜版，免费下载\" style=\"box-sizing: border-box; border: medium none; margin: 20px 0px 0px; padding: 0px; max-width: 680px; width: 680px;\"/></p><p style=\"box-sizing: border-box; border: medium none; margin-top: 0px; margin-bottom: 0px; padding: 0px; text-size-adjust: none; color: rgb(69, 69, 69); font-family: &quot;PingFang SC&quot;, &quot;Lantinghei SC&quot;, &quot;Microsoft YaHei&quot;, &quot;HanHei SC&quot;, &quot;Helvetica Neue&quot;, &quot;Open Sans&quot;, Arial, &quot;Hiragino Sans GB&quot;, 微软雅黑, STHeiti, &quot;WenQuanYi Micro Hei&quot;, SimSun, sans-serif; font-size: 14px; text-align: justify; white-space: normal; background-color: rgb(254, 254, 254); -webkit-tap-highlight-color: rgba(0, 0, 0, 0) !important;\"><br style=\"box-sizing: border-box;\"/></p><p style=\"box-sizing: border-box; border: medium none; margin-top: 0px; margin-bottom: 0px; padding: 0px; text-size-adjust: none; color: rgb(69, 69, 69); font-family: &quot;PingFang SC&quot;, &quot;Lantinghei SC&quot;, &quot;Microsoft YaHei&quot;, &quot;HanHei SC&quot;, &quot;Helvetica Neue&quot;, &quot;Open Sans&quot;, Arial, &quot;Hiragino Sans GB&quot;, 微软雅黑, STHeiti, &quot;WenQuanYi Micro Hei&quot;, SimSun, sans-serif; font-size: 14px; text-align: justify; white-space: normal; background-color: rgb(254, 254, 254); -webkit-tap-highlight-color: rgba(0, 0, 0, 0) !important;\"><br style=\"box-sizing: border-box;\"/></p><p style=\"box-sizing: border-box; border: medium none; margin-top: 0px; margin-bottom: 0px; padding: 0px; text-size-adjust: none; color: rgb(69, 69, 69); font-family: &quot;PingFang SC&quot;, &quot;Lantinghei SC&quot;, &quot;Microsoft YaHei&quot;, &quot;HanHei SC&quot;, &quot;Helvetica Neue&quot;, &quot;Open Sans&quot;, Arial, &quot;Hiragino Sans GB&quot;, 微软雅黑, STHeiti, &quot;WenQuanYi Micro Hei&quot;, SimSun, sans-serif; font-size: 14px; text-align: justify; white-space: normal; background-color: rgb(254, 254, 254); -webkit-tap-highlight-color: rgba(0, 0, 0, 0) !important;\"><br style=\"box-sizing: border-box;\"/></p><p style=\"box-sizing: border-box; border: medium none; margin-top: 0px; margin-bottom: 0px; padding: 0px; text-size-adjust: none; color: rgb(69, 69, 69); font-family: &quot;PingFang SC&quot;, &quot;Lantinghei SC&quot;, &quot;Microsoft YaHei&quot;, &quot;HanHei SC&quot;, &quot;Helvetica Neue&quot;, &quot;Open Sans&quot;, Arial, &quot;Hiragino Sans GB&quot;, 微软雅黑, STHeiti, &quot;WenQuanYi Micro Hei&quot;, SimSun, sans-serif; font-size: 14px; text-align: justify; white-space: normal; background-color: rgb(254, 254, 254); -webkit-tap-highlight-color: rgba(0, 0, 0, 0) !important;\"><br style=\"box-sizing: border-box;\"/></p><h4 style=\"box-sizing: border-box; border: medium none; margin: 0px 0px 10px; padding: 0px; text-size-adjust: none; font-size: 14px; color: rgb(102, 102, 102); font-family: &quot;PingFang SC&quot;, &quot;Lantinghei SC&quot;, &quot;Microsoft YaHei&quot;, &quot;HanHei SC&quot;, &quot;Helvetica Neue&quot;, &quot;Open Sans&quot;, Arial, &quot;Hiragino Sans GB&quot;, 微软雅黑, STHeiti, &quot;WenQuanYi Micro Hei&quot;, SimSun, sans-serif; text-align: justify; white-space: normal; background-color: rgb(254, 254, 254); -webkit-tap-highlight-color: rgba(0, 0, 0, 0) !important;\"># 安装说明：<br style=\"box-sizing: border-box;\"/></h4><p style=\"box-sizing: border-box; border: medium none; margin-top: 0px; margin-bottom: 0px; padding: 0px; text-size-adjust: none; color: rgb(69, 69, 69); font-family: &quot;PingFang SC&quot;, &quot;Lantinghei SC&quot;, &quot;Microsoft YaHei&quot;, &quot;HanHei SC&quot;, &quot;Helvetica Neue&quot;, &quot;Open Sans&quot;, Arial, &quot;Hiragino Sans GB&quot;, 微软雅黑, STHeiti, &quot;WenQuanYi Micro Hei&quot;, SimSun, sans-serif; font-size: 14px; text-align: justify; white-space: normal; background-color: rgb(254, 254, 254); -webkit-tap-highlight-color: rgba(0, 0, 0, 0) !important;\">1，选择模版</p><p style=\"box-sizing: border-box; border: medium none; margin-top: 0px; margin-bottom: 0px; padding: 0px; text-size-adjust: none; color: rgb(69, 69, 69); font-family: &quot;PingFang SC&quot;, &quot;Lantinghei SC&quot;, &quot;Microsoft YaHei&quot;, &quot;HanHei SC&quot;, &quot;Helvetica Neue&quot;, &quot;Open Sans&quot;, Arial, &quot;Hiragino Sans GB&quot;, 微软雅黑, STHeiti, &quot;WenQuanYi Micro Hei&quot;, SimSun, sans-serif; font-size: 14px; white-space: normal; background-color: rgb(254, 254, 254); text-align: center; -webkit-tap-highlight-color: rgba(0, 0, 0, 0) !important;\"><img src=\"https://www.duoguyu.com/uploads/ueditor/image/20190621/1561131183944255.jpg\" title=\"Avatar响应式博客模版主题-尝鲜版，免费下载\" alt=\"Avatar响应式博客模版主题-尝鲜版，免费下载\" style=\"box-sizing: border-box; border: medium none; margin: 20px 0px 0px; padding: 0px; max-width: 680px; width: 680px;\"/></p><p style=\"box-sizing: border-box; border: medium none; margin-top: 0px; margin-bottom: 0px; padding: 0px; text-size-adjust: none; color: rgb(69, 69, 69); font-family: &quot;PingFang SC&quot;, &quot;Lantinghei SC&quot;, &quot;Microsoft YaHei&quot;, &quot;HanHei SC&quot;, &quot;Helvetica Neue&quot;, &quot;Open Sans&quot;, Arial, &quot;Hiragino Sans GB&quot;, 微软雅黑, STHeiti, &quot;WenQuanYi Micro Hei&quot;, SimSun, sans-serif; font-size: 14px; text-align: justify; white-space: normal; background-color: rgb(254, 254, 254); -webkit-tap-highlight-color: rgba(0, 0, 0, 0) !important;\"><br style=\"box-sizing: border-box;\"/></p><p style=\"box-sizing: border-box; border: medium none; margin-top: 0px; margin-bottom: 0px; padding: 0px; text-size-adjust: none; color: rgb(69, 69, 69); font-family: &quot;PingFang SC&quot;, &quot;Lantinghei SC&quot;, &quot;Microsoft YaHei&quot;, &quot;HanHei SC&quot;, &quot;Helvetica Neue&quot;, &quot;Open Sans&quot;, Arial, &quot;Hiragino Sans GB&quot;, 微软雅黑, STHeiti, &quot;WenQuanYi Micro Hei&quot;, SimSun, sans-serif; font-size: 14px; text-align: justify; white-space: normal; background-color: rgb(254, 254, 254); -webkit-tap-highlight-color: rgba(0, 0, 0, 0) !important;\">将解压后的模版文件（application、common文件夹）覆盖安装到网站根目录里，之后登录系统后台，在“系统管理 - 系统设置 - 附加设置”下的 “模版风格” 里选择 “avatar”，保存。</p><p style=\"box-sizing: border-box; border: medium none; margin-top: 0px; margin-bottom: 0px; padding: 0px; text-size-adjust: none; color: rgb(69, 69, 69); font-family: &quot;PingFang SC&quot;, &quot;Lantinghei SC&quot;, &quot;Microsoft YaHei&quot;, &quot;HanHei SC&quot;, &quot;Helvetica Neue&quot;, &quot;Open Sans&quot;, Arial, &quot;Hiragino Sans GB&quot;, 微软雅黑, STHeiti, &quot;WenQuanYi Micro Hei&quot;, SimSun, sans-serif; font-size: 14px; text-align: justify; white-space: normal; background-color: rgb(254, 254, 254); -webkit-tap-highlight-color: rgba(0, 0, 0, 0) !important;\"><br style=\"box-sizing: border-box;\"/></p><p style=\"box-sizing: border-box; border: medium none; margin-top: 0px; margin-bottom: 0px; padding: 0px; text-size-adjust: none; color: rgb(69, 69, 69); font-family: &quot;PingFang SC&quot;, &quot;Lantinghei SC&quot;, &quot;Microsoft YaHei&quot;, &quot;HanHei SC&quot;, &quot;Helvetica Neue&quot;, &quot;Open Sans&quot;, Arial, &quot;Hiragino Sans GB&quot;, 微软雅黑, STHeiti, &quot;WenQuanYi Micro Hei&quot;, SimSun, sans-serif; font-size: 14px; text-align: justify; white-space: normal; background-color: rgb(254, 254, 254); -webkit-tap-highlight-color: rgba(0, 0, 0, 0) !important;\">2，导入模型</p><p style=\"box-sizing: border-box; border: medium none; margin-top: 0px; margin-bottom: 0px; padding: 0px; text-size-adjust: none; color: rgb(69, 69, 69); font-family: &quot;PingFang SC&quot;, &quot;Lantinghei SC&quot;, &quot;Microsoft YaHei&quot;, &quot;HanHei SC&quot;, &quot;Helvetica Neue&quot;, &quot;Open Sans&quot;, Arial, &quot;Hiragino Sans GB&quot;, 微软雅黑, STHeiti, &quot;WenQuanYi Micro Hei&quot;, SimSun, sans-serif; font-size: 14px; white-space: normal; background-color: rgb(254, 254, 254); text-align: center; -webkit-tap-highlight-color: rgba(0, 0, 0, 0) !important;\"><img src=\"https://www.duoguyu.com/uploads/ueditor/image/20190418/1555580892412756.jpg\" title=\"「多骨鱼博客」Intro v5.2 完整版-附带演示数据，博客模版主题- pt-cms模版主题，免费下载\" alt=\"「多骨鱼博客」Intro v5.2 完整版-附带演示数据，博客模版主题- pt-cms模版主题，免费下载\" style=\"box-sizing: border-box; border: medium none; margin: 20px 0px 0px; padding: 0px; max-width: 680px; width: 680px;\"/></p><p style=\"box-sizing: border-box; border: medium none; margin-top: 0px; margin-bottom: 0px; padding: 0px; text-size-adjust: none; color: rgb(69, 69, 69); font-family: &quot;PingFang SC&quot;, &quot;Lantinghei SC&quot;, &quot;Microsoft YaHei&quot;, &quot;HanHei SC&quot;, &quot;Helvetica Neue&quot;, &quot;Open Sans&quot;, Arial, &quot;Hiragino Sans GB&quot;, 微软雅黑, STHeiti, &quot;WenQuanYi Micro Hei&quot;, SimSun, sans-serif; font-size: 14px; text-align: justify; white-space: normal; background-color: rgb(254, 254, 254); -webkit-tap-highlight-color: rgba(0, 0, 0, 0) !important;\">在“内容管理 - 模型管理”里选择 “导入模型”，依次导入 “模型文件”文件夹里的“yzm_article.model(文章模型)、yzm_classify.model(分类导航模型)”。</p><p style=\"box-sizing: border-box; border: medium none; margin-top: 0px; margin-bottom: 0px; padding: 0px; text-size-adjust: none; color: rgb(69, 69, 69); font-family: &quot;PingFang SC&quot;, &quot;Lantinghei SC&quot;, &quot;Microsoft YaHei&quot;, &quot;HanHei SC&quot;, &quot;Helvetica Neue&quot;, &quot;Open Sans&quot;, Arial, &quot;Hiragino Sans GB&quot;, 微软雅黑, STHeiti, &quot;WenQuanYi Micro Hei&quot;, SimSun, sans-serif; font-size: 14px; text-align: justify; white-space: normal; background-color: rgb(254, 254, 254); -webkit-tap-highlight-color: rgba(0, 0, 0, 0) !important;\"><br style=\"box-sizing: border-box;\"/></p><p style=\"box-sizing: border-box; border: medium none; margin-top: 0px; margin-bottom: 0px; padding: 0px; text-size-adjust: none; color: rgb(69, 69, 69); font-family: &quot;PingFang SC&quot;, &quot;Lantinghei SC&quot;, &quot;Microsoft YaHei&quot;, &quot;HanHei SC&quot;, &quot;Helvetica Neue&quot;, &quot;Open Sans&quot;, Arial, &quot;Hiragino Sans GB&quot;, 微软雅黑, STHeiti, &quot;WenQuanYi Micro Hei&quot;, SimSun, sans-serif; font-size: 14px; text-align: justify; white-space: normal; background-color: rgb(254, 254, 254); -webkit-tap-highlight-color: rgba(0, 0, 0, 0) !important;\">模型说明：当前模版新增了一些字段（<strong style=\"box-sizing: border-box;\">是否为模板、压缩包上传、模版类型、CMS版本、评分等级</strong>等）和“<strong style=\"box-sizing: border-box;\">导航分类</strong>”模型，所以需要导入模型文件夹里提供的命名为：<strong style=\"box-sizing: border-box;\">yzm_article.model</strong>、<strong style=\"box-sizing: border-box;\">yzm_classify.model&nbsp;</strong>，这两个模型文件。</p><p style=\"box-sizing: border-box; border: medium none; margin-top: 0px; margin-bottom: 0px; padding: 0px; text-size-adjust: none; color: rgb(69, 69, 69); font-family: &quot;PingFang SC&quot;, &quot;Lantinghei SC&quot;, &quot;Microsoft YaHei&quot;, &quot;HanHei SC&quot;, &quot;Helvetica Neue&quot;, &quot;Open Sans&quot;, Arial, &quot;Hiragino Sans GB&quot;, 微软雅黑, STHeiti, &quot;WenQuanYi Micro Hei&quot;, SimSun, sans-serif; font-size: 14px; text-align: justify; white-space: normal; background-color: rgb(254, 254, 254); -webkit-tap-highlight-color: rgba(0, 0, 0, 0) !important;\">如，之前安装过“<a href=\"https://www.duoguyu.com/resource/19.html\" target=\"_blank\" title=\"完整版“Intro”个性博客模版主题，附带演示数据，pt-cms模版主题，免费下载\" style=\"box-sizing: border-box; color: rgb(64, 158, 255); text-decoration-line: none; -webkit-tap-highlight-color: rgba(0, 0, 0, 0) !important;\">完整版Intro个性博客模版主题</a>”，使用avatar尝鲜版模版主题时，可以不用导入上述模型文件，否则，一定要导入模型，不然会报错：缺少XX字段等。</p><p style=\"box-sizing: border-box; border: medium none; margin-top: 0px; margin-bottom: 0px; padding: 0px; text-size-adjust: none; color: rgb(69, 69, 69); font-family: &quot;PingFang SC&quot;, &quot;Lantinghei SC&quot;, &quot;Microsoft YaHei&quot;, &quot;HanHei SC&quot;, &quot;Helvetica Neue&quot;, &quot;Open Sans&quot;, Arial, &quot;Hiragino Sans GB&quot;, 微软雅黑, STHeiti, &quot;WenQuanYi Micro Hei&quot;, SimSun, sans-serif; font-size: 14px; text-align: justify; white-space: normal; background-color: rgb(254, 254, 254); -webkit-tap-highlight-color: rgba(0, 0, 0, 0) !important;\"><br style=\"box-sizing: border-box;\"/></p><p style=\"box-sizing: border-box; border: medium none; margin-top: 0px; margin-bottom: 0px; padding: 0px; text-size-adjust: none; color: rgb(69, 69, 69); font-family: &quot;PingFang SC&quot;, &quot;Lantinghei SC&quot;, &quot;Microsoft YaHei&quot;, &quot;HanHei SC&quot;, &quot;Helvetica Neue&quot;, &quot;Open Sans&quot;, Arial, &quot;Hiragino Sans GB&quot;, 微软雅黑, STHeiti, &quot;WenQuanYi Micro Hei&quot;, SimSun, sans-serif; font-size: 14px; text-align: justify; white-space: normal; background-color: rgb(254, 254, 254); -webkit-tap-highlight-color: rgba(0, 0, 0, 0) !important;\"><span style=\"box-sizing: border-box; color: rgb(255, 0, 0);\">注意： 如现有的数据与导入的数据冲突，导入数据会覆盖现有数据！如需备份原文章模型，请先导出该模型后，再导入我提供的yzm_article.model(文章模型)。</span></p><p style=\"box-sizing: border-box; border: medium none; margin-top: 0px; margin-bottom: 0px; padding: 0px; text-size-adjust: none; color: rgb(69, 69, 69); font-family: &quot;PingFang SC&quot;, &quot;Lantinghei SC&quot;, &quot;Microsoft YaHei&quot;, &quot;HanHei SC&quot;, &quot;Helvetica Neue&quot;, &quot;Open Sans&quot;, Arial, &quot;Hiragino Sans GB&quot;, 微软雅黑, STHeiti, &quot;WenQuanYi Micro Hei&quot;, SimSun, sans-serif; font-size: 14px; text-align: justify; white-space: normal; background-color: rgb(254, 254, 254); -webkit-tap-highlight-color: rgba(0, 0, 0, 0) !important;\"><br style=\"box-sizing: border-box;\"/></p><p style=\"box-sizing: border-box; border: medium none; margin-top: 0px; margin-bottom: 0px; padding: 0px; text-size-adjust: none; color: rgb(69, 69, 69); font-family: &quot;PingFang SC&quot;, &quot;Lantinghei SC&quot;, &quot;Microsoft YaHei&quot;, &quot;HanHei SC&quot;, &quot;Helvetica Neue&quot;, &quot;Open Sans&quot;, Arial, &quot;Hiragino Sans GB&quot;, 微软雅黑, STHeiti, &quot;WenQuanYi Micro Hei&quot;, SimSun, sans-serif; font-size: 14px; text-align: justify; white-space: normal; background-color: rgb(254, 254, 254); -webkit-tap-highlight-color: rgba(0, 0, 0, 0) !important;\"><br style=\"box-sizing: border-box;\"/></p><p style=\"box-sizing: border-box; border: medium none; margin-top: 0px; margin-bottom: 0px; padding: 0px; text-size-adjust: none; color: rgb(69, 69, 69); font-family: &quot;PingFang SC&quot;, &quot;Lantinghei SC&quot;, &quot;Microsoft YaHei&quot;, &quot;HanHei SC&quot;, &quot;Helvetica Neue&quot;, &quot;Open Sans&quot;, Arial, &quot;Hiragino Sans GB&quot;, 微软雅黑, STHeiti, &quot;WenQuanYi Micro Hei&quot;, SimSun, sans-serif; font-size: 14px; text-align: justify; white-space: normal; background-color: rgb(254, 254, 254); -webkit-tap-highlight-color: rgba(0, 0, 0, 0) !important;\">3，更新URL</p><p style=\"box-sizing: border-box; border: medium none; margin-top: 0px; margin-bottom: 0px; padding: 0px; text-size-adjust: none; color: rgb(69, 69, 69); font-family: &quot;PingFang SC&quot;, &quot;Lantinghei SC&quot;, &quot;Microsoft YaHei&quot;, &quot;HanHei SC&quot;, &quot;Helvetica Neue&quot;, &quot;Open Sans&quot;, Arial, &quot;Hiragino Sans GB&quot;, 微软雅黑, STHeiti, &quot;WenQuanYi Micro Hei&quot;, SimSun, sans-serif; font-size: 14px; white-space: normal; background-color: rgb(254, 254, 254); text-align: center; -webkit-tap-highlight-color: rgba(0, 0, 0, 0) !important;\"><img src=\"https://www.duoguyu.com/uploads/ueditor/image/20190418/1555582204170779.jpg\" title=\"「多骨鱼博客」Intro v5.2 完整版-附带演示数据，博客模版主题- pt-cms模版主题，免费下载\" alt=\"「多骨鱼博客」Intro v5.2 完整版-附带演示数据，博客模版主题- pt-cms模版主题，免费下载\" style=\"box-sizing: border-box; border: medium none; margin: 20px 0px 0px; padding: 0px; max-width: 680px; width: 680px;\"/></p><p style=\"box-sizing: border-box; border: medium none; margin-top: 0px; margin-bottom: 0px; padding: 0px; text-size-adjust: none; color: rgb(69, 69, 69); font-family: &quot;PingFang SC&quot;, &quot;Lantinghei SC&quot;, &quot;Microsoft YaHei&quot;, &quot;HanHei SC&quot;, &quot;Helvetica Neue&quot;, &quot;Open Sans&quot;, Arial, &quot;Hiragino Sans GB&quot;, 微软雅黑, STHeiti, &quot;WenQuanYi Micro Hei&quot;, SimSun, sans-serif; font-size: 14px; text-align: justify; white-space: normal; background-color: rgb(254, 254, 254); -webkit-tap-highlight-color: rgba(0, 0, 0, 0) !important;\">在“内容管理 - 批量更新URL”里，依次选择“更新栏目URL、更新内容URL”操作。</p><p style=\"box-sizing: border-box; border: medium none; margin-top: 0px; margin-bottom: 0px; padding: 0px; text-size-adjust: none; color: rgb(69, 69, 69); font-family: &quot;PingFang SC&quot;, &quot;Lantinghei SC&quot;, &quot;Microsoft YaHei&quot;, &quot;HanHei SC&quot;, &quot;Helvetica Neue&quot;, &quot;Open Sans&quot;, Arial, &quot;Hiragino Sans GB&quot;, 微软雅黑, STHeiti, &quot;WenQuanYi Micro Hei&quot;, SimSun, sans-serif; font-size: 14px; text-align: justify; white-space: normal; background-color: rgb(254, 254, 254); -webkit-tap-highlight-color: rgba(0, 0, 0, 0) !important;\">更新完成后，选择后台右上角的“清除缓存”操作，清除之后，可以去网站首页刷新一下，就可以看到已经成功升级后的博客模版咯。</p><p style=\"box-sizing: border-box; border: medium none; margin-top: 0px; margin-bottom: 0px; padding: 0px; text-size-adjust: none; color: rgb(69, 69, 69); font-family: &quot;PingFang SC&quot;, &quot;Lantinghei SC&quot;, &quot;Microsoft YaHei&quot;, &quot;HanHei SC&quot;, &quot;Helvetica Neue&quot;, &quot;Open Sans&quot;, Arial, &quot;Hiragino Sans GB&quot;, 微软雅黑, STHeiti, &quot;WenQuanYi Micro Hei&quot;, SimSun, sans-serif; font-size: 14px; text-align: justify; white-space: normal; background-color: rgb(254, 254, 254); -webkit-tap-highlight-color: rgba(0, 0, 0, 0) !important;\"><br style=\"box-sizing: border-box;\"/></p><p style=\"box-sizing: border-box; border: medium none; margin-top: 0px; margin-bottom: 0px; padding: 0px; text-size-adjust: none; color: rgb(69, 69, 69); font-family: &quot;PingFang SC&quot;, &quot;Lantinghei SC&quot;, &quot;Microsoft YaHei&quot;, &quot;HanHei SC&quot;, &quot;Helvetica Neue&quot;, &quot;Open Sans&quot;, Arial, &quot;Hiragino Sans GB&quot;, 微软雅黑, STHeiti, &quot;WenQuanYi Micro Hei&quot;, SimSun, sans-serif; font-size: 14px; text-align: justify; white-space: normal; background-color: rgb(254, 254, 254); -webkit-tap-highlight-color: rgba(0, 0, 0, 0) !important;\"><br style=\"box-sizing: border-box;\"/></p><h4 style=\"box-sizing: border-box; border: medium none; margin: 0px 0px 10px; padding: 0px; text-size-adjust: none; font-size: 14px; color: rgb(102, 102, 102); font-family: &quot;PingFang SC&quot;, &quot;Lantinghei SC&quot;, &quot;Microsoft YaHei&quot;, &quot;HanHei SC&quot;, &quot;Helvetica Neue&quot;, &quot;Open Sans&quot;, Arial, &quot;Hiragino Sans GB&quot;, 微软雅黑, STHeiti, &quot;WenQuanYi Micro Hei&quot;, SimSun, sans-serif; text-align: justify; white-space: normal; background-color: rgb(254, 254, 254); -webkit-tap-highlight-color: rgba(0, 0, 0, 0) !important;\"># 特殊说明：</h4><p style=\"box-sizing: border-box; border: medium none; margin-top: 0px; margin-bottom: 0px; padding: 0px; text-size-adjust: none; color: rgb(69, 69, 69); font-family: &quot;PingFang SC&quot;, &quot;Lantinghei SC&quot;, &quot;Microsoft YaHei&quot;, &quot;HanHei SC&quot;, &quot;Helvetica Neue&quot;, &quot;Open Sans&quot;, Arial, &quot;Hiragino Sans GB&quot;, 微软雅黑, STHeiti, &quot;WenQuanYi Micro Hei&quot;, SimSun, sans-serif; font-size: 14px; text-align: justify; white-space: normal; background-color: rgb(254, 254, 254); -webkit-tap-highlight-color: rgba(0, 0, 0, 0) !important;\">当前模版里提供的“文章模型”，新增了一些字段（是否为模板、压缩包上传、模版类型、CMS版本、评分等级等），这是因为我将该模型处理成具备“普通文章和产品下载”的属性，在网站栏目“杂的文（普通文章）、资源下载（产品下载）”里，可以看到这两种不同显示方式的文章详情页。</p><p style=\"box-sizing: border-box; border: medium none; margin-top: 0px; margin-bottom: 0px; padding: 0px; text-size-adjust: none; color: rgb(69, 69, 69); font-family: &quot;PingFang SC&quot;, &quot;Lantinghei SC&quot;, &quot;Microsoft YaHei&quot;, &quot;HanHei SC&quot;, &quot;Helvetica Neue&quot;, &quot;Open Sans&quot;, Arial, &quot;Hiragino Sans GB&quot;, 微软雅黑, STHeiti, &quot;WenQuanYi Micro Hei&quot;, SimSun, sans-serif; font-size: 14px; text-align: justify; white-space: normal; background-color: rgb(254, 254, 254); -webkit-tap-highlight-color: rgba(0, 0, 0, 0) !important;\">也就是说当前模版提供的“文章模型”里，在后台新建文章内容时，会看到有个“是否为模板”的选项，它就是负责在前端文章详情页里判断是否显示为“产品下载”页面的功能。</p><p style=\"box-sizing: border-box; border: medium none; margin-top: 0px; margin-bottom: 0px; padding: 0px; text-size-adjust: none; color: rgb(69, 69, 69); font-family: &quot;PingFang SC&quot;, &quot;Lantinghei SC&quot;, &quot;Microsoft YaHei&quot;, &quot;HanHei SC&quot;, &quot;Helvetica Neue&quot;, &quot;Open Sans&quot;, Arial, &quot;Hiragino Sans GB&quot;, 微软雅黑, STHeiti, &quot;WenQuanYi Micro Hei&quot;, SimSun, sans-serif; font-size: 14px; text-align: justify; white-space: normal; background-color: rgb(254, 254, 254); -webkit-tap-highlight-color: rgba(0, 0, 0, 0) !important;\">如果你需要使用“下载”属性的文章，请在后台的文章内容里补充下图所示的内容信息（是否为模板、压缩包上传、模版类型、CMS版本、评分等级）。</p><p style=\"box-sizing: border-box; border: medium none; margin-top: 0px; margin-bottom: 0px; padding: 0px; text-size-adjust: none; color: rgb(69, 69, 69); font-family: &quot;PingFang SC&quot;, &quot;Lantinghei SC&quot;, &quot;Microsoft YaHei&quot;, &quot;HanHei SC&quot;, &quot;Helvetica Neue&quot;, &quot;Open Sans&quot;, Arial, &quot;Hiragino Sans GB&quot;, 微软雅黑, STHeiti, &quot;WenQuanYi Micro Hei&quot;, SimSun, sans-serif; font-size: 14px; text-align: justify; white-space: normal; background-color: rgb(254, 254, 254); -webkit-tap-highlight-color: rgba(0, 0, 0, 0) !important;\">如果仅仅是普通文章，就不要去勾选该选项。</p><p style=\"box-sizing: border-box; border: medium none; margin-top: 0px; margin-bottom: 0px; padding: 0px; text-size-adjust: none; color: rgb(69, 69, 69); font-family: &quot;PingFang SC&quot;, &quot;Lantinghei SC&quot;, &quot;Microsoft YaHei&quot;, &quot;HanHei SC&quot;, &quot;Helvetica Neue&quot;, &quot;Open Sans&quot;, Arial, &quot;Hiragino Sans GB&quot;, 微软雅黑, STHeiti, &quot;WenQuanYi Micro Hei&quot;, SimSun, sans-serif; font-size: 14px; white-space: normal; background-color: rgb(254, 254, 254); text-align: center; -webkit-tap-highlight-color: rgba(0, 0, 0, 0) !important;\"><img src=\"https://www.duoguyu.com/uploads/ueditor/image/20190419/1555637379750544.jpg\" title=\"「多骨鱼博客」Intro v5.2 完整版-附带演示数据，博客模版主题- pt-cms模版主题，免费下载\" alt=\"「多骨鱼博客」Intro v5.2 完整版-附带演示数据，博客模版主题- pt-cms模版主题，免费下载\" style=\"box-sizing: border-box; border: medium none; margin: 20px 0px 0px; padding: 0px; max-width: 680px; width: 680px;\"/></p><p style=\"box-sizing: border-box; border: medium none; margin-top: 0px; margin-bottom: 0px; padding: 0px; text-size-adjust: none; color: rgb(69, 69, 69); font-family: &quot;PingFang SC&quot;, &quot;Lantinghei SC&quot;, &quot;Microsoft YaHei&quot;, &quot;HanHei SC&quot;, &quot;Helvetica Neue&quot;, &quot;Open Sans&quot;, Arial, &quot;Hiragino Sans GB&quot;, 微软雅黑, STHeiti, &quot;WenQuanYi Micro Hei&quot;, SimSun, sans-serif; font-size: 14px; text-align: justify; white-space: normal; background-color: rgb(254, 254, 254); -webkit-tap-highlight-color: rgba(0, 0, 0, 0) !important;\"><br style=\"box-sizing: border-box;\"/></p><p style=\"box-sizing: border-box; border: medium none; margin-top: 0px; margin-bottom: 0px; padding: 0px; text-size-adjust: none; color: rgb(69, 69, 69); font-family: &quot;PingFang SC&quot;, &quot;Lantinghei SC&quot;, &quot;Microsoft YaHei&quot;, &quot;HanHei SC&quot;, &quot;Helvetica Neue&quot;, &quot;Open Sans&quot;, Arial, &quot;Hiragino Sans GB&quot;, 微软雅黑, STHeiti, &quot;WenQuanYi Micro Hei&quot;, SimSun, sans-serif; font-size: 14px; text-align: justify; white-space: normal; background-color: rgb(254, 254, 254); -webkit-tap-highlight-color: rgba(0, 0, 0, 0) !important;\"><br style=\"box-sizing: border-box;\"/></p><p style=\"box-sizing: border-box; border: medium none; margin-top: 0px; margin-bottom: 0px; padding: 0px; text-size-adjust: none; color: rgb(69, 69, 69); font-family: &quot;PingFang SC&quot;, &quot;Lantinghei SC&quot;, &quot;Microsoft YaHei&quot;, &quot;HanHei SC&quot;, &quot;Helvetica Neue&quot;, &quot;Open Sans&quot;, Arial, &quot;Hiragino Sans GB&quot;, 微软雅黑, STHeiti, &quot;WenQuanYi Micro Hei&quot;, SimSun, sans-serif; font-size: 14px; text-align: justify; white-space: normal; background-color: rgb(254, 254, 254); -webkit-tap-highlight-color: rgba(0, 0, 0, 0) !important;\"><br style=\"box-sizing: border-box;\"/></p><p style=\"box-sizing: border-box; border: medium none; margin-top: 0px; margin-bottom: 0px; padding: 0px; text-size-adjust: none; color: rgb(69, 69, 69); font-family: &quot;PingFang SC&quot;, &quot;Lantinghei SC&quot;, &quot;Microsoft YaHei&quot;, &quot;HanHei SC&quot;, &quot;Helvetica Neue&quot;, &quot;Open Sans&quot;, Arial, &quot;Hiragino Sans GB&quot;, 微软雅黑, STHeiti, &quot;WenQuanYi Micro Hei&quot;, SimSun, sans-serif; font-size: 14px; text-align: justify; white-space: normal; background-color: rgb(254, 254, 254); -webkit-tap-highlight-color: rgba(0, 0, 0, 0) !important;\">最后，如果在安装或使用过程中，有任何问题，请在下方留言评论，或在社区里发帖，亦可在QQ群里161208398里寻求帮助。</p><p><br/></p>', null, null, '/images/cover/1561132050443308.jpg', '1', '5', '0', '0', '0', '1', '2', '0', '1', '0', null, '1', '若依', '2019-11-23 19:35:10', null, '0', null);
INSERT INTO `cms_resource` VALUES ('2019112319403531361647', 'recommend', '葡萄资讯模板主题，葡萄内容管理系统模板主题', '1', '经过最近一段时间的折腾，终于把个人博客重构了，算是跟过去包括2018年说个还算ok的再见吧。这次是近乎完美的模版主题，因为它本身就直接是从【多骨鱼主站】线上版本pull下来的。', '<p style=\"box-sizing: border-box; border: medium none; margin-top: 0px; margin-bottom: 0px; padding: 0px; text-size-adjust: none; color: rgb(69, 69, 69); font-family: &quot;PingFang SC&quot;, &quot;Lantinghei SC&quot;, &quot;Microsoft YaHei&quot;, &quot;HanHei SC&quot;, &quot;Helvetica Neue&quot;, &quot;Open Sans&quot;, Arial, &quot;Hiragino Sans GB&quot;, 微软雅黑, STHeiti, &quot;WenQuanYi Micro Hei&quot;, SimSun, sans-serif; font-size: 14px; text-align: justify; white-space: normal; background-color: rgb(254, 254, 254); -webkit-tap-highlight-color: rgba(0, 0, 0, 0) !important;\">经过最近一段时间的折腾，终于把个人博客重构了，算是跟过去包括2018年说个还算ok的再见吧。</p><p style=\"box-sizing: border-box; border: medium none; margin-top: 0px; margin-bottom: 0px; padding: 0px; text-size-adjust: none; color: rgb(69, 69, 69); font-family: &quot;PingFang SC&quot;, &quot;Lantinghei SC&quot;, &quot;Microsoft YaHei&quot;, &quot;HanHei SC&quot;, &quot;Helvetica Neue&quot;, &quot;Open Sans&quot;, Arial, &quot;Hiragino Sans GB&quot;, 微软雅黑, STHeiti, &quot;WenQuanYi Micro Hei&quot;, SimSun, sans-serif; font-size: 14px; text-align: justify; white-space: normal; background-color: rgb(254, 254, 254); -webkit-tap-highlight-color: rgba(0, 0, 0, 0) !important;\">之后，经过这么几天时间，下定决心把【多骨鱼主站】的完整前端模版打包分享出来，这次是近乎完美的模版主题，因为它本身就直接是从【多骨鱼主站】线上版本pull下来的。<br style=\"box-sizing: border-box;\"/></p><p style=\"box-sizing: border-box; border: medium none; margin-top: 0px; margin-bottom: 0px; padding: 0px; text-size-adjust: none; color: rgb(69, 69, 69); font-family: &quot;PingFang SC&quot;, &quot;Lantinghei SC&quot;, &quot;Microsoft YaHei&quot;, &quot;HanHei SC&quot;, &quot;Helvetica Neue&quot;, &quot;Open Sans&quot;, Arial, &quot;Hiragino Sans GB&quot;, 微软雅黑, STHeiti, &quot;WenQuanYi Micro Hei&quot;, SimSun, sans-serif; font-size: 14px; text-align: justify; white-space: normal; background-color: rgb(254, 254, 254); -webkit-tap-highlight-color: rgba(0, 0, 0, 0) !important;\">不过，由于之前写了太多小的迭代和升级，以及自定义字段，还有在袁大神的帮助下进行的二次开发。导致不能把整个源码download出来直接使用，而且之前也发布了一个阉割后的版本。</p><p style=\"box-sizing: border-box; border: medium none; margin-top: 0px; margin-bottom: 0px; padding: 0px; text-size-adjust: none; color: rgb(69, 69, 69); font-family: &quot;PingFang SC&quot;, &quot;Lantinghei SC&quot;, &quot;Microsoft YaHei&quot;, &quot;HanHei SC&quot;, &quot;Helvetica Neue&quot;, &quot;Open Sans&quot;, Arial, &quot;Hiragino Sans GB&quot;, 微软雅黑, STHeiti, &quot;WenQuanYi Micro Hei&quot;, SimSun, sans-serif; font-size: 14px; text-align: justify; white-space: normal; background-color: rgb(254, 254, 254); -webkit-tap-highlight-color: rgba(0, 0, 0, 0) !important;\">于是，这次来个小福利吧，或者也叫做共享？</p><p style=\"box-sizing: border-box; border: medium none; margin-top: 0px; margin-bottom: 0px; padding: 0px; text-size-adjust: none; color: rgb(69, 69, 69); font-family: &quot;PingFang SC&quot;, &quot;Lantinghei SC&quot;, &quot;Microsoft YaHei&quot;, &quot;HanHei SC&quot;, &quot;Helvetica Neue&quot;, &quot;Open Sans&quot;, Arial, &quot;Hiragino Sans GB&quot;, 微软雅黑, STHeiti, &quot;WenQuanYi Micro Hei&quot;, SimSun, sans-serif; font-size: 14px; text-align: justify; white-space: normal; background-color: rgb(254, 254, 254); -webkit-tap-highlight-color: rgba(0, 0, 0, 0) !important;\">嘿嘿。经过近两天的整理及优化，移除了自定义字段、函数、二开时候的部分js，在保留和原站几乎一样的界面情况下，整理完善的【多骨鱼】v3.2-完整版-模版主题。</p><p style=\"box-sizing: border-box; border: medium none; margin-top: 0px; margin-bottom: 0px; padding: 0px; text-size-adjust: none; color: rgb(69, 69, 69); font-family: &quot;PingFang SC&quot;, &quot;Lantinghei SC&quot;, &quot;Microsoft YaHei&quot;, &quot;HanHei SC&quot;, &quot;Helvetica Neue&quot;, &quot;Open Sans&quot;, Arial, &quot;Hiragino Sans GB&quot;, 微软雅黑, STHeiti, &quot;WenQuanYi Micro Hei&quot;, SimSun, sans-serif; font-size: 14px; text-align: justify; white-space: normal; background-color: rgb(254, 254, 254); -webkit-tap-highlight-color: rgba(0, 0, 0, 0) !important;\">好了，废话少说，上截图。</p><p style=\"box-sizing: border-box; border: medium none; margin-top: 0px; margin-bottom: 0px; padding: 0px; text-size-adjust: none; color: rgb(69, 69, 69); font-family: &quot;PingFang SC&quot;, &quot;Lantinghei SC&quot;, &quot;Microsoft YaHei&quot;, &quot;HanHei SC&quot;, &quot;Helvetica Neue&quot;, &quot;Open Sans&quot;, Arial, &quot;Hiragino Sans GB&quot;, 微软雅黑, STHeiti, &quot;WenQuanYi Micro Hei&quot;, SimSun, sans-serif; font-size: 14px; text-align: justify; white-space: normal; background-color: rgb(254, 254, 254); -webkit-tap-highlight-color: rgba(0, 0, 0, 0) !important;\"><br style=\"box-sizing: border-box;\"/></p><p style=\"box-sizing: border-box; border: medium none; margin-top: 0px; margin-bottom: 0px; padding: 0px; text-size-adjust: none; color: rgb(69, 69, 69); font-family: &quot;PingFang SC&quot;, &quot;Lantinghei SC&quot;, &quot;Microsoft YaHei&quot;, &quot;HanHei SC&quot;, &quot;Helvetica Neue&quot;, &quot;Open Sans&quot;, Arial, &quot;Hiragino Sans GB&quot;, 微软雅黑, STHeiti, &quot;WenQuanYi Micro Hei&quot;, SimSun, sans-serif; font-size: 14px; text-align: justify; white-space: normal; background-color: rgb(254, 254, 254); -webkit-tap-highlight-color: rgba(0, 0, 0, 0) !important;\"><br style=\"box-sizing: border-box;\"/></p><h4 style=\"box-sizing: border-box; border: medium none; margin: 0px 0px 10px; padding: 0px; text-size-adjust: none; font-size: 14px; color: rgb(102, 102, 102); font-family: &quot;PingFang SC&quot;, &quot;Lantinghei SC&quot;, &quot;Microsoft YaHei&quot;, &quot;HanHei SC&quot;, &quot;Helvetica Neue&quot;, &quot;Open Sans&quot;, Arial, &quot;Hiragino Sans GB&quot;, 微软雅黑, STHeiti, &quot;WenQuanYi Micro Hei&quot;, SimSun, sans-serif; text-align: justify; white-space: normal; background-color: rgb(254, 254, 254); -webkit-tap-highlight-color: rgba(0, 0, 0, 0) !important;\"># 模版截图(部分) #</h4><p style=\"box-sizing: border-box; border: medium none; margin-top: 0px; margin-bottom: 0px; padding: 0px; text-size-adjust: none; color: rgb(69, 69, 69); font-family: &quot;PingFang SC&quot;, &quot;Lantinghei SC&quot;, &quot;Microsoft YaHei&quot;, &quot;HanHei SC&quot;, &quot;Helvetica Neue&quot;, &quot;Open Sans&quot;, Arial, &quot;Hiragino Sans GB&quot;, 微软雅黑, STHeiti, &quot;WenQuanYi Micro Hei&quot;, SimSun, sans-serif; font-size: 14px; white-space: normal; background-color: rgb(254, 254, 254); text-align: center; -webkit-tap-highlight-color: rgba(0, 0, 0, 0) !important;\"><img src=\"https://www.duoguyu.com/uploads/201903/05/201903051436106979.jpg\" style=\"box-sizing: border-box; border: medium none; margin: 20px 0px 0px; padding: 0px; max-width: 680px; width: 680px;\"/></p><p style=\"box-sizing: border-box; border: medium none; margin-top: 0px; margin-bottom: 0px; padding: 0px; text-size-adjust: none; color: rgb(69, 69, 69); font-family: &quot;PingFang SC&quot;, &quot;Lantinghei SC&quot;, &quot;Microsoft YaHei&quot;, &quot;HanHei SC&quot;, &quot;Helvetica Neue&quot;, &quot;Open Sans&quot;, Arial, &quot;Hiragino Sans GB&quot;, 微软雅黑, STHeiti, &quot;WenQuanYi Micro Hei&quot;, SimSun, sans-serif; font-size: 14px; white-space: normal; background-color: rgb(254, 254, 254); text-align: center; -webkit-tap-highlight-color: rgba(0, 0, 0, 0) !important;\"><img src=\"https://www.duoguyu.com/uploads/201903/05/201903051436105554.jpg\" style=\"box-sizing: border-box; border: medium none; margin: 20px 0px 0px; padding: 0px; max-width: 680px; width: 680px;\"/></p><p style=\"box-sizing: border-box; border: medium none; margin-top: 0px; margin-bottom: 0px; padding: 0px; text-size-adjust: none; color: rgb(69, 69, 69); font-family: &quot;PingFang SC&quot;, &quot;Lantinghei SC&quot;, &quot;Microsoft YaHei&quot;, &quot;HanHei SC&quot;, &quot;Helvetica Neue&quot;, &quot;Open Sans&quot;, Arial, &quot;Hiragino Sans GB&quot;, 微软雅黑, STHeiti, &quot;WenQuanYi Micro Hei&quot;, SimSun, sans-serif; font-size: 14px; white-space: normal; background-color: rgb(254, 254, 254); text-align: center; -webkit-tap-highlight-color: rgba(0, 0, 0, 0) !important;\"><img src=\"https://www.duoguyu.com/uploads/201903/05/201903051436101904.jpg\" style=\"box-sizing: border-box; border: medium none; margin: 20px 0px 0px; padding: 0px; max-width: 680px; width: 680px;\"/></p><p style=\"box-sizing: border-box; border: medium none; margin-top: 0px; margin-bottom: 0px; padding: 0px; text-size-adjust: none; color: rgb(69, 69, 69); font-family: &quot;PingFang SC&quot;, &quot;Lantinghei SC&quot;, &quot;Microsoft YaHei&quot;, &quot;HanHei SC&quot;, &quot;Helvetica Neue&quot;, &quot;Open Sans&quot;, Arial, &quot;Hiragino Sans GB&quot;, 微软雅黑, STHeiti, &quot;WenQuanYi Micro Hei&quot;, SimSun, sans-serif; font-size: 14px; white-space: normal; background-color: rgb(254, 254, 254); text-align: center; -webkit-tap-highlight-color: rgba(0, 0, 0, 0) !important;\"><img src=\"https://www.duoguyu.com/uploads/201903/05/201903051436105657.jpg\" style=\"box-sizing: border-box; border: medium none; margin: 20px 0px 0px; padding: 0px; max-width: 680px; width: 680px;\"/></p><p style=\"box-sizing: border-box; border: medium none; margin-top: 0px; margin-bottom: 0px; padding: 0px; text-size-adjust: none; color: rgb(69, 69, 69); font-family: &quot;PingFang SC&quot;, &quot;Lantinghei SC&quot;, &quot;Microsoft YaHei&quot;, &quot;HanHei SC&quot;, &quot;Helvetica Neue&quot;, &quot;Open Sans&quot;, Arial, &quot;Hiragino Sans GB&quot;, 微软雅黑, STHeiti, &quot;WenQuanYi Micro Hei&quot;, SimSun, sans-serif; font-size: 14px; white-space: normal; background-color: rgb(254, 254, 254); text-align: center; -webkit-tap-highlight-color: rgba(0, 0, 0, 0) !important;\"><img src=\"https://www.duoguyu.com/uploads/201903/05/201903051436101322.jpg\" style=\"box-sizing: border-box; border: medium none; margin: 20px 0px 0px; padding: 0px; max-width: 680px; width: 680px;\"/></p><p style=\"box-sizing: border-box; border: medium none; margin-top: 0px; margin-bottom: 0px; padding: 0px; text-size-adjust: none; color: rgb(69, 69, 69); font-family: &quot;PingFang SC&quot;, &quot;Lantinghei SC&quot;, &quot;Microsoft YaHei&quot;, &quot;HanHei SC&quot;, &quot;Helvetica Neue&quot;, &quot;Open Sans&quot;, Arial, &quot;Hiragino Sans GB&quot;, 微软雅黑, STHeiti, &quot;WenQuanYi Micro Hei&quot;, SimSun, sans-serif; font-size: 14px; white-space: normal; background-color: rgb(254, 254, 254); text-align: center; -webkit-tap-highlight-color: rgba(0, 0, 0, 0) !important;\"><img src=\"https://www.duoguyu.com/uploads/201903/05/201903051436104808.jpg\" style=\"box-sizing: border-box; border: medium none; margin: 20px 0px 0px; padding: 0px; max-width: 680px; width: 680px;\"/></p><p style=\"box-sizing: border-box; border: medium none; margin-top: 0px; margin-bottom: 0px; padding: 0px; text-size-adjust: none; color: rgb(69, 69, 69); font-family: &quot;PingFang SC&quot;, &quot;Lantinghei SC&quot;, &quot;Microsoft YaHei&quot;, &quot;HanHei SC&quot;, &quot;Helvetica Neue&quot;, &quot;Open Sans&quot;, Arial, &quot;Hiragino Sans GB&quot;, 微软雅黑, STHeiti, &quot;WenQuanYi Micro Hei&quot;, SimSun, sans-serif; font-size: 14px; text-align: justify; white-space: normal; background-color: rgb(254, 254, 254); -webkit-tap-highlight-color: rgba(0, 0, 0, 0) !important;\"><br style=\"box-sizing: border-box;\"/></p><p style=\"box-sizing: border-box; border: medium none; margin-top: 0px; margin-bottom: 0px; padding: 0px; text-size-adjust: none; color: rgb(69, 69, 69); font-family: &quot;PingFang SC&quot;, &quot;Lantinghei SC&quot;, &quot;Microsoft YaHei&quot;, &quot;HanHei SC&quot;, &quot;Helvetica Neue&quot;, &quot;Open Sans&quot;, Arial, &quot;Hiragino Sans GB&quot;, 微软雅黑, STHeiti, &quot;WenQuanYi Micro Hei&quot;, SimSun, sans-serif; font-size: 14px; text-align: justify; white-space: normal; background-color: rgb(254, 254, 254); -webkit-tap-highlight-color: rgba(0, 0, 0, 0) !important;\"><br style=\"box-sizing: border-box;\"/></p><p style=\"box-sizing: border-box; border: medium none; margin-top: 0px; margin-bottom: 0px; padding: 0px; text-size-adjust: none; color: rgb(69, 69, 69); font-family: &quot;PingFang SC&quot;, &quot;Lantinghei SC&quot;, &quot;Microsoft YaHei&quot;, &quot;HanHei SC&quot;, &quot;Helvetica Neue&quot;, &quot;Open Sans&quot;, Arial, &quot;Hiragino Sans GB&quot;, 微软雅黑, STHeiti, &quot;WenQuanYi Micro Hei&quot;, SimSun, sans-serif; font-size: 14px; text-align: justify; white-space: normal; background-color: rgb(254, 254, 254); -webkit-tap-highlight-color: rgba(0, 0, 0, 0) !important;\"><br style=\"box-sizing: border-box;\"/></p><h4 style=\"box-sizing: border-box; border: medium none; margin: 0px 0px 10px; padding: 0px; text-size-adjust: none; font-size: 14px; color: rgb(102, 102, 102); font-family: &quot;PingFang SC&quot;, &quot;Lantinghei SC&quot;, &quot;Microsoft YaHei&quot;, &quot;HanHei SC&quot;, &quot;Helvetica Neue&quot;, &quot;Open Sans&quot;, Arial, &quot;Hiragino Sans GB&quot;, 微软雅黑, STHeiti, &quot;WenQuanYi Micro Hei&quot;, SimSun, sans-serif; text-align: justify; white-space: normal; background-color: rgb(254, 254, 254); -webkit-tap-highlight-color: rgba(0, 0, 0, 0) !important;\"># 模版安装说明 #</h4><p style=\"box-sizing: border-box; border: medium none; margin-top: 0px; margin-bottom: 0px; padding: 0px; text-size-adjust: none; color: rgb(69, 69, 69); font-family: &quot;PingFang SC&quot;, &quot;Lantinghei SC&quot;, &quot;Microsoft YaHei&quot;, &quot;HanHei SC&quot;, &quot;Helvetica Neue&quot;, &quot;Open Sans&quot;, Arial, &quot;Hiragino Sans GB&quot;, 微软雅黑, STHeiti, &quot;WenQuanYi Micro Hei&quot;, SimSun, sans-serif; font-size: 14px; white-space: normal; background-color: rgb(254, 254, 254); text-align: center; -webkit-tap-highlight-color: rgba(0, 0, 0, 0) !important;\"><img src=\"https://www.duoguyu.com/uploads/201903/05/201903051436104979.jpg\" style=\"box-sizing: border-box; border: medium none; margin: 20px 0px 0px; padding: 0px; max-width: 680px; width: 680px;\"/></p><p style=\"box-sizing: border-box; border: medium none; margin-top: 0px; margin-bottom: 0px; padding: 0px; text-size-adjust: none; color: rgb(69, 69, 69); font-family: &quot;PingFang SC&quot;, &quot;Lantinghei SC&quot;, &quot;Microsoft YaHei&quot;, &quot;HanHei SC&quot;, &quot;Helvetica Neue&quot;, &quot;Open Sans&quot;, Arial, &quot;Hiragino Sans GB&quot;, 微软雅黑, STHeiti, &quot;WenQuanYi Micro Hei&quot;, SimSun, sans-serif; font-size: 14px; white-space: normal; background-color: rgb(254, 254, 254); text-align: center; -webkit-tap-highlight-color: rgba(0, 0, 0, 0) !important;\"><img src=\"https://www.duoguyu.com/uploads/201903/05/201903051436109852.jpg\" style=\"box-sizing: border-box; border: medium none; margin: 20px 0px 0px; padding: 0px; max-width: 680px; width: 680px;\"/></p><p style=\"box-sizing: border-box; border: medium none; margin-top: 0px; margin-bottom: 0px; padding: 0px; text-size-adjust: none; color: rgb(69, 69, 69); font-family: &quot;PingFang SC&quot;, &quot;Lantinghei SC&quot;, &quot;Microsoft YaHei&quot;, &quot;HanHei SC&quot;, &quot;Helvetica Neue&quot;, &quot;Open Sans&quot;, Arial, &quot;Hiragino Sans GB&quot;, 微软雅黑, STHeiti, &quot;WenQuanYi Micro Hei&quot;, SimSun, sans-serif; font-size: 14px; text-align: justify; white-space: normal; background-color: rgb(254, 254, 254); -webkit-tap-highlight-color: rgba(0, 0, 0, 0) !important;\"><br style=\"box-sizing: border-box;\"/></p><p style=\"box-sizing: border-box; border: medium none; margin-top: 0px; margin-bottom: 0px; padding: 0px; text-size-adjust: none; color: rgb(69, 69, 69); font-family: &quot;PingFang SC&quot;, &quot;Lantinghei SC&quot;, &quot;Microsoft YaHei&quot;, &quot;HanHei SC&quot;, &quot;Helvetica Neue&quot;, &quot;Open Sans&quot;, Arial, &quot;Hiragino Sans GB&quot;, 微软雅黑, STHeiti, &quot;WenQuanYi Micro Hei&quot;, SimSun, sans-serif; font-size: 14px; text-align: justify; white-space: normal; background-color: rgb(254, 254, 254); -webkit-tap-highlight-color: rgba(0, 0, 0, 0) !important;\"><br style=\"box-sizing: border-box;\"/></p><p style=\"box-sizing: border-box; border: medium none; margin-top: 0px; margin-bottom: 0px; padding: 0px; text-size-adjust: none; color: rgb(69, 69, 69); font-family: &quot;PingFang SC&quot;, &quot;Lantinghei SC&quot;, &quot;Microsoft YaHei&quot;, &quot;HanHei SC&quot;, &quot;Helvetica Neue&quot;, &quot;Open Sans&quot;, Arial, &quot;Hiragino Sans GB&quot;, 微软雅黑, STHeiti, &quot;WenQuanYi Micro Hei&quot;, SimSun, sans-serif; font-size: 14px; text-align: justify; white-space: normal; background-color: rgb(254, 254, 254); -webkit-tap-highlight-color: rgba(0, 0, 0, 0) !important;\"><br style=\"box-sizing: border-box;\"/></p><h4 style=\"box-sizing: border-box; border: medium none; margin: 0px 0px 10px; padding: 0px; text-size-adjust: none; font-size: 14px; color: rgb(102, 102, 102); font-family: &quot;PingFang SC&quot;, &quot;Lantinghei SC&quot;, &quot;Microsoft YaHei&quot;, &quot;HanHei SC&quot;, &quot;Helvetica Neue&quot;, &quot;Open Sans&quot;, Arial, &quot;Hiragino Sans GB&quot;, 微软雅黑, STHeiti, &quot;WenQuanYi Micro Hei&quot;, SimSun, sans-serif; text-align: justify; white-space: normal; background-color: rgb(254, 254, 254); -webkit-tap-highlight-color: rgba(0, 0, 0, 0) !important;\"># 首页配置参考 #</h4><p style=\"box-sizing: border-box; border: medium none; margin-top: 0px; margin-bottom: 0px; padding: 0px; text-size-adjust: none; color: rgb(69, 69, 69); font-family: &quot;PingFang SC&quot;, &quot;Lantinghei SC&quot;, &quot;Microsoft YaHei&quot;, &quot;HanHei SC&quot;, &quot;Helvetica Neue&quot;, &quot;Open Sans&quot;, Arial, &quot;Hiragino Sans GB&quot;, 微软雅黑, STHeiti, &quot;WenQuanYi Micro Hei&quot;, SimSun, sans-serif; font-size: 14px; white-space: normal; background-color: rgb(254, 254, 254); text-align: center; -webkit-tap-highlight-color: rgba(0, 0, 0, 0) !important;\"><img src=\"https://www.duoguyu.com/uploads/201903/05/201903051436107043.jpg\" style=\"box-sizing: border-box; border: medium none; margin: 20px 0px 0px; padding: 0px; max-width: 680px; width: 680px;\"/></p><p style=\"box-sizing: border-box; border: medium none; margin-top: 0px; margin-bottom: 0px; padding: 0px; text-size-adjust: none; color: rgb(69, 69, 69); font-family: &quot;PingFang SC&quot;, &quot;Lantinghei SC&quot;, &quot;Microsoft YaHei&quot;, &quot;HanHei SC&quot;, &quot;Helvetica Neue&quot;, &quot;Open Sans&quot;, Arial, &quot;Hiragino Sans GB&quot;, 微软雅黑, STHeiti, &quot;WenQuanYi Micro Hei&quot;, SimSun, sans-serif; font-size: 14px; text-align: justify; white-space: normal; background-color: rgb(254, 254, 254); -webkit-tap-highlight-color: rgba(0, 0, 0, 0) !important;\"><br style=\"box-sizing: border-box;\"/></p><p style=\"box-sizing: border-box; border: medium none; margin-top: 0px; margin-bottom: 0px; padding: 0px; text-size-adjust: none; color: rgb(69, 69, 69); font-family: &quot;PingFang SC&quot;, &quot;Lantinghei SC&quot;, &quot;Microsoft YaHei&quot;, &quot;HanHei SC&quot;, &quot;Helvetica Neue&quot;, &quot;Open Sans&quot;, Arial, &quot;Hiragino Sans GB&quot;, 微软雅黑, STHeiti, &quot;WenQuanYi Micro Hei&quot;, SimSun, sans-serif; font-size: 14px; text-align: justify; white-space: normal; background-color: rgb(254, 254, 254); -webkit-tap-highlight-color: rgba(0, 0, 0, 0) !important;\"><br style=\"box-sizing: border-box;\"/></p><h4 style=\"box-sizing: border-box; border: medium none; margin: 0px 0px 10px; padding: 0px; text-size-adjust: none; font-size: 14px; color: rgb(102, 102, 102); font-family: &quot;PingFang SC&quot;, &quot;Lantinghei SC&quot;, &quot;Microsoft YaHei&quot;, &quot;HanHei SC&quot;, &quot;Helvetica Neue&quot;, &quot;Open Sans&quot;, Arial, &quot;Hiragino Sans GB&quot;, 微软雅黑, STHeiti, &quot;WenQuanYi Micro Hei&quot;, SimSun, sans-serif; text-align: justify; white-space: normal; background-color: rgb(254, 254, 254); -webkit-tap-highlight-color: rgba(0, 0, 0, 0) !important;\"># 模版压缩包内容说明 #</h4><p style=\"box-sizing: border-box; border: medium none; margin-top: 0px; margin-bottom: 0px; padding: 0px; text-size-adjust: none; color: rgb(69, 69, 69); font-family: &quot;PingFang SC&quot;, &quot;Lantinghei SC&quot;, &quot;Microsoft YaHei&quot;, &quot;HanHei SC&quot;, &quot;Helvetica Neue&quot;, &quot;Open Sans&quot;, Arial, &quot;Hiragino Sans GB&quot;, 微软雅黑, STHeiti, &quot;WenQuanYi Micro Hei&quot;, SimSun, sans-serif; font-size: 14px; white-space: normal; background-color: rgb(254, 254, 254); text-align: center; -webkit-tap-highlight-color: rgba(0, 0, 0, 0) !important;\"><img src=\"https://www.duoguyu.com/uploads/201903/05/201903051436112285.jpg\" style=\"box-sizing: border-box; border: medium none; margin: 20px 0px 0px; padding: 0px; max-width: 680px; width: 680px;\"/></p><p><br/></p>', null, null, '/images/cover/201903051436106979.jpg', '1', '5', '0', '0', '0', '4', '1', '0', '1', '0', null, '1', '若依', '2019-11-23 19:40:35', null, '0', null);
INSERT INTO `cms_resource` VALUES ('2019112319493222711819', 'recommend', '“Intro”个性博客模版主题，pt-cms模版主题，免费下载', '1', '最新完整版本的Intro个性博客模版，附带基础的演示数据（文章、下载、导航分类、banner轮播图、Tag标签的数据）及详细安装说明，下载开箱安装即用.', '<p style=\"box-sizing: border-box; border: medium none; margin-top: 0px; margin-bottom: 0px; padding: 0px; text-size-adjust: none; color: rgb(69, 69, 69); font-family: &quot;PingFang SC&quot;, &quot;Lantinghei SC&quot;, &quot;Microsoft YaHei&quot;, &quot;HanHei SC&quot;, &quot;Helvetica Neue&quot;, &quot;Open Sans&quot;, Arial, &quot;Hiragino Sans GB&quot;, 微软雅黑, STHeiti, &quot;WenQuanYi Micro Hei&quot;, SimSun, sans-serif; font-size: 14px; text-align: justify; white-space: normal; background-color: rgb(254, 254, 254); -webkit-tap-highlight-color: rgba(0, 0, 0, 0) !important;\">距离上次发布的“Intro”尝鲜版博客模版主题已经差不多快1个月了。<br style=\"box-sizing: border-box;\"/></p><p style=\"box-sizing: border-box; border: medium none; margin-top: 0px; margin-bottom: 0px; padding: 0px; text-size-adjust: none; color: rgb(69, 69, 69); font-family: &quot;PingFang SC&quot;, &quot;Lantinghei SC&quot;, &quot;Microsoft YaHei&quot;, &quot;HanHei SC&quot;, &quot;Helvetica Neue&quot;, &quot;Open Sans&quot;, Arial, &quot;Hiragino Sans GB&quot;, 微软雅黑, STHeiti, &quot;WenQuanYi Micro Hei&quot;, SimSun, sans-serif; font-size: 14px; text-align: justify; white-space: normal; background-color: rgb(254, 254, 254); -webkit-tap-highlight-color: rgba(0, 0, 0, 0) !important;\">断断续续收到一些使用者的反馈和发现的bug，还有一些是模版安装后，却不知道如何搭配文章和资源等问题，并且有些朋友提出的想获取完整版本的来上手玩玩。</p><p style=\"box-sizing: border-box; border: medium none; margin-top: 0px; margin-bottom: 0px; padding: 0px; text-size-adjust: none; color: rgb(69, 69, 69); font-family: &quot;PingFang SC&quot;, &quot;Lantinghei SC&quot;, &quot;Microsoft YaHei&quot;, &quot;HanHei SC&quot;, &quot;Helvetica Neue&quot;, &quot;Open Sans&quot;, Arial, &quot;Hiragino Sans GB&quot;, 微软雅黑, STHeiti, &quot;WenQuanYi Micro Hei&quot;, SimSun, sans-serif; font-size: 14px; text-align: justify; white-space: normal; background-color: rgb(254, 254, 254); -webkit-tap-highlight-color: rgba(0, 0, 0, 0) !important;\">于是，这次在袁大神的帮助下，提供了一部分演示数据（需要在“<strong style=\"box-sizing: border-box;\">后台-数据管理-数据还原</strong>”里进行数据还原），以及把我自己新建的网址导航分类模型导出使用。</p><p style=\"box-sizing: border-box; border: medium none; margin-top: 0px; margin-bottom: 0px; padding: 0px; text-size-adjust: none; color: rgb(69, 69, 69); font-family: &quot;PingFang SC&quot;, &quot;Lantinghei SC&quot;, &quot;Microsoft YaHei&quot;, &quot;HanHei SC&quot;, &quot;Helvetica Neue&quot;, &quot;Open Sans&quot;, Arial, &quot;Hiragino Sans GB&quot;, 微软雅黑, STHeiti, &quot;WenQuanYi Micro Hei&quot;, SimSun, sans-serif; font-size: 14px; text-align: justify; white-space: normal; background-color: rgb(254, 254, 254); -webkit-tap-highlight-color: rgba(0, 0, 0, 0) !important;\">所以，这次算是一个完整版本的博客模版，附带基础的演示数据（<strong style=\"box-sizing: border-box;\">文章、下载、导航分类、banner轮播图、Tag标签</strong>的数据）。按照下方的安装说明安装完毕后，就能看到一个立马可以使用的模版。</p><p style=\"box-sizing: border-box; border: medium none; margin-top: 0px; margin-bottom: 0px; padding: 0px; text-size-adjust: none; color: rgb(69, 69, 69); font-family: &quot;PingFang SC&quot;, &quot;Lantinghei SC&quot;, &quot;Microsoft YaHei&quot;, &quot;HanHei SC&quot;, &quot;Helvetica Neue&quot;, &quot;Open Sans&quot;, Arial, &quot;Hiragino Sans GB&quot;, 微软雅黑, STHeiti, &quot;WenQuanYi Micro Hei&quot;, SimSun, sans-serif; font-size: 14px; text-align: justify; white-space: normal; background-color: rgb(254, 254, 254); -webkit-tap-highlight-color: rgba(0, 0, 0, 0) !important;\"><span style=\"box-sizing: border-box; text-decoration-line: line-through;\">本模版安装后的在线演示地址：</span><a href=\"http://intro.duoguyu.com/\" target=\"_blank\" title=\"Intro v5.2模版演示地址\" style=\"box-sizing: border-box; color: rgb(64, 158, 255); text-decoration-line: line-through; -webkit-tap-highlight-color: rgba(0, 0, 0, 0) !important;\">http://intro.duoguyu.com/</a>&nbsp; (参考别人安装的：<a href=\"http://www.superemmet.com/\" target=\"_blank\" style=\"box-sizing: border-box; color: rgb(64, 158, 255); text-decoration-line: none; -webkit-tap-highlight-color: rgba(0, 0, 0, 0) !important;\">http://www.superemmet.com/</a>&nbsp;，如遇到无法访问时，请直接参考下方截图演示效果。)</p><p style=\"box-sizing: border-box; border: medium none; margin-top: 0px; margin-bottom: 0px; padding: 0px; text-size-adjust: none; color: rgb(69, 69, 69); font-family: &quot;PingFang SC&quot;, &quot;Lantinghei SC&quot;, &quot;Microsoft YaHei&quot;, &quot;HanHei SC&quot;, &quot;Helvetica Neue&quot;, &quot;Open Sans&quot;, Arial, &quot;Hiragino Sans GB&quot;, 微软雅黑, STHeiti, &quot;WenQuanYi Micro Hei&quot;, SimSun, sans-serif; font-size: 14px; text-align: justify; white-space: normal; background-color: rgb(254, 254, 254); -webkit-tap-highlight-color: rgba(0, 0, 0, 0) !important;\"><span style=\"box-sizing: border-box; text-decoration-line: line-through;\">本模版安装后的实例参考地址：</span><a href=\"http://intro.duoguyu.com/\" target=\"_blank\" title=\"Intro v5.2模版演示地址\" style=\"box-sizing: border-box; color: rgb(64, 158, 255); text-decoration-line: line-through; -webkit-tap-highlight-color: rgba(0, 0, 0, 0) !important;\">https://www.duoguyu.com/</a>&nbsp; (2019/05/09 已升级为Avatar主题风格。)</p><p style=\"box-sizing: border-box; border: medium none; margin-top: 0px; margin-bottom: 0px; padding: 0px; text-size-adjust: none; color: rgb(69, 69, 69); font-family: &quot;PingFang SC&quot;, &quot;Lantinghei SC&quot;, &quot;Microsoft YaHei&quot;, &quot;HanHei SC&quot;, &quot;Helvetica Neue&quot;, &quot;Open Sans&quot;, Arial, &quot;Hiragino Sans GB&quot;, 微软雅黑, STHeiti, &quot;WenQuanYi Micro Hei&quot;, SimSun, sans-serif; font-size: 14px; text-align: justify; white-space: normal; background-color: rgb(254, 254, 254); -webkit-tap-highlight-color: rgba(0, 0, 0, 0) !important;\"><br style=\"box-sizing: border-box;\"/></p><p style=\"box-sizing: border-box; border: medium none; margin-top: 0px; margin-bottom: 0px; padding: 0px; text-size-adjust: none; color: rgb(69, 69, 69); font-family: &quot;PingFang SC&quot;, &quot;Lantinghei SC&quot;, &quot;Microsoft YaHei&quot;, &quot;HanHei SC&quot;, &quot;Helvetica Neue&quot;, &quot;Open Sans&quot;, Arial, &quot;Hiragino Sans GB&quot;, 微软雅黑, STHeiti, &quot;WenQuanYi Micro Hei&quot;, SimSun, sans-serif; font-size: 14px; text-align: justify; white-space: normal; background-color: rgb(254, 254, 254); -webkit-tap-highlight-color: rgba(0, 0, 0, 0) !important;\"><br style=\"box-sizing: border-box;\"/></p><p style=\"box-sizing: border-box; border: medium none; margin-top: 0px; margin-bottom: 0px; padding: 0px; text-size-adjust: none; color: rgb(69, 69, 69); font-family: &quot;PingFang SC&quot;, &quot;Lantinghei SC&quot;, &quot;Microsoft YaHei&quot;, &quot;HanHei SC&quot;, &quot;Helvetica Neue&quot;, &quot;Open Sans&quot;, Arial, &quot;Hiragino Sans GB&quot;, 微软雅黑, STHeiti, &quot;WenQuanYi Micro Hei&quot;, SimSun, sans-serif; font-size: 14px; text-align: justify; white-space: normal; background-color: rgb(254, 254, 254); -webkit-tap-highlight-color: rgba(0, 0, 0, 0) !important;\"><span style=\"box-sizing: border-box; font-weight: 700;\"># 截图参考：</span></p><p style=\"box-sizing: border-box; border: medium none; margin-top: 0px; margin-bottom: 0px; padding: 0px; text-size-adjust: none; color: rgb(69, 69, 69); font-family: &quot;PingFang SC&quot;, &quot;Lantinghei SC&quot;, &quot;Microsoft YaHei&quot;, &quot;HanHei SC&quot;, &quot;Helvetica Neue&quot;, &quot;Open Sans&quot;, Arial, &quot;Hiragino Sans GB&quot;, 微软雅黑, STHeiti, &quot;WenQuanYi Micro Hei&quot;, SimSun, sans-serif; font-size: 14px; white-space: normal; background-color: rgb(254, 254, 254); text-align: center; -webkit-tap-highlight-color: rgba(0, 0, 0, 0) !important;\"><img src=\"https://duoguyu.com/uploads/ueditor/image/20190422/1555918524581196.jpg\" title=\"1555918524581196.jpg\" style=\"box-sizing: border-box; border: medium none; margin: 20px 0px 0px; padding: 0px; max-width: 680px; width: 680px;\"/></p><p style=\"box-sizing: border-box; border: medium none; margin-top: 0px; margin-bottom: 0px; padding: 0px; text-size-adjust: none; color: rgb(69, 69, 69); font-family: &quot;PingFang SC&quot;, &quot;Lantinghei SC&quot;, &quot;Microsoft YaHei&quot;, &quot;HanHei SC&quot;, &quot;Helvetica Neue&quot;, &quot;Open Sans&quot;, Arial, &quot;Hiragino Sans GB&quot;, 微软雅黑, STHeiti, &quot;WenQuanYi Micro Hei&quot;, SimSun, sans-serif; font-size: 14px; white-space: normal; background-color: rgb(254, 254, 254); text-align: center; -webkit-tap-highlight-color: rgba(0, 0, 0, 0) !important;\"><img src=\"https://duoguyu.com/uploads/ueditor/image/20190422/1555918524275584.jpg\" title=\"1555918524275584.jpg\" style=\"box-sizing: border-box; border: medium none; margin: 20px 0px 0px; padding: 0px; max-width: 680px; width: 680px;\"/></p><p style=\"box-sizing: border-box; border: medium none; margin-top: 0px; margin-bottom: 0px; padding: 0px; text-size-adjust: none; color: rgb(69, 69, 69); font-family: &quot;PingFang SC&quot;, &quot;Lantinghei SC&quot;, &quot;Microsoft YaHei&quot;, &quot;HanHei SC&quot;, &quot;Helvetica Neue&quot;, &quot;Open Sans&quot;, Arial, &quot;Hiragino Sans GB&quot;, 微软雅黑, STHeiti, &quot;WenQuanYi Micro Hei&quot;, SimSun, sans-serif; font-size: 14px; white-space: normal; background-color: rgb(254, 254, 254); text-align: center; -webkit-tap-highlight-color: rgba(0, 0, 0, 0) !important;\"><img src=\"https://duoguyu.com/uploads/ueditor/image/20190422/1555918524200947.jpg\" title=\"1555918524200947.jpg\" style=\"box-sizing: border-box; border: medium none; margin: 20px 0px 0px; padding: 0px; max-width: 680px; width: 680px;\"/></p><p style=\"box-sizing: border-box; border: medium none; margin-top: 0px; margin-bottom: 0px; padding: 0px; text-size-adjust: none; color: rgb(69, 69, 69); font-family: &quot;PingFang SC&quot;, &quot;Lantinghei SC&quot;, &quot;Microsoft YaHei&quot;, &quot;HanHei SC&quot;, &quot;Helvetica Neue&quot;, &quot;Open Sans&quot;, Arial, &quot;Hiragino Sans GB&quot;, 微软雅黑, STHeiti, &quot;WenQuanYi Micro Hei&quot;, SimSun, sans-serif; font-size: 14px; white-space: normal; background-color: rgb(254, 254, 254); text-align: center; -webkit-tap-highlight-color: rgba(0, 0, 0, 0) !important;\"><img src=\"https://duoguyu.com/uploads/ueditor/image/20190422/1555918524570681.jpg\" title=\"1555918524570681.jpg\" style=\"box-sizing: border-box; border: medium none; margin: 20px 0px 0px; padding: 0px; max-width: 680px; width: 680px;\"/></p><p style=\"box-sizing: border-box; border: medium none; margin-top: 0px; margin-bottom: 0px; padding: 0px; text-size-adjust: none; color: rgb(69, 69, 69); font-family: &quot;PingFang SC&quot;, &quot;Lantinghei SC&quot;, &quot;Microsoft YaHei&quot;, &quot;HanHei SC&quot;, &quot;Helvetica Neue&quot;, &quot;Open Sans&quot;, Arial, &quot;Hiragino Sans GB&quot;, 微软雅黑, STHeiti, &quot;WenQuanYi Micro Hei&quot;, SimSun, sans-serif; font-size: 14px; white-space: normal; background-color: rgb(254, 254, 254); text-align: center; -webkit-tap-highlight-color: rgba(0, 0, 0, 0) !important;\"><img src=\"https://duoguyu.com/uploads/ueditor/image/20190422/1555918524929474.jpg\" title=\"1555918524929474.jpg\" style=\"box-sizing: border-box; border: medium none; margin: 20px 0px 0px; padding: 0px; max-width: 680px; width: 680px;\"/></p><p style=\"box-sizing: border-box; border: medium none; margin-top: 0px; margin-bottom: 0px; padding: 0px; text-size-adjust: none; color: rgb(69, 69, 69); font-family: &quot;PingFang SC&quot;, &quot;Lantinghei SC&quot;, &quot;Microsoft YaHei&quot;, &quot;HanHei SC&quot;, &quot;Helvetica Neue&quot;, &quot;Open Sans&quot;, Arial, &quot;Hiragino Sans GB&quot;, 微软雅黑, STHeiti, &quot;WenQuanYi Micro Hei&quot;, SimSun, sans-serif; font-size: 14px; white-space: normal; background-color: rgb(254, 254, 254); text-align: center; -webkit-tap-highlight-color: rgba(0, 0, 0, 0) !important;\"><img src=\"https://duoguyu.com/uploads/ueditor/image/20190422/1555918524533550.jpg\" title=\"1555918524533550.jpg\" style=\"box-sizing: border-box; border: medium none; margin: 20px 0px 0px; padding: 0px; max-width: 680px; width: 680px;\"/></p><p style=\"box-sizing: border-box; border: medium none; margin-top: 0px; margin-bottom: 0px; padding: 0px; text-size-adjust: none; color: rgb(69, 69, 69); font-family: &quot;PingFang SC&quot;, &quot;Lantinghei SC&quot;, &quot;Microsoft YaHei&quot;, &quot;HanHei SC&quot;, &quot;Helvetica Neue&quot;, &quot;Open Sans&quot;, Arial, &quot;Hiragino Sans GB&quot;, 微软雅黑, STHeiti, &quot;WenQuanYi Micro Hei&quot;, SimSun, sans-serif; font-size: 14px; text-align: justify; white-space: normal; background-color: rgb(254, 254, 254); -webkit-tap-highlight-color: rgba(0, 0, 0, 0) !important;\"><br style=\"box-sizing: border-box;\"/></p><p style=\"box-sizing: border-box; border: medium none; margin-top: 0px; margin-bottom: 0px; padding: 0px; text-size-adjust: none; color: rgb(69, 69, 69); font-family: &quot;PingFang SC&quot;, &quot;Lantinghei SC&quot;, &quot;Microsoft YaHei&quot;, &quot;HanHei SC&quot;, &quot;Helvetica Neue&quot;, &quot;Open Sans&quot;, Arial, &quot;Hiragino Sans GB&quot;, 微软雅黑, STHeiti, &quot;WenQuanYi Micro Hei&quot;, SimSun, sans-serif; font-size: 14px; text-align: justify; white-space: normal; background-color: rgb(254, 254, 254); -webkit-tap-highlight-color: rgba(0, 0, 0, 0) !important;\"><br style=\"box-sizing: border-box;\"/></p><h4 style=\"box-sizing: border-box; border: medium none; margin: 0px 0px 10px; padding: 0px; text-size-adjust: none; font-size: 14px; color: rgb(102, 102, 102); font-family: &quot;PingFang SC&quot;, &quot;Lantinghei SC&quot;, &quot;Microsoft YaHei&quot;, &quot;HanHei SC&quot;, &quot;Helvetica Neue&quot;, &quot;Open Sans&quot;, Arial, &quot;Hiragino Sans GB&quot;, 微软雅黑, STHeiti, &quot;WenQuanYi Micro Hei&quot;, SimSun, sans-serif; text-align: justify; white-space: normal; background-color: rgb(254, 254, 254); -webkit-tap-highlight-color: rgba(0, 0, 0, 0) !important;\"># 压缩包-详细说明：<br style=\"box-sizing: border-box;\"/></h4><p style=\"box-sizing: border-box; border: medium none; margin-top: 0px; margin-bottom: 0px; padding: 0px; text-size-adjust: none; color: rgb(69, 69, 69); font-family: &quot;PingFang SC&quot;, &quot;Lantinghei SC&quot;, &quot;Microsoft YaHei&quot;, &quot;HanHei SC&quot;, &quot;Helvetica Neue&quot;, &quot;Open Sans&quot;, Arial, &quot;Hiragino Sans GB&quot;, 微软雅黑, STHeiti, &quot;WenQuanYi Micro Hei&quot;, SimSun, sans-serif; font-size: 14px; text-align: justify; white-space: normal; background-color: rgb(254, 254, 254); -webkit-tap-highlight-color: rgba(0, 0, 0, 0) !important;\">附件压缩包解压后，会得到三个文件夹，分别为：<strong style=\"box-sizing: border-box;\">模板文件、模型文件、数据库文件</strong>（windows用户请忽略&quot;_MACOSX&quot;文件夹,这个是MAC系统压缩文件时自动生成的缓存文件，该文件的说明见链接&nbsp;<a href=\"https://www.duoguyu.com/wtf/17.html\" target=\"_blank\" title=\"MACOSX文件夹是个什么东西？\" style=\"box-sizing: border-box; color: rgb(64, 158, 255); text-decoration-line: none; -webkit-tap-highlight-color: rgba(0, 0, 0, 0) !important;\">MACOSX文件夹是个什么东西？</a>）。</p><p style=\"box-sizing: border-box; border: medium none; margin-top: 0px; margin-bottom: 0px; padding: 0px; text-size-adjust: none; color: rgb(69, 69, 69); font-family: &quot;PingFang SC&quot;, &quot;Lantinghei SC&quot;, &quot;Microsoft YaHei&quot;, &quot;HanHei SC&quot;, &quot;Helvetica Neue&quot;, &quot;Open Sans&quot;, Arial, &quot;Hiragino Sans GB&quot;, 微软雅黑, STHeiti, &quot;WenQuanYi Micro Hei&quot;, SimSun, sans-serif; font-size: 14px; text-align: justify; white-space: normal; background-color: rgb(254, 254, 254); -webkit-tap-highlight-color: rgba(0, 0, 0, 0) !important;\">结构说明如下图：</p><p style=\"box-sizing: border-box; border: medium none; margin-top: 0px; margin-bottom: 0px; padding: 0px; text-size-adjust: none; color: rgb(69, 69, 69); font-family: &quot;PingFang SC&quot;, &quot;Lantinghei SC&quot;, &quot;Microsoft YaHei&quot;, &quot;HanHei SC&quot;, &quot;Helvetica Neue&quot;, &quot;Open Sans&quot;, Arial, &quot;Hiragino Sans GB&quot;, 微软雅黑, STHeiti, &quot;WenQuanYi Micro Hei&quot;, SimSun, sans-serif; font-size: 14px; white-space: normal; background-color: rgb(254, 254, 254); text-align: center; -webkit-tap-highlight-color: rgba(0, 0, 0, 0) !important;\"><img src=\"https://duoguyu.com/uploads/ueditor/image/20190418/1555579454114364.jpg\" title=\"「多骨鱼博客」Intro v5.2 完整版-附带演示数据，博客模版主题- pt-cms模版主题，免费下载\" alt=\"「多骨鱼博客」Intro v5.2 完整版-附带演示数据，博客模版主题- pt-cms模版主题，免费下载\" style=\"box-sizing: border-box; border: medium none; margin: 20px 0px 0px; padding: 0px; max-width: 680px; width: 680px;\"/></p><p style=\"box-sizing: border-box; border: medium none; margin-top: 0px; margin-bottom: 0px; padding: 0px; text-size-adjust: none; color: rgb(69, 69, 69); font-family: &quot;PingFang SC&quot;, &quot;Lantinghei SC&quot;, &quot;Microsoft YaHei&quot;, &quot;HanHei SC&quot;, &quot;Helvetica Neue&quot;, &quot;Open Sans&quot;, Arial, &quot;Hiragino Sans GB&quot;, 微软雅黑, STHeiti, &quot;WenQuanYi Micro Hei&quot;, SimSun, sans-serif; font-size: 14px; text-align: justify; white-space: normal; background-color: rgb(254, 254, 254); -webkit-tap-highlight-color: rgba(0, 0, 0, 0) !important;\"><br style=\"box-sizing: border-box;\"/></p><p style=\"box-sizing: border-box; border: medium none; margin-top: 0px; margin-bottom: 0px; padding: 0px; text-size-adjust: none; color: rgb(69, 69, 69); font-family: &quot;PingFang SC&quot;, &quot;Lantinghei SC&quot;, &quot;Microsoft YaHei&quot;, &quot;HanHei SC&quot;, &quot;Helvetica Neue&quot;, &quot;Open Sans&quot;, Arial, &quot;Hiragino Sans GB&quot;, 微软雅黑, STHeiti, &quot;WenQuanYi Micro Hei&quot;, SimSun, sans-serif; font-size: 14px; text-align: justify; white-space: normal; background-color: rgb(254, 254, 254); -webkit-tap-highlight-color: rgba(0, 0, 0, 0) !important;\"><br style=\"box-sizing: border-box;\"/></p><p style=\"box-sizing: border-box; border: medium none; margin-top: 0px; margin-bottom: 0px; padding: 0px; text-size-adjust: none; color: rgb(69, 69, 69); font-family: &quot;PingFang SC&quot;, &quot;Lantinghei SC&quot;, &quot;Microsoft YaHei&quot;, &quot;HanHei SC&quot;, &quot;Helvetica Neue&quot;, &quot;Open Sans&quot;, Arial, &quot;Hiragino Sans GB&quot;, 微软雅黑, STHeiti, &quot;WenQuanYi Micro Hei&quot;, SimSun, sans-serif; font-size: 14px; text-align: justify; white-space: normal; background-color: rgb(254, 254, 254); -webkit-tap-highlight-color: rgba(0, 0, 0, 0) !important;\"><br style=\"box-sizing: border-box;\"/></p><h4 style=\"box-sizing: border-box; border: medium none; margin: 0px 0px 10px; padding: 0px; text-size-adjust: none; font-size: 14px; color: rgb(102, 102, 102); font-family: &quot;PingFang SC&quot;, &quot;Lantinghei SC&quot;, &quot;Microsoft YaHei&quot;, &quot;HanHei SC&quot;, &quot;Helvetica Neue&quot;, &quot;Open Sans&quot;, Arial, &quot;Hiragino Sans GB&quot;, 微软雅黑, STHeiti, &quot;WenQuanYi Micro Hei&quot;, SimSun, sans-serif; text-align: justify; white-space: normal; background-color: rgb(254, 254, 254); -webkit-tap-highlight-color: rgba(0, 0, 0, 0) !important;\"># 模版文件夹-详细说明：<br style=\"box-sizing: border-box;\"/></h4><p style=\"box-sizing: border-box; border: medium none; margin-top: 0px; margin-bottom: 0px; padding: 0px; text-size-adjust: none; color: rgb(69, 69, 69); font-family: &quot;PingFang SC&quot;, &quot;Lantinghei SC&quot;, &quot;Microsoft YaHei&quot;, &quot;HanHei SC&quot;, &quot;Helvetica Neue&quot;, &quot;Open Sans&quot;, Arial, &quot;Hiragino Sans GB&quot;, 微软雅黑, STHeiti, &quot;WenQuanYi Micro Hei&quot;, SimSun, sans-serif; font-size: 14px; text-align: justify; white-space: normal; background-color: rgb(254, 254, 254); -webkit-tap-highlight-color: rgba(0, 0, 0, 0) !important;\">备注：由于这次的模版内容里包含一些可供参考使用的演示数据，所以当前模版文件里多了一个“<strong style=\"box-sizing: border-box;\">uploads</strong>”文件夹（里面为演示数据必备的封面图、banner图等图片资源）。<br style=\"box-sizing: border-box;\"/></p><p style=\"box-sizing: border-box; border: medium none; margin-top: 0px; margin-bottom: 0px; padding: 0px; text-size-adjust: none; color: rgb(69, 69, 69); font-family: &quot;PingFang SC&quot;, &quot;Lantinghei SC&quot;, &quot;Microsoft YaHei&quot;, &quot;HanHei SC&quot;, &quot;Helvetica Neue&quot;, &quot;Open Sans&quot;, Arial, &quot;Hiragino Sans GB&quot;, 微软雅黑, STHeiti, &quot;WenQuanYi Micro Hei&quot;, SimSun, sans-serif; font-size: 14px; text-align: justify; white-space: normal; background-color: rgb(254, 254, 254); -webkit-tap-highlight-color: rgba(0, 0, 0, 0) !important;\">结构说明如下图：</p><p style=\"box-sizing: border-box; border: medium none; margin-top: 0px; margin-bottom: 0px; padding: 0px; text-size-adjust: none; color: rgb(69, 69, 69); font-family: &quot;PingFang SC&quot;, &quot;Lantinghei SC&quot;, &quot;Microsoft YaHei&quot;, &quot;HanHei SC&quot;, &quot;Helvetica Neue&quot;, &quot;Open Sans&quot;, Arial, &quot;Hiragino Sans GB&quot;, 微软雅黑, STHeiti, &quot;WenQuanYi Micro Hei&quot;, SimSun, sans-serif; font-size: 14px; white-space: normal; background-color: rgb(254, 254, 254); text-align: center; -webkit-tap-highlight-color: rgba(0, 0, 0, 0) !important;\"><img src=\"https://duoguyu.com/uploads/ueditor/image/20190418/1555580111475109.jpg\" title=\"「多骨鱼博客」Intro v5.2 完整版-附带演示数据，博客模版主题- pt-cms模版主题，免费下载\" alt=\"「多骨鱼博客」Intro v5.2 完整版-附带演示数据，博客模版主题- pt-cms模版主题，免费下载\" style=\"box-sizing: border-box; border: medium none; margin: 20px 0px 0px; padding: 0px; max-width: 680px; width: 680px;\"/></p><p style=\"box-sizing: border-box; border: medium none; margin-top: 0px; margin-bottom: 0px; padding: 0px; text-size-adjust: none; color: rgb(69, 69, 69); font-family: &quot;PingFang SC&quot;, &quot;Lantinghei SC&quot;, &quot;Microsoft YaHei&quot;, &quot;HanHei SC&quot;, &quot;Helvetica Neue&quot;, &quot;Open Sans&quot;, Arial, &quot;Hiragino Sans GB&quot;, 微软雅黑, STHeiti, &quot;WenQuanYi Micro Hei&quot;, SimSun, sans-serif; font-size: 14px; text-align: justify; white-space: normal; background-color: rgb(254, 254, 254); -webkit-tap-highlight-color: rgba(0, 0, 0, 0) !important;\"><br style=\"box-sizing: border-box;\"/></p><p style=\"box-sizing: border-box; border: medium none; margin-top: 0px; margin-bottom: 0px; padding: 0px; text-size-adjust: none; color: rgb(69, 69, 69); font-family: &quot;PingFang SC&quot;, &quot;Lantinghei SC&quot;, &quot;Microsoft YaHei&quot;, &quot;HanHei SC&quot;, &quot;Helvetica Neue&quot;, &quot;Open Sans&quot;, Arial, &quot;Hiragino Sans GB&quot;, 微软雅黑, STHeiti, &quot;WenQuanYi Micro Hei&quot;, SimSun, sans-serif; font-size: 14px; text-align: justify; white-space: normal; background-color: rgb(254, 254, 254); -webkit-tap-highlight-color: rgba(0, 0, 0, 0) !important;\"><br style=\"box-sizing: border-box;\"/></p><p style=\"box-sizing: border-box; border: medium none; margin-top: 0px; margin-bottom: 0px; padding: 0px; text-size-adjust: none; color: rgb(69, 69, 69); font-family: &quot;PingFang SC&quot;, &quot;Lantinghei SC&quot;, &quot;Microsoft YaHei&quot;, &quot;HanHei SC&quot;, &quot;Helvetica Neue&quot;, &quot;Open Sans&quot;, Arial, &quot;Hiragino Sans GB&quot;, 微软雅黑, STHeiti, &quot;WenQuanYi Micro Hei&quot;, SimSun, sans-serif; font-size: 14px; text-align: justify; white-space: normal; background-color: rgb(254, 254, 254); -webkit-tap-highlight-color: rgba(0, 0, 0, 0) !important;\"><br style=\"box-sizing: border-box;\"/></p><h4 style=\"box-sizing: border-box; border: medium none; margin: 0px 0px 10px; padding: 0px; text-size-adjust: none; font-size: 14px; color: rgb(102, 102, 102); font-family: &quot;PingFang SC&quot;, &quot;Lantinghei SC&quot;, &quot;Microsoft YaHei&quot;, &quot;HanHei SC&quot;, &quot;Helvetica Neue&quot;, &quot;Open Sans&quot;, Arial, &quot;Hiragino Sans GB&quot;, 微软雅黑, STHeiti, &quot;WenQuanYi Micro Hei&quot;, SimSun, sans-serif; text-align: justify; white-space: normal; background-color: rgb(254, 254, 254); -webkit-tap-highlight-color: rgba(0, 0, 0, 0) !important;\"># 安装说明：<br style=\"box-sizing: border-box;\"/></h4><p style=\"box-sizing: border-box; border: medium none; margin-top: 0px; margin-bottom: 0px; padding: 0px; text-size-adjust: none; color: rgb(69, 69, 69); font-family: &quot;PingFang SC&quot;, &quot;Lantinghei SC&quot;, &quot;Microsoft YaHei&quot;, &quot;HanHei SC&quot;, &quot;Helvetica Neue&quot;, &quot;Open Sans&quot;, Arial, &quot;Hiragino Sans GB&quot;, 微软雅黑, STHeiti, &quot;WenQuanYi Micro Hei&quot;, SimSun, sans-serif; font-size: 14px; text-align: justify; white-space: normal; background-color: rgb(254, 254, 254); -webkit-tap-highlight-color: rgba(0, 0, 0, 0) !important;\">1，选择模版</p><p style=\"box-sizing: border-box; border: medium none; margin-top: 0px; margin-bottom: 0px; padding: 0px; text-size-adjust: none; color: rgb(69, 69, 69); font-family: &quot;PingFang SC&quot;, &quot;Lantinghei SC&quot;, &quot;Microsoft YaHei&quot;, &quot;HanHei SC&quot;, &quot;Helvetica Neue&quot;, &quot;Open Sans&quot;, Arial, &quot;Hiragino Sans GB&quot;, 微软雅黑, STHeiti, &quot;WenQuanYi Micro Hei&quot;, SimSun, sans-serif; font-size: 14px; white-space: normal; background-color: rgb(254, 254, 254); text-align: center; -webkit-tap-highlight-color: rgba(0, 0, 0, 0) !important;\"><img src=\"https://duoguyu.com/uploads/ueditor/image/20190418/1555580387372973.jpg\" title=\"「多骨鱼博客」Intro v5.2 完整版-附带演示数据，博客模版主题- pt-cms模版主题，免费下载\" alt=\"「多骨鱼博客」Intro v5.2 完整版-附带演示数据，博客模版主题- pt-cms模版主题，免费下载\" style=\"box-sizing: border-box; border: medium none; margin: 20px 0px 0px; padding: 0px; max-width: 680px; width: 680px;\"/></p><p style=\"box-sizing: border-box; border: medium none; margin-top: 0px; margin-bottom: 0px; padding: 0px; text-size-adjust: none; color: rgb(69, 69, 69); font-family: &quot;PingFang SC&quot;, &quot;Lantinghei SC&quot;, &quot;Microsoft YaHei&quot;, &quot;HanHei SC&quot;, &quot;Helvetica Neue&quot;, &quot;Open Sans&quot;, Arial, &quot;Hiragino Sans GB&quot;, 微软雅黑, STHeiti, &quot;WenQuanYi Micro Hei&quot;, SimSun, sans-serif; font-size: 14px; text-align: justify; white-space: normal; background-color: rgb(254, 254, 254); -webkit-tap-highlight-color: rgba(0, 0, 0, 0) !important;\">将解压后的模版文件（<strong style=\"box-sizing: border-box;\">application、uploads、common文件夹</strong>）覆盖安装到网站根目录里，之后登录系统后台，在“<strong style=\"box-sizing: border-box;\">系统管理 - 系统设置 - 附加设置</strong>”下的 “<strong style=\"box-sizing: border-box;\">模版风格</strong>” 里选择 “<strong style=\"box-sizing: border-box;\">intro</strong>”，保存。</p><p style=\"box-sizing: border-box; border: medium none; margin-top: 0px; margin-bottom: 0px; padding: 0px; text-size-adjust: none; color: rgb(69, 69, 69); font-family: &quot;PingFang SC&quot;, &quot;Lantinghei SC&quot;, &quot;Microsoft YaHei&quot;, &quot;HanHei SC&quot;, &quot;Helvetica Neue&quot;, &quot;Open Sans&quot;, Arial, &quot;Hiragino Sans GB&quot;, 微软雅黑, STHeiti, &quot;WenQuanYi Micro Hei&quot;, SimSun, sans-serif; font-size: 14px; text-align: justify; white-space: normal; background-color: rgb(254, 254, 254); -webkit-tap-highlight-color: rgba(0, 0, 0, 0) !important;\"><br style=\"box-sizing: border-box;\"/></p><p style=\"box-sizing: border-box; border: medium none; margin-top: 0px; margin-bottom: 0px; padding: 0px; text-size-adjust: none; color: rgb(69, 69, 69); font-family: &quot;PingFang SC&quot;, &quot;Lantinghei SC&quot;, &quot;Microsoft YaHei&quot;, &quot;HanHei SC&quot;, &quot;Helvetica Neue&quot;, &quot;Open Sans&quot;, Arial, &quot;Hiragino Sans GB&quot;, 微软雅黑, STHeiti, &quot;WenQuanYi Micro Hei&quot;, SimSun, sans-serif; font-size: 14px; text-align: justify; white-space: normal; background-color: rgb(254, 254, 254); -webkit-tap-highlight-color: rgba(0, 0, 0, 0) !important;\"><br style=\"box-sizing: border-box;\"/></p><p style=\"box-sizing: border-box; border: medium none; margin-top: 0px; margin-bottom: 0px; padding: 0px; text-size-adjust: none; color: rgb(69, 69, 69); font-family: &quot;PingFang SC&quot;, &quot;Lantinghei SC&quot;, &quot;Microsoft YaHei&quot;, &quot;HanHei SC&quot;, &quot;Helvetica Neue&quot;, &quot;Open Sans&quot;, Arial, &quot;Hiragino Sans GB&quot;, 微软雅黑, STHeiti, &quot;WenQuanYi Micro Hei&quot;, SimSun, sans-serif; font-size: 14px; text-align: justify; white-space: normal; background-color: rgb(254, 254, 254); -webkit-tap-highlight-color: rgba(0, 0, 0, 0) !important;\">2，导入模型</p><p style=\"box-sizing: border-box; border: medium none; margin-top: 0px; margin-bottom: 0px; padding: 0px; text-size-adjust: none; color: rgb(69, 69, 69); font-family: &quot;PingFang SC&quot;, &quot;Lantinghei SC&quot;, &quot;Microsoft YaHei&quot;, &quot;HanHei SC&quot;, &quot;Helvetica Neue&quot;, &quot;Open Sans&quot;, Arial, &quot;Hiragino Sans GB&quot;, 微软雅黑, STHeiti, &quot;WenQuanYi Micro Hei&quot;, SimSun, sans-serif; font-size: 14px; white-space: normal; background-color: rgb(254, 254, 254); text-align: center; -webkit-tap-highlight-color: rgba(0, 0, 0, 0) !important;\"><img src=\"https://duoguyu.com/uploads/ueditor/image/20190418/1555580892412756.jpg\" title=\"「多骨鱼博客」Intro v5.2 完整版-附带演示数据，博客模版主题- pt-cms模版主题，免费下载\" alt=\"「多骨鱼博客」Intro v5.2 完整版-附带演示数据，博客模版主题- pt-cms模版主题，免费下载\" style=\"box-sizing: border-box; border: medium none; margin: 20px 0px 0px; padding: 0px; max-width: 680px; width: 680px;\"/></p><p style=\"box-sizing: border-box; border: medium none; margin-top: 0px; margin-bottom: 0px; padding: 0px; text-size-adjust: none; color: rgb(69, 69, 69); font-family: &quot;PingFang SC&quot;, &quot;Lantinghei SC&quot;, &quot;Microsoft YaHei&quot;, &quot;HanHei SC&quot;, &quot;Helvetica Neue&quot;, &quot;Open Sans&quot;, Arial, &quot;Hiragino Sans GB&quot;, 微软雅黑, STHeiti, &quot;WenQuanYi Micro Hei&quot;, SimSun, sans-serif; font-size: 14px; text-align: justify; white-space: normal; background-color: rgb(254, 254, 254); -webkit-tap-highlight-color: rgba(0, 0, 0, 0) !important;\">在“<strong style=\"box-sizing: border-box;\">内容管理 - 模型管理</strong>”里选择 “<strong style=\"box-sizing: border-box;\">导入模型</strong>”，依次导入 “<strong style=\"box-sizing: border-box;\">模型文件</strong>”文件夹里的“<strong style=\"box-sizing: border-box;\">yzm_article.model</strong>(文章模型)、<strong style=\"box-sizing: border-box;\">yzm_classify.model</strong>(分类导航模型)”。</p><p style=\"box-sizing: border-box; border: medium none; margin-top: 0px; margin-bottom: 0px; padding: 0px; text-size-adjust: none; color: rgb(69, 69, 69); font-family: &quot;PingFang SC&quot;, &quot;Lantinghei SC&quot;, &quot;Microsoft YaHei&quot;, &quot;HanHei SC&quot;, &quot;Helvetica Neue&quot;, &quot;Open Sans&quot;, Arial, &quot;Hiragino Sans GB&quot;, 微软雅黑, STHeiti, &quot;WenQuanYi Micro Hei&quot;, SimSun, sans-serif; font-size: 14px; text-align: justify; white-space: normal; background-color: rgb(254, 254, 254); -webkit-tap-highlight-color: rgba(0, 0, 0, 0) !important;\"><span style=\"box-sizing: border-box; color: rgb(255, 0, 0);\">注意： 如现有的数据与导入的数据冲突，导入数据会覆盖现有数据！如需备份原文章模型，请先导出该模型后，再导入我提供的<strong style=\"box-sizing: border-box;\">yzm_article.model</strong>(文章模型)。</span></p><p style=\"box-sizing: border-box; border: medium none; margin-top: 0px; margin-bottom: 0px; padding: 0px; text-size-adjust: none; color: rgb(69, 69, 69); font-family: &quot;PingFang SC&quot;, &quot;Lantinghei SC&quot;, &quot;Microsoft YaHei&quot;, &quot;HanHei SC&quot;, &quot;Helvetica Neue&quot;, &quot;Open Sans&quot;, Arial, &quot;Hiragino Sans GB&quot;, 微软雅黑, STHeiti, &quot;WenQuanYi Micro Hei&quot;, SimSun, sans-serif; font-size: 14px; text-align: justify; white-space: normal; background-color: rgb(254, 254, 254); -webkit-tap-highlight-color: rgba(0, 0, 0, 0) !important;\"><br style=\"box-sizing: border-box;\"/></p><p style=\"box-sizing: border-box; border: medium none; margin-top: 0px; margin-bottom: 0px; padding: 0px; text-size-adjust: none; color: rgb(69, 69, 69); font-family: &quot;PingFang SC&quot;, &quot;Lantinghei SC&quot;, &quot;Microsoft YaHei&quot;, &quot;HanHei SC&quot;, &quot;Helvetica Neue&quot;, &quot;Open Sans&quot;, Arial, &quot;Hiragino Sans GB&quot;, 微软雅黑, STHeiti, &quot;WenQuanYi Micro Hei&quot;, SimSun, sans-serif; font-size: 14px; text-align: justify; white-space: normal; background-color: rgb(254, 254, 254); -webkit-tap-highlight-color: rgba(0, 0, 0, 0) !important;\"><br style=\"box-sizing: border-box;\"/></p><p style=\"box-sizing: border-box; border: medium none; margin-top: 0px; margin-bottom: 0px; padding: 0px; text-size-adjust: none; color: rgb(69, 69, 69); font-family: &quot;PingFang SC&quot;, &quot;Lantinghei SC&quot;, &quot;Microsoft YaHei&quot;, &quot;HanHei SC&quot;, &quot;Helvetica Neue&quot;, &quot;Open Sans&quot;, Arial, &quot;Hiragino Sans GB&quot;, 微软雅黑, STHeiti, &quot;WenQuanYi Micro Hei&quot;, SimSun, sans-serif; font-size: 14px; text-align: justify; white-space: normal; background-color: rgb(254, 254, 254); -webkit-tap-highlight-color: rgba(0, 0, 0, 0) !important;\">3，还原演示数据</p><p style=\"box-sizing: border-box; border: medium none; margin-top: 0px; margin-bottom: 0px; padding: 0px; text-size-adjust: none; color: rgb(69, 69, 69); font-family: &quot;PingFang SC&quot;, &quot;Lantinghei SC&quot;, &quot;Microsoft YaHei&quot;, &quot;HanHei SC&quot;, &quot;Helvetica Neue&quot;, &quot;Open Sans&quot;, Arial, &quot;Hiragino Sans GB&quot;, 微软雅黑, STHeiti, &quot;WenQuanYi Micro Hei&quot;, SimSun, sans-serif; font-size: 14px; white-space: normal; background-color: rgb(254, 254, 254); text-align: center; -webkit-tap-highlight-color: rgba(0, 0, 0, 0) !important;\"><img src=\"https://duoguyu.com/uploads/ueditor/image/20190418/1555581318504175.jpg\" title=\"「多骨鱼博客」Intro v5.2 完整版-附带演示数据，博客模版主题- pt-cms模版主题，免费下载\" alt=\"「多骨鱼博客」Intro v5.2 完整版-附带演示数据，博客模版主题- pt-cms模版主题，免费下载\" style=\"box-sizing: border-box; border: medium none; margin: 20px 0px 0px; padding: 0px; max-width: 680px; width: 680px;\"/></p><p style=\"box-sizing: border-box; border: medium none; margin-top: 0px; margin-bottom: 0px; padding: 0px; text-size-adjust: none; color: rgb(69, 69, 69); font-family: &quot;PingFang SC&quot;, &quot;Lantinghei SC&quot;, &quot;Microsoft YaHei&quot;, &quot;HanHei SC&quot;, &quot;Helvetica Neue&quot;, &quot;Open Sans&quot;, Arial, &quot;Hiragino Sans GB&quot;, 微软雅黑, STHeiti, &quot;WenQuanYi Micro Hei&quot;, SimSun, sans-serif; font-size: 14px; text-align: justify; white-space: normal; background-color: rgb(254, 254, 254); -webkit-tap-highlight-color: rgba(0, 0, 0, 0) !important;\">将解压得到的“<strong style=\"box-sizing: border-box;\">数据库文件</strong>”文件夹里的名为“<strong style=\"box-sizing: border-box;\">dgybak-20190417-222005-1.sql.gz</strong>”的文件，放到网站根目录下的“/cache/databack/”文件夹里。</p><p style=\"box-sizing: border-box; border: medium none; margin-top: 0px; margin-bottom: 0px; padding: 0px; text-size-adjust: none; color: rgb(69, 69, 69); font-family: &quot;PingFang SC&quot;, &quot;Lantinghei SC&quot;, &quot;Microsoft YaHei&quot;, &quot;HanHei SC&quot;, &quot;Helvetica Neue&quot;, &quot;Open Sans&quot;, Arial, &quot;Hiragino Sans GB&quot;, 微软雅黑, STHeiti, &quot;WenQuanYi Micro Hei&quot;, SimSun, sans-serif; font-size: 14px; text-align: justify; white-space: normal; background-color: rgb(254, 254, 254); -webkit-tap-highlight-color: rgba(0, 0, 0, 0) !important;\"><span style=\"box-sizing: border-box; color: rgb(255, 0, 0);\">注意：数据库前缀为默认的“yzm_”，如不是，请自行修改或重装。</span></p><p style=\"box-sizing: border-box; border: medium none; margin-top: 0px; margin-bottom: 0px; padding: 0px; text-size-adjust: none; color: rgb(69, 69, 69); font-family: &quot;PingFang SC&quot;, &quot;Lantinghei SC&quot;, &quot;Microsoft YaHei&quot;, &quot;HanHei SC&quot;, &quot;Helvetica Neue&quot;, &quot;Open Sans&quot;, Arial, &quot;Hiragino Sans GB&quot;, 微软雅黑, STHeiti, &quot;WenQuanYi Micro Hei&quot;, SimSun, sans-serif; font-size: 14px; text-align: justify; white-space: normal; background-color: rgb(254, 254, 254); -webkit-tap-highlight-color: rgba(0, 0, 0, 0) !important;\"><br style=\"box-sizing: border-box;\"/></p><p style=\"box-sizing: border-box; border: medium none; margin-top: 0px; margin-bottom: 0px; padding: 0px; text-size-adjust: none; color: rgb(69, 69, 69); font-family: &quot;PingFang SC&quot;, &quot;Lantinghei SC&quot;, &quot;Microsoft YaHei&quot;, &quot;HanHei SC&quot;, &quot;Helvetica Neue&quot;, &quot;Open Sans&quot;, Arial, &quot;Hiragino Sans GB&quot;, 微软雅黑, STHeiti, &quot;WenQuanYi Micro Hei&quot;, SimSun, sans-serif; font-size: 14px; white-space: normal; background-color: rgb(254, 254, 254); text-align: center; -webkit-tap-highlight-color: rgba(0, 0, 0, 0) !important;\"><img src=\"https://duoguyu.com/uploads/ueditor/image/20190418/1555581336432597.jpg\" title=\"「多骨鱼博客」Intro v5.2 完整版-附带演示数据，博客模版主题- pt-cms模版主题，免费下载\" alt=\"「多骨鱼博客」Intro v5.2 完整版-附带演示数据，博客模版主题- pt-cms模版主题，免费下载\" style=\"box-sizing: border-box; border: medium none; margin: 20px 0px 0px; padding: 0px; max-width: 680px; width: 680px;\"/></p><p style=\"box-sizing: border-box; border: medium none; margin-top: 0px; margin-bottom: 0px; padding: 0px; text-size-adjust: none; color: rgb(69, 69, 69); font-family: &quot;PingFang SC&quot;, &quot;Lantinghei SC&quot;, &quot;Microsoft YaHei&quot;, &quot;HanHei SC&quot;, &quot;Helvetica Neue&quot;, &quot;Open Sans&quot;, Arial, &quot;Hiragino Sans GB&quot;, 微软雅黑, STHeiti, &quot;WenQuanYi Micro Hei&quot;, SimSun, sans-serif; font-size: 14px; text-align: justify; white-space: normal; background-color: rgb(254, 254, 254); -webkit-tap-highlight-color: rgba(0, 0, 0, 0) !important;\">之后在后台管理系统中，“<strong style=\"box-sizing: border-box;\">数据管理 - 数据还原</strong>”里找到 “<strong style=\"box-sizing: border-box;\">dgybak-20190417-222005-1.sql.gz</strong>”，并选择“<strong style=\"box-sizing: border-box;\">还原</strong>”操作（还原前，请备份好已有数据）。</p><p style=\"box-sizing: border-box; border: medium none; margin-top: 0px; margin-bottom: 0px; padding: 0px; text-size-adjust: none; color: rgb(69, 69, 69); font-family: &quot;PingFang SC&quot;, &quot;Lantinghei SC&quot;, &quot;Microsoft YaHei&quot;, &quot;HanHei SC&quot;, &quot;Helvetica Neue&quot;, &quot;Open Sans&quot;, Arial, &quot;Hiragino Sans GB&quot;, 微软雅黑, STHeiti, &quot;WenQuanYi Micro Hei&quot;, SimSun, sans-serif; font-size: 14px; text-align: justify; white-space: normal; background-color: rgb(254, 254, 254); -webkit-tap-highlight-color: rgba(0, 0, 0, 0) !important;\"><span style=\"box-sizing: border-box; color: rgb(255, 0, 0);\">说明：数据备份文件保存于“/cache/databack/”目录，如需恢复以往数据，请将备份文件放置到该目录即可.</span></p><p style=\"box-sizing: border-box; border: medium none; margin-top: 0px; margin-bottom: 0px; padding: 0px; text-size-adjust: none; color: rgb(69, 69, 69); font-family: &quot;PingFang SC&quot;, &quot;Lantinghei SC&quot;, &quot;Microsoft YaHei&quot;, &quot;HanHei SC&quot;, &quot;Helvetica Neue&quot;, &quot;Open Sans&quot;, Arial, &quot;Hiragino Sans GB&quot;, 微软雅黑, STHeiti, &quot;WenQuanYi Micro Hei&quot;, SimSun, sans-serif; font-size: 14px; text-align: justify; white-space: normal; background-color: rgb(254, 254, 254); -webkit-tap-highlight-color: rgba(0, 0, 0, 0) !important;\"><br style=\"box-sizing: border-box;\"/></p><p style=\"box-sizing: border-box; border: medium none; margin-top: 0px; margin-bottom: 0px; padding: 0px; text-size-adjust: none; color: rgb(69, 69, 69); font-family: &quot;PingFang SC&quot;, &quot;Lantinghei SC&quot;, &quot;Microsoft YaHei&quot;, &quot;HanHei SC&quot;, &quot;Helvetica Neue&quot;, &quot;Open Sans&quot;, Arial, &quot;Hiragino Sans GB&quot;, 微软雅黑, STHeiti, &quot;WenQuanYi Micro Hei&quot;, SimSun, sans-serif; font-size: 14px; text-align: justify; white-space: normal; background-color: rgb(254, 254, 254); -webkit-tap-highlight-color: rgba(0, 0, 0, 0) !important;\"><br style=\"box-sizing: border-box;\"/></p><p style=\"box-sizing: border-box; border: medium none; margin-top: 0px; margin-bottom: 0px; padding: 0px; text-size-adjust: none; color: rgb(69, 69, 69); font-family: &quot;PingFang SC&quot;, &quot;Lantinghei SC&quot;, &quot;Microsoft YaHei&quot;, &quot;HanHei SC&quot;, &quot;Helvetica Neue&quot;, &quot;Open Sans&quot;, Arial, &quot;Hiragino Sans GB&quot;, 微软雅黑, STHeiti, &quot;WenQuanYi Micro Hei&quot;, SimSun, sans-serif; font-size: 14px; text-align: justify; white-space: normal; background-color: rgb(254, 254, 254); -webkit-tap-highlight-color: rgba(0, 0, 0, 0) !important;\">4，查看已恢复的演示数据</p><p style=\"box-sizing: border-box; border: medium none; margin-top: 0px; margin-bottom: 0px; padding: 0px; text-size-adjust: none; color: rgb(69, 69, 69); font-family: &quot;PingFang SC&quot;, &quot;Lantinghei SC&quot;, &quot;Microsoft YaHei&quot;, &quot;HanHei SC&quot;, &quot;Helvetica Neue&quot;, &quot;Open Sans&quot;, Arial, &quot;Hiragino Sans GB&quot;, 微软雅黑, STHeiti, &quot;WenQuanYi Micro Hei&quot;, SimSun, sans-serif; font-size: 14px; white-space: normal; background-color: rgb(254, 254, 254); text-align: center; -webkit-tap-highlight-color: rgba(0, 0, 0, 0) !important;\"><img src=\"https://duoguyu.com/uploads/ueditor/image/20190418/1555582005740907.jpg\" title=\"「多骨鱼博客」Intro v5.2 完整版-附带演示数据，博客模版主题- pt-cms模版主题，免费下载\" alt=\"「多骨鱼博客」Intro v5.2 完整版-附带演示数据，博客模版主题- pt-cms模版主题，免费下载\" style=\"box-sizing: border-box; border: medium none; margin: 20px 0px 0px; padding: 0px; max-width: 680px; width: 680px;\"/></p><p style=\"box-sizing: border-box; border: medium none; margin-top: 0px; margin-bottom: 0px; padding: 0px; text-size-adjust: none; color: rgb(69, 69, 69); font-family: &quot;PingFang SC&quot;, &quot;Lantinghei SC&quot;, &quot;Microsoft YaHei&quot;, &quot;HanHei SC&quot;, &quot;Helvetica Neue&quot;, &quot;Open Sans&quot;, Arial, &quot;Hiragino Sans GB&quot;, 微软雅黑, STHeiti, &quot;WenQuanYi Micro Hei&quot;, SimSun, sans-serif; font-size: 14px; text-align: justify; white-space: normal; background-color: rgb(254, 254, 254); -webkit-tap-highlight-color: rgba(0, 0, 0, 0) !important;\">数据还原成功后，在“<strong style=\"box-sizing: border-box;\">内容管理</strong>”的文章列表里可以看到有“<strong style=\"box-sizing: border-box;\">演示用例</strong>”字样的演示文章，同样可以在顶部下拉菜单里选择“<strong style=\"box-sizing: border-box;\">分类导航</strong>”，切换到“分类导航”列表后，也可见“<strong style=\"box-sizing: border-box;\">演示</strong>”字样的演示信息。</p><p style=\"box-sizing: border-box; border: medium none; margin-top: 0px; margin-bottom: 0px; padding: 0px; text-size-adjust: none; color: rgb(69, 69, 69); font-family: &quot;PingFang SC&quot;, &quot;Lantinghei SC&quot;, &quot;Microsoft YaHei&quot;, &quot;HanHei SC&quot;, &quot;Helvetica Neue&quot;, &quot;Open Sans&quot;, Arial, &quot;Hiragino Sans GB&quot;, 微软雅黑, STHeiti, &quot;WenQuanYi Micro Hei&quot;, SimSun, sans-serif; font-size: 14px; text-align: justify; white-space: normal; background-color: rgb(254, 254, 254); -webkit-tap-highlight-color: rgba(0, 0, 0, 0) !important;\">这就代表着，当前数据已成功还原为博客演示数据，恭喜。</p><p style=\"box-sizing: border-box; border: medium none; margin-top: 0px; margin-bottom: 0px; padding: 0px; text-size-adjust: none; color: rgb(69, 69, 69); font-family: &quot;PingFang SC&quot;, &quot;Lantinghei SC&quot;, &quot;Microsoft YaHei&quot;, &quot;HanHei SC&quot;, &quot;Helvetica Neue&quot;, &quot;Open Sans&quot;, Arial, &quot;Hiragino Sans GB&quot;, 微软雅黑, STHeiti, &quot;WenQuanYi Micro Hei&quot;, SimSun, sans-serif; font-size: 14px; text-align: justify; white-space: normal; background-color: rgb(254, 254, 254); -webkit-tap-highlight-color: rgba(0, 0, 0, 0) !important;\"><br style=\"box-sizing: border-box;\"/></p><p style=\"box-sizing: border-box; border: medium none; margin-top: 0px; margin-bottom: 0px; padding: 0px; text-size-adjust: none; color: rgb(69, 69, 69); font-family: &quot;PingFang SC&quot;, &quot;Lantinghei SC&quot;, &quot;Microsoft YaHei&quot;, &quot;HanHei SC&quot;, &quot;Helvetica Neue&quot;, &quot;Open Sans&quot;, Arial, &quot;Hiragino Sans GB&quot;, 微软雅黑, STHeiti, &quot;WenQuanYi Micro Hei&quot;, SimSun, sans-serif; font-size: 14px; text-align: justify; white-space: normal; background-color: rgb(254, 254, 254); -webkit-tap-highlight-color: rgba(0, 0, 0, 0) !important;\"><br style=\"box-sizing: border-box;\"/></p><p style=\"box-sizing: border-box; border: medium none; margin-top: 0px; margin-bottom: 0px; padding: 0px; text-size-adjust: none; color: rgb(69, 69, 69); font-family: &quot;PingFang SC&quot;, &quot;Lantinghei SC&quot;, &quot;Microsoft YaHei&quot;, &quot;HanHei SC&quot;, &quot;Helvetica Neue&quot;, &quot;Open Sans&quot;, Arial, &quot;Hiragino Sans GB&quot;, 微软雅黑, STHeiti, &quot;WenQuanYi Micro Hei&quot;, SimSun, sans-serif; font-size: 14px; text-align: justify; white-space: normal; background-color: rgb(254, 254, 254); -webkit-tap-highlight-color: rgba(0, 0, 0, 0) !important;\">5，更新URL</p><p style=\"box-sizing: border-box; border: medium none; margin-top: 0px; margin-bottom: 0px; padding: 0px; text-size-adjust: none; color: rgb(69, 69, 69); font-family: &quot;PingFang SC&quot;, &quot;Lantinghei SC&quot;, &quot;Microsoft YaHei&quot;, &quot;HanHei SC&quot;, &quot;Helvetica Neue&quot;, &quot;Open Sans&quot;, Arial, &quot;Hiragino Sans GB&quot;, 微软雅黑, STHeiti, &quot;WenQuanYi Micro Hei&quot;, SimSun, sans-serif; font-size: 14px; white-space: normal; background-color: rgb(254, 254, 254); text-align: center; -webkit-tap-highlight-color: rgba(0, 0, 0, 0) !important;\"><img src=\"https://duoguyu.com/uploads/ueditor/image/20190418/1555582204170779.jpg\" title=\"「多骨鱼博客」Intro v5.2 完整版-附带演示数据，博客模版主题- pt-cms模版主题，免费下载\" alt=\"「多骨鱼博客」Intro v5.2 完整版-附带演示数据，博客模版主题- pt-cms模版主题，免费下载\" style=\"box-sizing: border-box; border: medium none; margin: 20px 0px 0px; padding: 0px; max-width: 680px; width: 680px;\"/></p><p style=\"box-sizing: border-box; border: medium none; margin-top: 0px; margin-bottom: 0px; padding: 0px; text-size-adjust: none; color: rgb(69, 69, 69); font-family: &quot;PingFang SC&quot;, &quot;Lantinghei SC&quot;, &quot;Microsoft YaHei&quot;, &quot;HanHei SC&quot;, &quot;Helvetica Neue&quot;, &quot;Open Sans&quot;, Arial, &quot;Hiragino Sans GB&quot;, 微软雅黑, STHeiti, &quot;WenQuanYi Micro Hei&quot;, SimSun, sans-serif; font-size: 14px; text-align: justify; white-space: normal; background-color: rgb(254, 254, 254); -webkit-tap-highlight-color: rgba(0, 0, 0, 0) !important;\">在“<strong style=\"box-sizing: border-box;\">内容管理 - 批量更新URL</strong>”里，依次选择“<strong style=\"box-sizing: border-box;\">更新栏目URL、更新内容URL</strong>”操作。</p><p style=\"box-sizing: border-box; border: medium none; margin-top: 0px; margin-bottom: 0px; padding: 0px; text-size-adjust: none; color: rgb(69, 69, 69); font-family: &quot;PingFang SC&quot;, &quot;Lantinghei SC&quot;, &quot;Microsoft YaHei&quot;, &quot;HanHei SC&quot;, &quot;Helvetica Neue&quot;, &quot;Open Sans&quot;, Arial, &quot;Hiragino Sans GB&quot;, 微软雅黑, STHeiti, &quot;WenQuanYi Micro Hei&quot;, SimSun, sans-serif; font-size: 14px; text-align: justify; white-space: normal; background-color: rgb(254, 254, 254); -webkit-tap-highlight-color: rgba(0, 0, 0, 0) !important;\">更新完成后，选择后台右上角的“<strong style=\"box-sizing: border-box;\">清除缓存</strong>”操作，清除之后，可以去网站首页刷新一下，就可以看到已经成功升级后的博客模版咯。</p><p style=\"box-sizing: border-box; border: medium none; margin-top: 0px; margin-bottom: 0px; padding: 0px; text-size-adjust: none; color: rgb(69, 69, 69); font-family: &quot;PingFang SC&quot;, &quot;Lantinghei SC&quot;, &quot;Microsoft YaHei&quot;, &quot;HanHei SC&quot;, &quot;Helvetica Neue&quot;, &quot;Open Sans&quot;, Arial, &quot;Hiragino Sans GB&quot;, 微软雅黑, STHeiti, &quot;WenQuanYi Micro Hei&quot;, SimSun, sans-serif; font-size: 14px; text-align: justify; white-space: normal; background-color: rgb(254, 254, 254); -webkit-tap-highlight-color: rgba(0, 0, 0, 0) !important;\"><br style=\"box-sizing: border-box;\"/></p><p style=\"box-sizing: border-box; border: medium none; margin-top: 0px; margin-bottom: 0px; padding: 0px; text-size-adjust: none; color: rgb(69, 69, 69); font-family: &quot;PingFang SC&quot;, &quot;Lantinghei SC&quot;, &quot;Microsoft YaHei&quot;, &quot;HanHei SC&quot;, &quot;Helvetica Neue&quot;, &quot;Open Sans&quot;, Arial, &quot;Hiragino Sans GB&quot;, 微软雅黑, STHeiti, &quot;WenQuanYi Micro Hei&quot;, SimSun, sans-serif; font-size: 14px; text-align: justify; white-space: normal; background-color: rgb(254, 254, 254); -webkit-tap-highlight-color: rgba(0, 0, 0, 0) !important;\"><br style=\"box-sizing: border-box;\"/></p><h4 style=\"box-sizing: border-box; border: medium none; margin: 0px 0px 10px; padding: 0px; text-size-adjust: none; font-size: 14px; color: rgb(102, 102, 102); font-family: &quot;PingFang SC&quot;, &quot;Lantinghei SC&quot;, &quot;Microsoft YaHei&quot;, &quot;HanHei SC&quot;, &quot;Helvetica Neue&quot;, &quot;Open Sans&quot;, Arial, &quot;Hiragino Sans GB&quot;, 微软雅黑, STHeiti, &quot;WenQuanYi Micro Hei&quot;, SimSun, sans-serif; text-align: justify; white-space: normal; background-color: rgb(254, 254, 254); -webkit-tap-highlight-color: rgba(0, 0, 0, 0) !important;\"># 特殊说明：</h4><p style=\"box-sizing: border-box; border: medium none; margin-top: 0px; margin-bottom: 0px; padding: 0px; text-size-adjust: none; color: rgb(69, 69, 69); font-family: &quot;PingFang SC&quot;, &quot;Lantinghei SC&quot;, &quot;Microsoft YaHei&quot;, &quot;HanHei SC&quot;, &quot;Helvetica Neue&quot;, &quot;Open Sans&quot;, Arial, &quot;Hiragino Sans GB&quot;, 微软雅黑, STHeiti, &quot;WenQuanYi Micro Hei&quot;, SimSun, sans-serif; font-size: 14px; text-align: justify; white-space: normal; background-color: rgb(254, 254, 254); -webkit-tap-highlight-color: rgba(0, 0, 0, 0) !important;\">当前模版里提供的“<strong style=\"box-sizing: border-box;\">文章模型</strong>”，新增了一些字段（<strong style=\"box-sizing: border-box;\">是否为模板、压缩包上传、模版类型、CMS版本</strong><strong style=\"box-sizing: border-box;\">、评分等级</strong>等），这是因为我将该模型处理成具备“<strong style=\"box-sizing: border-box;\">普通文章</strong>和<strong style=\"box-sizing: border-box;\">产品下载</strong>”的属性，在网站栏目“<strong style=\"box-sizing: border-box;\">杂的文（普通文章）、资源下载（产品下载）</strong>”里，可以看到这两种不同显示方式的文章详情页。</p><p style=\"box-sizing: border-box; border: medium none; margin-top: 0px; margin-bottom: 0px; padding: 0px; text-size-adjust: none; color: rgb(69, 69, 69); font-family: &quot;PingFang SC&quot;, &quot;Lantinghei SC&quot;, &quot;Microsoft YaHei&quot;, &quot;HanHei SC&quot;, &quot;Helvetica Neue&quot;, &quot;Open Sans&quot;, Arial, &quot;Hiragino Sans GB&quot;, 微软雅黑, STHeiti, &quot;WenQuanYi Micro Hei&quot;, SimSun, sans-serif; font-size: 14px; text-align: justify; white-space: normal; background-color: rgb(254, 254, 254); -webkit-tap-highlight-color: rgba(0, 0, 0, 0) !important;\">也就是说当前模版（Intro v5.2 完整版）提供的“文章模型”里，在后台新建文章内容时，会看到有个“<strong style=\"box-sizing: border-box;\">是否为模板</strong>”的选项，它就是负责在前端文章详情页里判断是否显示为“产品下载”页面的功能。</p><p style=\"box-sizing: border-box; border: medium none; margin-top: 0px; margin-bottom: 0px; padding: 0px; text-size-adjust: none; color: rgb(69, 69, 69); font-family: &quot;PingFang SC&quot;, &quot;Lantinghei SC&quot;, &quot;Microsoft YaHei&quot;, &quot;HanHei SC&quot;, &quot;Helvetica Neue&quot;, &quot;Open Sans&quot;, Arial, &quot;Hiragino Sans GB&quot;, 微软雅黑, STHeiti, &quot;WenQuanYi Micro Hei&quot;, SimSun, sans-serif; font-size: 14px; text-align: justify; white-space: normal; background-color: rgb(254, 254, 254); -webkit-tap-highlight-color: rgba(0, 0, 0, 0) !important;\">如果你需要使用“<strong style=\"box-sizing: border-box;\">下载</strong>”属性的文章，请在后台的文章内容里补充下图所示的内容信息（<strong style=\"box-sizing: border-box;\">是否为模板、压缩包上传、模版类型、CMS版本、评分等级</strong>）。</p><p style=\"box-sizing: border-box; border: medium none; margin-top: 0px; margin-bottom: 0px; padding: 0px; text-size-adjust: none; color: rgb(69, 69, 69); font-family: &quot;PingFang SC&quot;, &quot;Lantinghei SC&quot;, &quot;Microsoft YaHei&quot;, &quot;HanHei SC&quot;, &quot;Helvetica Neue&quot;, &quot;Open Sans&quot;, Arial, &quot;Hiragino Sans GB&quot;, 微软雅黑, STHeiti, &quot;WenQuanYi Micro Hei&quot;, SimSun, sans-serif; font-size: 14px; text-align: justify; white-space: normal; background-color: rgb(254, 254, 254); -webkit-tap-highlight-color: rgba(0, 0, 0, 0) !important;\">如果仅仅是普通文章，就不要去勾选该选项。</p><p style=\"box-sizing: border-box; border: medium none; margin-top: 0px; margin-bottom: 0px; padding: 0px; text-size-adjust: none; color: rgb(69, 69, 69); font-family: &quot;PingFang SC&quot;, &quot;Lantinghei SC&quot;, &quot;Microsoft YaHei&quot;, &quot;HanHei SC&quot;, &quot;Helvetica Neue&quot;, &quot;Open Sans&quot;, Arial, &quot;Hiragino Sans GB&quot;, 微软雅黑, STHeiti, &quot;WenQuanYi Micro Hei&quot;, SimSun, sans-serif; font-size: 14px; white-space: normal; background-color: rgb(254, 254, 254); text-align: center; -webkit-tap-highlight-color: rgba(0, 0, 0, 0) !important;\"><img src=\"https://duoguyu.com/uploads/ueditor/image/20190419/1555637379750544.jpg\" title=\"「多骨鱼博客」Intro v5.2 完整版-附带演示数据，博客模版主题- pt-cms模版主题，免费下载\" alt=\"「多骨鱼博客」Intro v5.2 完整版-附带演示数据，博客模版主题- pt-cms模版主题，免费下载\" style=\"box-sizing: border-box; border: medium none; margin: 20px 0px 0px; padding: 0px; max-width: 680px; width: 680px;\"/></p><p style=\"box-sizing: border-box; border: medium none; margin-top: 0px; margin-bottom: 0px; padding: 0px; text-size-adjust: none; color: rgb(69, 69, 69); font-family: &quot;PingFang SC&quot;, &quot;Lantinghei SC&quot;, &quot;Microsoft YaHei&quot;, &quot;HanHei SC&quot;, &quot;Helvetica Neue&quot;, &quot;Open Sans&quot;, Arial, &quot;Hiragino Sans GB&quot;, 微软雅黑, STHeiti, &quot;WenQuanYi Micro Hei&quot;, SimSun, sans-serif; font-size: 14px; text-align: justify; white-space: normal; background-color: rgb(254, 254, 254); -webkit-tap-highlight-color: rgba(0, 0, 0, 0) !important;\"><br style=\"box-sizing: border-box;\"/></p><p style=\"box-sizing: border-box; border: medium none; margin-top: 0px; margin-bottom: 0px; padding: 0px; text-size-adjust: none; color: rgb(69, 69, 69); font-family: &quot;PingFang SC&quot;, &quot;Lantinghei SC&quot;, &quot;Microsoft YaHei&quot;, &quot;HanHei SC&quot;, &quot;Helvetica Neue&quot;, &quot;Open Sans&quot;, Arial, &quot;Hiragino Sans GB&quot;, 微软雅黑, STHeiti, &quot;WenQuanYi Micro Hei&quot;, SimSun, sans-serif; font-size: 14px; text-align: justify; white-space: normal; background-color: rgb(254, 254, 254); -webkit-tap-highlight-color: rgba(0, 0, 0, 0) !important;\"><br style=\"box-sizing: border-box;\"/></p><p style=\"box-sizing: border-box; border: medium none; margin-top: 0px; margin-bottom: 0px; padding: 0px; text-size-adjust: none; color: rgb(69, 69, 69); font-family: &quot;PingFang SC&quot;, &quot;Lantinghei SC&quot;, &quot;Microsoft YaHei&quot;, &quot;HanHei SC&quot;, &quot;Helvetica Neue&quot;, &quot;Open Sans&quot;, Arial, &quot;Hiragino Sans GB&quot;, 微软雅黑, STHeiti, &quot;WenQuanYi Micro Hei&quot;, SimSun, sans-serif; font-size: 14px; text-align: justify; white-space: normal; background-color: rgb(254, 254, 254); -webkit-tap-highlight-color: rgba(0, 0, 0, 0) !important;\"><br style=\"box-sizing: border-box;\"/></p><p style=\"box-sizing: border-box; border: medium none; margin-top: 0px; margin-bottom: 0px; padding: 0px; text-size-adjust: none; color: rgb(69, 69, 69); font-family: &quot;PingFang SC&quot;, &quot;Lantinghei SC&quot;, &quot;Microsoft YaHei&quot;, &quot;HanHei SC&quot;, &quot;Helvetica Neue&quot;, &quot;Open Sans&quot;, Arial, &quot;Hiragino Sans GB&quot;, 微软雅黑, STHeiti, &quot;WenQuanYi Micro Hei&quot;, SimSun, sans-serif; font-size: 14px; text-align: justify; white-space: normal; background-color: rgb(254, 254, 254); -webkit-tap-highlight-color: rgba(0, 0, 0, 0) !important;\">最后，如果在安装或使用过程中，有任何问题，请发邮件，亦可在QQ群里寻求帮助。</p><p><br/></p>', null, null, '/images/cover/1555918524581196.jpg', '1', '5', '0', '0', '0', '5', '3', '0', '1', '0', null, '1', '若依', '2019-11-23 19:49:32', null, '0', null);

-- ----------------------------
-- Table structure for cms_short_words
-- ----------------------------
DROP TABLE IF EXISTS `cms_short_words`;
CREATE TABLE `cms_short_words` (
  `id` int(11) NOT NULL AUTO_INCREMENT,
  `short_words` varchar(255) DEFAULT '' COMMENT '短语',
  `tagIds` varchar(100) DEFAULT NULL COMMENT '标签',
  `user_id` varchar(20) DEFAULT NULL COMMENT '用户ID',
  `words_count` int(11) DEFAULT NULL COMMENT '字数',
  `weight` int(11) DEFAULT '0' COMMENT '权重',
  `audit_state` smallint(6) DEFAULT NULL COMMENT '审核状态',
  PRIMARY KEY (`id`)
) ENGINE=InnoDB AUTO_INCREMENT=8 DEFAULT CHARSET=utf8;

-- ----------------------------
-- Records of cms_short_words
-- ----------------------------
INSERT INTO `cms_short_words` VALUES ('2', '不求与人相比，但求超越自己，要哭就哭出激动的泪水，要笑就笑出成长的性格。', null, '1', '36', '1', '1');
INSERT INTO `cms_short_words` VALUES ('3', '与其用泪水悔恨今天，不如用汗水拼搏今天。', null, '1', '20', '1', '1');
INSERT INTO `cms_short_words` VALUES ('4', '当眼泪流尽的时候，留下的应该是坚强。', null, '1', '18', '1', '0');
INSERT INTO `cms_short_words` VALUES ('5', '人生就像一杯没有加糖的咖啡，喝起来是苦涩的，回味起来却有久久不会退去的余香。', null, '1', '38', '1', '1');
INSERT INTO `cms_short_words` VALUES ('6', '有一种缘，放手后成为风景，有一颗心，坚持中方现真诚。', null, '1', '26', '1', '1');
INSERT INTO `cms_short_words` VALUES ('7', '选择自己所爱的，爱自己所选择的。', null, '1', '16', '1', '1');

-- ----------------------------
-- Table structure for cms_site_msg
-- ----------------------------
DROP TABLE IF EXISTS `cms_site_msg`;
CREATE TABLE `cms_site_msg` (
  `id` bigint(20) NOT NULL AUTO_INCREMENT COMMENT 'ID',
  `from_id` varchar(50) DEFAULT NULL COMMENT '发送者ID',
  `from_name` varchar(50) DEFAULT NULL COMMENT '发送者名称',
  `to_id` varchar(50) DEFAULT NULL COMMENT '接受者ID',
  `to_name` varchar(50) DEFAULT NULL COMMENT '接受者名称',
  `msg_type` varchar(50) DEFAULT NULL COMMENT '消息类别',
  `content` text COMMENT '消息内容',
  `create_time` datetime DEFAULT NULL COMMENT '消息时间',
  PRIMARY KEY (`id`)
) ENGINE=InnoDB AUTO_INCREMENT=2 DEFAULT CHARSET=utf8;

-- ----------------------------
-- Records of cms_site_msg
-- ----------------------------
INSERT INTO `cms_site_msg` VALUES ('1', '1', '系统', '1', '测试', 'system', '测试系统通知', '2019-11-17 20:15:08');

-- ----------------------------
-- Table structure for cms_tags
-- ----------------------------
DROP TABLE IF EXISTS `cms_tags`;
CREATE TABLE `cms_tags` (
  `tag_id` int(11) NOT NULL AUTO_INCREMENT COMMENT 'ID',
  `tag_type` varchar(50) DEFAULT NULL COMMENT '标签类型，如s系统标签，p个人标签',
  `user_id` varchar(50) DEFAULT NULL COMMENT '谁增加的该标签',
  `tag_name` varchar(50) DEFAULT NULL COMMENT '分类名称',
  `sort` int(11) DEFAULT NULL COMMENT '排序',
  `status` smallint(6) DEFAULT '0' COMMENT '状态 0正常 1停用',
  `url` varchar(255) DEFAULT NULL,
  PRIMARY KEY (`tag_id`)
) ENGINE=InnoDB AUTO_INCREMENT=48 DEFAULT CHARSET=utf8;

-- ----------------------------
-- Records of cms_tags
-- ----------------------------
INSERT INTO `cms_tags` VALUES ('1', 'p', '1', 'Java', '11', '1', null);
INSERT INTO `cms_tags` VALUES ('2', 'p', '1', '精美散文', '12', '0', null);
INSERT INTO `cms_tags` VALUES ('26', 'p', '1', '美女图片', '13', '0', null);
INSERT INTO `cms_tags` VALUES ('27', 'p', '1', '读史', '14', '0', null);
INSERT INTO `cms_tags` VALUES ('28', 'p', '1', '开发', '15', '0', null);
INSERT INTO `cms_tags` VALUES ('29', 's', '1', '漫威', '16', '0', null);
INSERT INTO `cms_tags` VALUES ('30', 'blogTab', '1', '漫谈', '1', '0', '/front/static/search/tag/id/30/1.html');
INSERT INTO `cms_tags` VALUES ('31', 'blogTab', '1', '故事', '2', '0', '/front/static/search/tag/id/31/1.html');
INSERT INTO `cms_tags` VALUES ('32', 'blogTab', '1', '情怀', '3', '0', '/front/static/search/tag/id/32/1.html');
INSERT INTO `cms_tags` VALUES ('33', 'blogTab', '1', '插画', '4', '0', '/front/static/search/tag/id/33/1.html');
INSERT INTO `cms_tags` VALUES ('34', 'blogTab', '1', '科技', '5', '0', '/front/static/search/tag/id/34/1.html');
INSERT INTO `cms_tags` VALUES ('35', 'blogTab', '1', '创意', '6', '0', '/front/static/search/tag/id/35/1.html');
INSERT INTO `cms_tags` VALUES ('36', 'blogTab', '1', '娱乐', '7', '0', '/front/static/search/tag/id/36/1.html');
INSERT INTO `cms_tags` VALUES ('37', 'blogTab', '1', '设计', '8', '0', '/front/static/search/tag/id/37/1.html');
INSERT INTO `cms_tags` VALUES ('38', 's', '1', '恐怖漫画', '9', '0', null);
INSERT INTO `cms_tags` VALUES ('39', 's', '1', '生活百态', '10', '0', null);
INSERT INTO `cms_tags` VALUES ('40', 's', '1', '故事', '1', '0', null);
INSERT INTO `cms_tags` VALUES ('41', 's', '1', '插画', '1', '0', null);
INSERT INTO `cms_tags` VALUES ('42', 's', '1', '漫谈', '1', '0', null);
INSERT INTO `cms_tags` VALUES ('43', 's', '1', '情怀', '1', '0', null);
INSERT INTO `cms_tags` VALUES ('44', 's', '1', '创意', '1', '0', null);
INSERT INTO `cms_tags` VALUES ('45', 's', '1', '娱乐', '1', '0', null);
INSERT INTO `cms_tags` VALUES ('46', 's', '1', '设计', '1', '0', null);
INSERT INTO `cms_tags` VALUES ('47', 's', '1', '科技', '1', '0', null);

-- ----------------------------
-- Table structure for cms_template
-- ----------------------------
DROP TABLE IF EXISTS `cms_template`;
CREATE TABLE `cms_template` (
  `template_id` int(11) NOT NULL AUTO_INCREMENT COMMENT 'ID',
  `template_code` varchar(50) DEFAULT NULL COMMENT '模板代码',
  `template_type` varchar(50) DEFAULT NULL COMMENT '模板分类',
  `template_name` varchar(255) DEFAULT NULL COMMENT '模板名称',
  `template_content` text COMMENT '模板内容',
  PRIMARY KEY (`template_id`)
) ENGINE=InnoDB AUTO_INCREMENT=3 DEFAULT CHARSET=utf8;

-- ----------------------------
-- Records of cms_template
-- ----------------------------
INSERT INTO `cms_template` VALUES ('1', 'test', 'xieyi', 'test', '<p>testsss<br/></p>');
INSERT INTO `cms_template` VALUES ('2', 'user-service', 'xieyi', '用户服务协议', '<p><span style=\"font-family: 宋体, SimSun; color: rgb(102, 102, 102); font-size: 12px; background-color: rgb(255, 255, 255);\">本协议是您与网站所有者（以下简称为&quot;商城&quot;）之间就商城网站服务等相关事宜所订立的契约，请您仔细阅读本注册协议，您点击&quot;同意并继续&quot;按钮后，本协议即构成对双方有约束力的法律文件。</span><br style=\"white-space: normal;\"/><br style=\"white-space: normal;\"/><span style=\"font-family: 宋体, SimSun; color: rgb(102, 102, 102); font-size: 12px; background-color: rgb(255, 255, 255);\">第1条 本站服务条款的确认和接纳</span><br style=\"white-space: normal;\"/><br style=\"white-space: normal;\"/><span style=\"font-family: 宋体, SimSun; color: rgb(102, 102, 102); font-size: 12px; background-color: rgb(255, 255, 255);\">1.1本站的各项电子服务的所有权和运作权归商城所有。用户同意所有注册协议条款并完成注册程序，才能成为本站的正式用户。用户确认：本协议条款是处理双方权利义务的契约，始终有效，法律另有强制性规定或双方另有特别约定的，依其规定。</span><br style=\"white-space: normal;\"/><br style=\"white-space: normal;\"/><span style=\"font-family: 宋体, SimSun; color: rgb(102, 102, 102); font-size: 12px; background-color: rgb(255, 255, 255);\">1.2用户点击同意本协议的，即视为用户确认自己具有享受本站服务、下单购物等相应的权利能力和行为能力，能够独立承担法律责任。</span><br style=\"white-space: normal;\"/><br style=\"white-space: normal;\"/><span style=\"font-family: 宋体, SimSun; color: rgb(102, 102, 102); font-size: 12px; background-color: rgb(255, 255, 255);\">1.3如果您在18周岁以下，您只能在父母或监护人的监护参与下才能使用本站。</span><br style=\"white-space: normal;\"/><br style=\"white-space: normal;\"/><span style=\"font-family: 宋体, SimSun; color: rgb(102, 102, 102); font-size: 12px; background-color: rgb(255, 255, 255);\">1.4商城保留在中华人民共和国大陆地区法施行之法律允许的范围内独自决定拒绝服务、关闭用户账户、清除或编辑内容或取消订单的权利。</span><br style=\"white-space: normal;\"/><br style=\"white-space: normal;\"/><span style=\"font-family: 宋体, SimSun; color: rgb(102, 102, 102); font-size: 12px; background-color: rgb(255, 255, 255);\">第2条 本站服务</span><br style=\"white-space: normal;\"/><br style=\"white-space: normal;\"/><span style=\"font-family: 宋体, SimSun; color: rgb(102, 102, 102); font-size: 12px; background-color: rgb(255, 255, 255);\">2.1商城通过互联网依法为用户提供互联网信息等服务，用户在完全同意本协议及本站规定的情况下，方有权使用本站的相关服务。</span><br style=\"white-space: normal;\"/><br style=\"white-space: normal;\"/><span style=\"font-family: 宋体, SimSun; color: rgb(102, 102, 102); font-size: 12px; background-color: rgb(255, 255, 255);\">2.2用户必须自行准备如下设备和承担如下开支：（1）上网设备，包括并不限于电脑或者其他上网终端、调制解调器及其他必备的上网装置；（2）上网开支，包括并不限于网络接入费、上网设备租用费、手机流量费等。</span><br style=\"white-space: normal;\"/><br style=\"white-space: normal;\"/><span style=\"font-family: 宋体, SimSun; color: rgb(102, 102, 102); font-size: 12px; background-color: rgb(255, 255, 255);\">第3条 用户信息</span><br style=\"white-space: normal;\"/><br style=\"white-space: normal;\"/><span style=\"font-family: 宋体, SimSun; color: rgb(102, 102, 102); font-size: 12px; background-color: rgb(255, 255, 255);\">3.1用户应自行诚信向本站提供注册资料，用户同意其提供的注册资料真实、准确、完整、合法有效，用户注册资料如有变动的，应及时更新其注册资料。如果用户提供的注册资料不合法、不真实、不准确、不详尽的，用户需承担因此引起的相应责任及后果，并且商城保留终止用户使用商城各项服务的权利。</span><br style=\"white-space: normal;\"/><br style=\"white-space: normal;\"/><span style=\"font-family: 宋体, SimSun; color: rgb(102, 102, 102); font-size: 12px; background-color: rgb(255, 255, 255);\">3.2用户在本站进行浏览、下单购物等活动时，涉及用户真实姓名/名称、通信地址、联系电话、电子邮箱等隐私信息的，本站将予以严格保密，除非得到用户的授权或法律另有规定，本站不会向外界披露用户隐私信息。</span><br style=\"white-space: normal;\"/><br style=\"white-space: normal;\"/><span style=\"font-family: 宋体, SimSun; color: rgb(102, 102, 102); font-size: 12px; background-color: rgb(255, 255, 255);\">3.3用户注册成功后，将产生用户名和密码等账户信息，您可以根据本站规定改变您的密码。用户应谨慎合理的保存、使用其用户名和密码。用户若发现任何非法使用用户账号或存在安全漏洞的情况，请立即通知本站并向公安机关报案。</span><br style=\"white-space: normal;\"/><br style=\"white-space: normal;\"/><span style=\"font-family: 宋体, SimSun; color: rgb(102, 102, 102); font-size: 12px; background-color: rgb(255, 255, 255);\">3.4用户同意，商城拥有通过邮件、短信电话等形式，向在本站注册、购物用户、收货人发送订单信息、促销活动等告知信息的权利。</span><br style=\"white-space: normal;\"/><br style=\"white-space: normal;\"/><span style=\"font-family: 宋体, SimSun; color: rgb(102, 102, 102); font-size: 12px; background-color: rgb(255, 255, 255);\">3.5用户不得将在本站注册获得的账户借给他人使用，否则用户应承担由此产生的全部责任，并与实际使用人承担连带责任。</span><br style=\"white-space: normal;\"/><br style=\"white-space: normal;\"/><span style=\"font-family: 宋体, SimSun; color: rgb(102, 102, 102); font-size: 12px; background-color: rgb(255, 255, 255);\">3.6用户同意，商城有权使用用户的注册信息、用户名、密码等信息，登录进入用户的注册账户，进行证据保全，包括但不限于公证、见证等。</span><br style=\"white-space: normal;\"/><br style=\"white-space: normal;\"/><span style=\"font-family: 宋体, SimSun; color: rgb(102, 102, 102); font-size: 12px; background-color: rgb(255, 255, 255);\">第4条 用户依法言行义务</span><br style=\"white-space: normal;\"/><br style=\"white-space: normal;\"/><span style=\"font-family: 宋体, SimSun; color: rgb(102, 102, 102); font-size: 12px; background-color: rgb(255, 255, 255);\">本协议依据国家相关法律法规规章制定，用户同意严格遵守以下义务：</span><br style=\"white-space: normal;\"/><br style=\"white-space: normal;\"/><span style=\"font-family: 宋体, SimSun; color: rgb(102, 102, 102); font-size: 12px; background-color: rgb(255, 255, 255);\">（1）不得传输或发表：煽动抗拒、破坏宪法和法律、行政法规实施的言论，煽动颠覆国家政权，推翻社会主义制度的言论，煽动分裂国家、破坏国家统一的的言论，煽动民族仇恨、民族歧视、破坏民族团结的言论；</span><br style=\"white-space: normal;\"/><br style=\"white-space: normal;\"/><span style=\"font-family: 宋体, SimSun; color: rgb(102, 102, 102); font-size: 12px; background-color: rgb(255, 255, 255);\">（2）从中国大陆向境外传输资料信息时必须符合中国有关法规；</span><br style=\"white-space: normal;\"/><br style=\"white-space: normal;\"/><span style=\"font-family: 宋体, SimSun; color: rgb(102, 102, 102); font-size: 12px; background-color: rgb(255, 255, 255);\">（3）不得利用本站从事洗钱、窃取商业秘密、窃取个人信息等违法犯罪活动；</span><br style=\"white-space: normal;\"/><br style=\"white-space: normal;\"/><span style=\"font-family: 宋体, SimSun; color: rgb(102, 102, 102); font-size: 12px; background-color: rgb(255, 255, 255);\">（4）不得干扰本站的正常运转，不得侵入本站及国家计算机信息系统；</span><br style=\"white-space: normal;\"/><br style=\"white-space: normal;\"/><span style=\"font-family: 宋体, SimSun; color: rgb(102, 102, 102); font-size: 12px; background-color: rgb(255, 255, 255);\">（5）不得传输或发表任何违法犯罪的、骚扰性的、中伤他人的、辱骂性的、恐吓性的、伤害性的、庸俗的，淫秽的、不文明的等信息资料；</span><br style=\"white-space: normal;\"/><br style=\"white-space: normal;\"/><span style=\"font-family: 宋体, SimSun; color: rgb(102, 102, 102); font-size: 12px; background-color: rgb(255, 255, 255);\">（6）不得传输或发表损害国家社会公共利益和涉及国家安全的信息资料或言论；</span><br style=\"white-space: normal;\"/><br style=\"white-space: normal;\"/><span style=\"font-family: 宋体, SimSun; color: rgb(102, 102, 102); font-size: 12px; background-color: rgb(255, 255, 255);\">（7）不得教唆他人从事本条所禁止的行为；</span><br style=\"white-space: normal;\"/><br style=\"white-space: normal;\"/><span style=\"font-family: 宋体, SimSun; color: rgb(102, 102, 102); font-size: 12px; background-color: rgb(255, 255, 255);\">（8）不得利用在本站注册的账户进行牟利性经营活动；</span><br style=\"white-space: normal;\"/><br style=\"white-space: normal;\"/><span style=\"font-family: 宋体, SimSun; color: rgb(102, 102, 102); font-size: 12px; background-color: rgb(255, 255, 255);\">（9）不得发布任何侵犯他人著作权、商标权等知识产权或合法权利的内容；</span><br style=\"white-space: normal;\"/><br style=\"white-space: normal;\"/><span style=\"font-family: 宋体, SimSun; color: rgb(102, 102, 102); font-size: 12px; background-color: rgb(255, 255, 255);\">用户应不时关注并遵守本站不时公布或修改的各类合法规则规定。</span><br style=\"white-space: normal;\"/><br style=\"white-space: normal;\"/><span style=\"font-family: 宋体, SimSun; color: rgb(102, 102, 102); font-size: 12px; background-color: rgb(255, 255, 255);\">本站保有删除站内各类不符合法律政策或不真实的信息内容而无须通知用户的权利。</span><br style=\"white-space: normal;\"/><br style=\"white-space: normal;\"/><span style=\"font-family: 宋体, SimSun; color: rgb(102, 102, 102); font-size: 12px; background-color: rgb(255, 255, 255);\">若用户未遵守以上规定的，本站有权作出独立判断并采取暂停或关闭用户帐号等措施。用户须对自己在网上的言论和行为承担法律责任。</span><br style=\"white-space: normal;\"/><br style=\"white-space: normal;\"/><span style=\"font-family: 宋体, SimSun; color: rgb(102, 102, 102); font-size: 12px; background-color: rgb(255, 255, 255);\">第5条 商品信息</span><br style=\"white-space: normal;\"/><br style=\"white-space: normal;\"/><span style=\"font-family: 宋体, SimSun; color: rgb(102, 102, 102); font-size: 12px; background-color: rgb(255, 255, 255);\">本站上的商品价格、数量、是否有货等商品信息随时都有可能发生变动，本站不作特别通知。由于网站上商品信息的数量极其庞大，虽然本站会尽最大努力保证您所浏览商品信息的准确性，但由于众所周知的互联网技术因素等客观原因存在，本站网页显示的信息可能会有一定的滞后性或差错，对此情形您知悉并理解；商城欢迎纠错，并会视情况给予纠错者一定的奖励。</span><br style=\"white-space: normal;\"/><br style=\"white-space: normal;\"/><span style=\"font-family: 宋体, SimSun; color: rgb(102, 102, 102); font-size: 12px; background-color: rgb(255, 255, 255);\">为表述便利，商品和服务简称为&quot;商品&quot;或&quot;货物&quot;。</span><br style=\"white-space: normal;\"/><br style=\"white-space: normal;\"/><span style=\"font-family: 宋体, SimSun; color: rgb(102, 102, 102); font-size: 12px; background-color: rgb(255, 255, 255);\">第6条 订单</span><br style=\"white-space: normal;\"/><br style=\"white-space: normal;\"/><span style=\"font-family: 宋体, SimSun; color: rgb(102, 102, 102); font-size: 12px; background-color: rgb(255, 255, 255);\">6.1在您下订单时，请您仔细确认所购商品的名称、价格、数量、型号、规格、尺寸、联系地址、电话、收货人等信息。收货人与用户本人不一致的，收货人的行为和意思表示视为用户的行为和意思表示，用户应对收货人的行为及意思表示的法律后果承担连带责任。</span><br style=\"white-space: normal;\"/><br style=\"white-space: normal;\"/><span style=\"font-family: 宋体, SimSun; color: rgb(102, 102, 102); font-size: 12px; background-color: rgb(255, 255, 255);\">6.2除法律另有强制性规定外，双方约定如下：本站上销售方展示的商品和价格等信息仅仅是交易信息的发布，您下单时须填写您希望购买的商品数量、价款及支付方式、收货人、联系方式、收货地址等内容；系统生成的订单信息是计算机信息系统根据您填写的内容自动生成的数据，仅是您向销售方发出的交易诉求；销售方收到您的订单信息后，只有在销售方将您在订单中订购的商品从仓库实际直接向您发出时（ 以商品出库为标志），方视为您与销售方之间就实际直接向您发出的商品建立了交易关系；如果您在一份订单里订购了多种商品并且销售方只给您发出了部分商品时，您与销售方之间仅就实际直接向您发出的商品建立了交易关系；只有在销售方实际直接向您发出了订单中订购的其他商品时，您和销售方之间就订单中该其他已实际直接向您发出的商品才成立交易关系。您可以随时登录您在本站注册的账户，查询您的订单状态。</span><br style=\"white-space: normal;\"/><br style=\"white-space: normal;\"/><span style=\"font-family: 宋体, SimSun; color: rgb(102, 102, 102); font-size: 12px; background-color: rgb(255, 255, 255);\">6.3由于市场变化及各种以合理商业努力难以控制的因素的影响，本站无法保证您提交的订单信息中希望购买的商品都会有货；如您拟购买的商品，发生缺货，您有权取消订单。</span><br style=\"white-space: normal;\"/><br style=\"white-space: normal;\"/><span style=\"font-family: 宋体, SimSun; color: rgb(102, 102, 102); font-size: 12px; background-color: rgb(255, 255, 255);\">第7条 配送</span><br style=\"white-space: normal;\"/><br style=\"white-space: normal;\"/><span style=\"font-family: 宋体, SimSun; color: rgb(102, 102, 102); font-size: 12px; background-color: rgb(255, 255, 255);\">7.1销售方将会把商品（货物）送到您所指定的收货地址，所有在本站上列出的送货时间为参考时间，参考时间的计算是根据库存状况、正常的处理过程和送货时间、送货地点的基础上估计得出的。</span><br style=\"white-space: normal;\"/><br style=\"white-space: normal;\"/><span style=\"font-family: 宋体, SimSun; color: rgb(102, 102, 102); font-size: 12px; background-color: rgb(255, 255, 255);\">7.2因如下情况造成订单延迟或无法配送等，销售方不承担延迟配送的责任：</span><br style=\"white-space: normal;\"/><br style=\"white-space: normal;\"/><span style=\"font-family: 宋体, SimSun; color: rgb(102, 102, 102); font-size: 12px; background-color: rgb(255, 255, 255);\">（1）用户提供的信息错误、地址不详细等原因导致的；</span><br style=\"white-space: normal;\"/><br style=\"white-space: normal;\"/><span style=\"font-family: 宋体, SimSun; color: rgb(102, 102, 102); font-size: 12px; background-color: rgb(255, 255, 255);\">（2）货物送达后无人签收，导致无法配送或延迟配送的；</span><br style=\"white-space: normal;\"/><br style=\"white-space: normal;\"/><span style=\"font-family: 宋体, SimSun; color: rgb(102, 102, 102); font-size: 12px; background-color: rgb(255, 255, 255);\">（3）情势变更因素导致的；</span><br style=\"white-space: normal;\"/><br style=\"white-space: normal;\"/><span style=\"font-family: 宋体, SimSun; color: rgb(102, 102, 102); font-size: 12px; background-color: rgb(255, 255, 255);\">（4）不可抗力因素导致的，例如：自然灾害、交通戒严、突发战争等。</span><br style=\"white-space: normal;\"/><br style=\"white-space: normal;\"/><span style=\"font-family: 宋体, SimSun; color: rgb(102, 102, 102); font-size: 12px; background-color: rgb(255, 255, 255);\">第8条 所有权及知识产权条款</span><br style=\"white-space: normal;\"/><br style=\"white-space: normal;\"/><span style=\"font-family: 宋体, SimSun; color: rgb(102, 102, 102); font-size: 12px; background-color: rgb(255, 255, 255);\">8.1用户一旦接受本协议，即表明该用户主动将其在任何时间段在本站发表的任何形式的信息内容（包括但不限于客户评价、客户咨询、各类话题文章等信息内容）的财产性权利等任何可转让的权利，如著作权财产权（包括并不限于：复制权、发行权、出租权、展览权、表演权、放映权、广播权、信息网络传播权、摄制权、改编权、翻译权、汇编权以及应当由著作权人享有的其他可转让权利），全部独家且不可撤销地转让给商城所有，用户同意商城有权就任何主体侵权而单独提起诉讼。</span><br style=\"white-space: normal;\"/><br style=\"white-space: normal;\"/><span style=\"font-family: 宋体, SimSun; color: rgb(102, 102, 102); font-size: 12px; background-color: rgb(255, 255, 255);\">8.2本协议已经构成《中华人民共和国著作权法》第二十五条（条文序号依照2011年版著作权法确定）及相关法律规定的著作财产权等权利转让书面协议，其效力及于用户在商城网站上发布的任何受著作权法保护的作品内容，无论该等内容形成于本协议订立前还是本协议订立后。</span><br style=\"white-space: normal;\"/><br style=\"white-space: normal;\"/><span style=\"font-family: 宋体, SimSun; color: rgb(102, 102, 102); font-size: 12px; background-color: rgb(255, 255, 255);\">8.3用户同意并已充分了解本协议的条款，承诺不将已发表于本站的信息，以任何形式发布或授权其它主体以任何方式使用（包括但不限于在各类网站、媒体上使用）。</span><br style=\"white-space: normal;\"/><br style=\"white-space: normal;\"/><span style=\"font-family: 宋体, SimSun; color: rgb(102, 102, 102); font-size: 12px; background-color: rgb(255, 255, 255);\">8.4商城是本站的制作者,拥有此网站内容及资源的著作权等合法权利,受国家法律保护,有权不时地对本协议及本站的内容进行修改，并在本站张贴，无须另行通知用户。在法律允许的最大限度范围内，商城对本协议及本站内容拥有解释权。</span><br style=\"white-space: normal;\"/><br style=\"white-space: normal;\"/><span style=\"font-family: 宋体, SimSun; color: rgb(102, 102, 102); font-size: 12px; background-color: rgb(255, 255, 255);\">8.5除法律另有强制性规定外，未经商城明确的特别书面许可,任何单位或个人不得以任何方式非法地全部或部分复制、转载、引用、链接、抓取或以其他方式使用本站的信息内容，否则，商城有权追究其法律责任。</span><br style=\"white-space: normal;\"/><br style=\"white-space: normal;\"/><span style=\"font-family: 宋体, SimSun; color: rgb(102, 102, 102); font-size: 12px; background-color: rgb(255, 255, 255);\">8.6本站所刊登的资料信息（诸如文字、图表、标识、按钮图标、图像、声音文件片段、数字下载、数据编辑和软件），均是商城或其内容提供者的财产，受中国和国际版权法的保护。本站上所有内容的汇编是商城的排他财产，受中国和国际版权法的保护。本站上所有软件都是商城或其关联公司或其软件供应商的财产，受中国和国际版权法的保护。</span><br style=\"white-space: normal;\"/><br style=\"white-space: normal;\"/><span style=\"font-family: 宋体, SimSun; color: rgb(102, 102, 102); font-size: 12px; background-color: rgb(255, 255, 255);\">第9条 责任限制及不承诺担保</span><br style=\"white-space: normal;\"/><br style=\"white-space: normal;\"/><span style=\"font-family: 宋体, SimSun; color: rgb(102, 102, 102); font-size: 12px; background-color: rgb(255, 255, 255);\">除非另有明确的书面说明,本站及其所包含的或以其它方式通过本站提供给您的全部信息、内容、材料、产品（包括软件）和服务，均是在&quot;按现状&quot;和&quot;按现有&quot;的基础上提供的。</span><br style=\"white-space: normal;\"/><br style=\"white-space: normal;\"/><span style=\"font-family: 宋体, SimSun; color: rgb(102, 102, 102); font-size: 12px; background-color: rgb(255, 255, 255);\">除非另有明确的书面说明,商城不对本站的运营及其包含在本网站上的信息、内容、材料、产品（包括软件）或服务作任何形式的、明示或默示的声明或担保（根据中华人民共和国法律另有规定的以外）。</span><br style=\"white-space: normal;\"/><br style=\"white-space: normal;\"/><span style=\"font-family: 宋体, SimSun; color: rgb(102, 102, 102); font-size: 12px; background-color: rgb(255, 255, 255);\">商城不担保本站所包含的或以其它方式通过本站提供给您的全部信息、内容、材料、产品（包括软件）和服务、其服务器或从本站发出的电子信件、信息没有病毒或其他有害成分。</span><br style=\"white-space: normal;\"/><br style=\"white-space: normal;\"/><span style=\"font-family: 宋体, SimSun; color: rgb(102, 102, 102); font-size: 12px; background-color: rgb(255, 255, 255);\">如因不可抗力或其它本站无法控制的原因使本站销售系统崩溃或无法正常使用导致网上交易无法完成或丢失有关的信息、记录等，商城会合理地尽力协助处理善后事宜。</span><br style=\"white-space: normal;\"/><br style=\"white-space: normal;\"/><span style=\"font-family: 宋体, SimSun; color: rgb(102, 102, 102); font-size: 12px; background-color: rgb(255, 255, 255);\">第10条 协议更新及用户关注义务</span><br style=\"white-space: normal;\"/><br style=\"white-space: normal;\"/><span style=\"font-family: 宋体, SimSun; color: rgb(102, 102, 102); font-size: 12px; background-color: rgb(255, 255, 255);\">根据国家法律法规变化及网站运营需要，商城有权对本协议条款不时地进行修改，修改后的协议一旦被张贴在本站上即生效，并代替原来的协议。用户可随时登录查阅最新协议；用户有义务不时关注并阅读最新版的协议及网站公告。如用户不同意更新后的协议，可以且应立即停止接受商城网站依据本协议提供的服务；如用户继续使用本网站提供的服务的，即视为同意更新后的协议。商城建议您在使用本站之前阅读本协议及本站的公告。 如果本协议中任何一条被视为废止、无效或因任何理由不可执行，该条应视为可分的且并不影响任何其余条款的有效性和可执行性。</span><br style=\"white-space: normal;\"/><br style=\"white-space: normal;\"/><span style=\"font-family: 宋体, SimSun; color: rgb(102, 102, 102); font-size: 12px; background-color: rgb(255, 255, 255);\">第11条 法律管辖和适用</span><br style=\"white-space: normal;\"/><br style=\"white-space: normal;\"/><span style=\"font-family: 宋体, SimSun; color: rgb(102, 102, 102); font-size: 12px; background-color: rgb(255, 255, 255);\">本协议的订立、执行和解释及争议的解决均应适用在中华人民共和国大陆地区适用之有效法律（但不包括其冲突法规则）。 如发生本协议与适用之法律相抵触时，则这些条款将完全按法律规定重新解释，而其它有效条款继续有效。 如缔约方就本协议内容或其执行发生任何争议，双方应尽力友好协商解决；协商不成时，任何一方均可向有管辖权的中华人民共和国大陆地区法院提起诉讼。</span><br style=\"white-space: normal;\"/><br style=\"white-space: normal;\"/><span style=\"font-family: 宋体, SimSun; color: rgb(102, 102, 102); font-size: 12px; background-color: rgb(255, 255, 255);\">第12条 其他</span><br style=\"white-space: normal;\"/><br style=\"white-space: normal;\"/><span style=\"font-family: 宋体, SimSun; color: rgb(102, 102, 102); font-size: 12px; background-color: rgb(255, 255, 255);\">12.1商城网站所有者是指在政府部门依法许可或备案的商城网站经营主体。</span><br style=\"white-space: normal;\"/><br style=\"white-space: normal;\"/><span style=\"font-family: 宋体, SimSun; color: rgb(102, 102, 102); font-size: 12px; background-color: rgb(255, 255, 255);\">12.2商城尊重用户和消费者的合法权利，本协议及本网站上发布的各类规则、声明等其他内容，均是为了更好的、更加便利的为用户和消费者提供服务。本站欢迎用户和社会各界提出意见和建议，商城将虚心接受并适时修改本协议及本站上的各类规则。</span><br style=\"white-space: normal;\"/><br style=\"white-space: normal;\"/><span style=\"font-family: 宋体, SimSun; color: rgb(102, 102, 102); font-size: 12px; background-color: rgb(255, 255, 255);\">12.3本协议内容中以黑体、加粗、下划线、斜体等方式显著标识的条款，请用户着重阅读。</span><br style=\"white-space: normal;\"/><br style=\"white-space: normal;\"/><span style=\"font-family: 宋体, SimSun; color: rgb(102, 102, 102); font-size: 12px; background-color: rgb(255, 255, 255);\">12.4您点击本协议下方的&quot;同意并继续&quot;按钮即视为您完全接受本协议，在点击之前请您再次确认已知悉并完全理解本协议的全部内容。</span></p>');

-- ----------------------------
-- Table structure for gen_table
-- ----------------------------
DROP TABLE IF EXISTS `gen_table`;
CREATE TABLE `gen_table` (
  `table_id` bigint(20) NOT NULL AUTO_INCREMENT COMMENT '编号',
  `table_name` varchar(200) DEFAULT '' COMMENT '表名称',
  `table_comment` varchar(500) DEFAULT '' COMMENT '表描述',
  `class_name` varchar(100) DEFAULT '' COMMENT '实体类名称',
  `tpl_category` varchar(200) DEFAULT 'crud' COMMENT '使用的模板（crud单表操作 tree树表操作）',
  `package_name` varchar(100) DEFAULT NULL COMMENT '生成包路径',
  `module_name` varchar(30) DEFAULT NULL COMMENT '生成模块名',
  `business_name` varchar(30) DEFAULT NULL COMMENT '生成业务名',
  `function_name` varchar(50) DEFAULT NULL COMMENT '生成功能名',
  `function_author` varchar(50) DEFAULT NULL COMMENT '生成功能作者',
  `options` varchar(1000) DEFAULT NULL COMMENT '其它生成选项',
  `create_by` varchar(64) DEFAULT '' COMMENT '创建者',
  `create_time` datetime DEFAULT NULL COMMENT '创建时间',
  `update_by` varchar(64) DEFAULT '' COMMENT '更新者',
  `update_time` datetime DEFAULT NULL COMMENT '更新时间',
  `remark` varchar(500) DEFAULT NULL COMMENT '备注',
  PRIMARY KEY (`table_id`)
) ENGINE=InnoDB DEFAULT CHARSET=utf8 COMMENT='代码生成业务表';

-- ----------------------------
-- Records of gen_table
-- ----------------------------

-- ----------------------------
-- Table structure for gen_table_column
-- ----------------------------
DROP TABLE IF EXISTS `gen_table_column`;
CREATE TABLE `gen_table_column` (
  `column_id` bigint(20) NOT NULL AUTO_INCREMENT COMMENT '编号',
  `table_id` varchar(64) DEFAULT NULL COMMENT '归属表编号',
  `column_name` varchar(200) DEFAULT NULL COMMENT '列名称',
  `column_comment` varchar(500) DEFAULT NULL COMMENT '列描述',
  `column_type` varchar(100) DEFAULT NULL COMMENT '列类型',
  `java_type` varchar(500) DEFAULT NULL COMMENT 'JAVA类型',
  `java_field` varchar(200) DEFAULT NULL COMMENT 'JAVA字段名',
  `is_pk` char(1) DEFAULT NULL COMMENT '是否主键（1是）',
  `is_increment` char(1) DEFAULT NULL COMMENT '是否自增（1是）',
  `is_required` char(1) DEFAULT NULL COMMENT '是否必填（1是）',
  `is_insert` char(1) DEFAULT NULL COMMENT '是否为插入字段（1是）',
  `is_edit` char(1) DEFAULT NULL COMMENT '是否编辑字段（1是）',
  `is_list` char(1) DEFAULT NULL COMMENT '是否列表字段（1是）',
  `is_query` char(1) DEFAULT NULL COMMENT '是否查询字段（1是）',
  `query_type` varchar(200) DEFAULT 'EQ' COMMENT '查询方式（等于、不等于、大于、小于、范围）',
  `html_type` varchar(200) DEFAULT NULL COMMENT '显示类型（文本框、文本域、下拉框、复选框、单选框、日期控件）',
  `dict_type` varchar(200) DEFAULT '' COMMENT '字典类型',
  `sort` int(11) DEFAULT NULL COMMENT '排序',
  `create_by` varchar(64) DEFAULT '' COMMENT '创建者',
  `create_time` datetime DEFAULT NULL COMMENT '创建时间',
  `update_by` varchar(64) DEFAULT '' COMMENT '更新者',
  `update_time` datetime DEFAULT NULL COMMENT '更新时间',
  PRIMARY KEY (`column_id`)
) ENGINE=InnoDB DEFAULT CHARSET=utf8 COMMENT='代码生成业务表字段';

-- ----------------------------
-- Records of gen_table_column
-- ----------------------------

-- ----------------------------
-- Table structure for qrtz_blob_triggers
-- ----------------------------
DROP TABLE IF EXISTS `qrtz_blob_triggers`;
CREATE TABLE `qrtz_blob_triggers` (
  `sched_name` varchar(120) NOT NULL,
  `trigger_name` varchar(200) NOT NULL,
  `trigger_group` varchar(200) NOT NULL,
  `blob_data` blob,
  PRIMARY KEY (`sched_name`,`trigger_name`,`trigger_group`),
  CONSTRAINT `qrtz_blob_triggers_ibfk_1` FOREIGN KEY (`sched_name`, `trigger_name`, `trigger_group`) REFERENCES `qrtz_triggers` (`sched_name`, `trigger_name`, `trigger_group`)
) ENGINE=InnoDB DEFAULT CHARSET=utf8;

-- ----------------------------
-- Records of qrtz_blob_triggers
-- ----------------------------

-- ----------------------------
-- Table structure for qrtz_calendars
-- ----------------------------
DROP TABLE IF EXISTS `qrtz_calendars`;
CREATE TABLE `qrtz_calendars` (
  `sched_name` varchar(120) NOT NULL,
  `calendar_name` varchar(200) NOT NULL,
  `calendar` blob NOT NULL,
  PRIMARY KEY (`sched_name`,`calendar_name`)
) ENGINE=InnoDB DEFAULT CHARSET=utf8;

-- ----------------------------
-- Records of qrtz_calendars
-- ----------------------------

-- ----------------------------
-- Table structure for qrtz_cron_triggers
-- ----------------------------
DROP TABLE IF EXISTS `qrtz_cron_triggers`;
CREATE TABLE `qrtz_cron_triggers` (
  `sched_name` varchar(120) NOT NULL,
  `trigger_name` varchar(200) NOT NULL,
  `trigger_group` varchar(200) NOT NULL,
  `cron_expression` varchar(200) NOT NULL,
  `time_zone_id` varchar(80) DEFAULT NULL,
  PRIMARY KEY (`sched_name`,`trigger_name`,`trigger_group`),
  CONSTRAINT `qrtz_cron_triggers_ibfk_1` FOREIGN KEY (`sched_name`, `trigger_name`, `trigger_group`) REFERENCES `qrtz_triggers` (`sched_name`, `trigger_name`, `trigger_group`)
) ENGINE=InnoDB DEFAULT CHARSET=utf8;

-- ----------------------------
-- Records of qrtz_cron_triggers
-- ----------------------------
INSERT INTO `qrtz_cron_triggers` VALUES ('RuoyiScheduler', 'TASK_CLASS_NAME1', 'DEFAULT', '0/10 * * * * ?', 'Asia/Shanghai');
INSERT INTO `qrtz_cron_triggers` VALUES ('RuoyiScheduler', 'TASK_CLASS_NAME2', 'DEFAULT', '0/15 * * * * ?', 'Asia/Shanghai');
INSERT INTO `qrtz_cron_triggers` VALUES ('RuoyiScheduler', 'TASK_CLASS_NAME3', 'DEFAULT', '0/20 * * * * ?', 'Asia/Shanghai');
INSERT INTO `qrtz_cron_triggers` VALUES ('RuoyiScheduler', 'TASK_CLASS_NAME4', 'SYSTEM', '0 0 0 * * ?', 'Asia/Shanghai');

-- ----------------------------
-- Table structure for qrtz_fired_triggers
-- ----------------------------
DROP TABLE IF EXISTS `qrtz_fired_triggers`;
CREATE TABLE `qrtz_fired_triggers` (
  `sched_name` varchar(120) NOT NULL,
  `entry_id` varchar(95) NOT NULL,
  `trigger_name` varchar(200) NOT NULL,
  `trigger_group` varchar(200) NOT NULL,
  `instance_name` varchar(200) NOT NULL,
  `fired_time` bigint(13) NOT NULL,
  `sched_time` bigint(13) NOT NULL,
  `priority` int(11) NOT NULL,
  `state` varchar(16) NOT NULL,
  `job_name` varchar(200) DEFAULT NULL,
  `job_group` varchar(200) DEFAULT NULL,
  `is_nonconcurrent` varchar(1) DEFAULT NULL,
  `requests_recovery` varchar(1) DEFAULT NULL,
  PRIMARY KEY (`sched_name`,`entry_id`)
) ENGINE=InnoDB DEFAULT CHARSET=utf8;

-- ----------------------------
-- Records of qrtz_fired_triggers
-- ----------------------------

-- ----------------------------
-- Table structure for qrtz_job_details
-- ----------------------------
DROP TABLE IF EXISTS `qrtz_job_details`;
CREATE TABLE `qrtz_job_details` (
  `sched_name` varchar(120) NOT NULL,
  `job_name` varchar(200) NOT NULL,
  `job_group` varchar(200) NOT NULL,
  `description` varchar(250) DEFAULT NULL,
  `job_class_name` varchar(250) NOT NULL,
  `is_durable` varchar(1) NOT NULL,
  `is_nonconcurrent` varchar(1) NOT NULL,
  `is_update_data` varchar(1) NOT NULL,
  `requests_recovery` varchar(1) NOT NULL,
  `job_data` blob,
  PRIMARY KEY (`sched_name`,`job_name`,`job_group`)
) ENGINE=InnoDB DEFAULT CHARSET=utf8;

-- ----------------------------
-- Records of qrtz_job_details
-- ----------------------------
INSERT INTO `qrtz_job_details` VALUES ('RuoyiScheduler', 'TASK_CLASS_NAME1', 'DEFAULT', null, 'com.ruoyi.quartz.util.QuartzDisallowConcurrentExecution', '0', '1', '0', '0', 0xACED0005737200156F72672E71756172747A2E4A6F62446174614D61709FB083E8BFA9B0CB020000787200266F72672E71756172747A2E7574696C732E537472696E674B65794469727479466C61674D61708208E8C3FBC55D280200015A0013616C6C6F77735472616E7369656E74446174617872001D6F72672E71756172747A2E7574696C732E4469727479466C61674D617013E62EAD28760ACE0200025A000564697274794C00036D617074000F4C6A6176612F7574696C2F4D61703B787001737200116A6176612E7574696C2E486173684D61700507DAC1C31660D103000246000A6C6F6164466163746F724900097468726573686F6C6478703F4000000000000C7708000000100000000174000F5441534B5F50524F504552544945537372001E636F6D2E72756F79692E71756172747A2E646F6D61696E2E5379734A6F6200000000000000010200084C000A636F6E63757272656E747400124C6A6176612F6C616E672F537472696E673B4C000E63726F6E45787072657373696F6E71007E00094C000C696E766F6B6554617267657471007E00094C00086A6F6247726F757071007E00094C00056A6F6249647400104C6A6176612F6C616E672F4C6F6E673B4C00076A6F624E616D6571007E00094C000D6D697366697265506F6C69637971007E00094C000673746174757371007E000978720027636F6D2E72756F79692E636F6D6D6F6E2E636F72652E646F6D61696E2E42617365456E7469747900000000000000010200074C0008637265617465427971007E00094C000A63726561746554696D657400104C6A6176612F7574696C2F446174653B4C0006706172616D7371007E00034C000672656D61726B71007E00094C000B73656172636856616C756571007E00094C0008757064617465427971007E00094C000A75706461746554696D6571007E000C787074000561646D696E7372000E6A6176612E7574696C2E44617465686A81014B59741903000078707708000001622CDE29E078707400007070707400013174000E302F3130202A202A202A202A203F74001172795461736B2E72794E6F506172616D7374000744454641554C547372000E6A6176612E6C616E672E4C6F6E673B8BE490CC8F23DF0200014A000576616C7565787200106A6176612E6C616E672E4E756D62657286AC951D0B94E08B02000078700000000000000001740018E7B3BBE7BB9FE9BB98E8AEA4EFBC88E697A0E58F82EFBC8974000133740001317800);
INSERT INTO `qrtz_job_details` VALUES ('RuoyiScheduler', 'TASK_CLASS_NAME2', 'DEFAULT', null, 'com.ruoyi.quartz.util.QuartzDisallowConcurrentExecution', '0', '1', '0', '0', 0xACED0005737200156F72672E71756172747A2E4A6F62446174614D61709FB083E8BFA9B0CB020000787200266F72672E71756172747A2E7574696C732E537472696E674B65794469727479466C61674D61708208E8C3FBC55D280200015A0013616C6C6F77735472616E7369656E74446174617872001D6F72672E71756172747A2E7574696C732E4469727479466C61674D617013E62EAD28760ACE0200025A000564697274794C00036D617074000F4C6A6176612F7574696C2F4D61703B787001737200116A6176612E7574696C2E486173684D61700507DAC1C31660D103000246000A6C6F6164466163746F724900097468726573686F6C6478703F4000000000000C7708000000100000000174000F5441534B5F50524F504552544945537372001E636F6D2E72756F79692E71756172747A2E646F6D61696E2E5379734A6F6200000000000000010200084C000A636F6E63757272656E747400124C6A6176612F6C616E672F537472696E673B4C000E63726F6E45787072657373696F6E71007E00094C000C696E766F6B6554617267657471007E00094C00086A6F6247726F757071007E00094C00056A6F6249647400104C6A6176612F6C616E672F4C6F6E673B4C00076A6F624E616D6571007E00094C000D6D697366697265506F6C69637971007E00094C000673746174757371007E000978720027636F6D2E72756F79692E636F6D6D6F6E2E636F72652E646F6D61696E2E42617365456E7469747900000000000000010200074C0008637265617465427971007E00094C000A63726561746554696D657400104C6A6176612F7574696C2F446174653B4C0006706172616D7371007E00034C000672656D61726B71007E00094C000B73656172636856616C756571007E00094C0008757064617465427971007E00094C000A75706461746554696D6571007E000C787074000561646D696E7372000E6A6176612E7574696C2E44617465686A81014B59741903000078707708000001622CDE29E078707400007070707400013174000E302F3135202A202A202A202A203F74001572795461736B2E7279506172616D7328277279272974000744454641554C547372000E6A6176612E6C616E672E4C6F6E673B8BE490CC8F23DF0200014A000576616C7565787200106A6176612E6C616E672E4E756D62657286AC951D0B94E08B02000078700000000000000002740018E7B3BBE7BB9FE9BB98E8AEA4EFBC88E69C89E58F82EFBC8974000133740001317800);
INSERT INTO `qrtz_job_details` VALUES ('RuoyiScheduler', 'TASK_CLASS_NAME3', 'DEFAULT', null, 'com.ruoyi.quartz.util.QuartzDisallowConcurrentExecution', '0', '1', '0', '0', 0xACED0005737200156F72672E71756172747A2E4A6F62446174614D61709FB083E8BFA9B0CB020000787200266F72672E71756172747A2E7574696C732E537472696E674B65794469727479466C61674D61708208E8C3FBC55D280200015A0013616C6C6F77735472616E7369656E74446174617872001D6F72672E71756172747A2E7574696C732E4469727479466C61674D617013E62EAD28760ACE0200025A000564697274794C00036D617074000F4C6A6176612F7574696C2F4D61703B787001737200116A6176612E7574696C2E486173684D61700507DAC1C31660D103000246000A6C6F6164466163746F724900097468726573686F6C6478703F4000000000000C7708000000100000000174000F5441534B5F50524F504552544945537372001E636F6D2E72756F79692E71756172747A2E646F6D61696E2E5379734A6F6200000000000000010200084C000A636F6E63757272656E747400124C6A6176612F6C616E672F537472696E673B4C000E63726F6E45787072657373696F6E71007E00094C000C696E766F6B6554617267657471007E00094C00086A6F6247726F757071007E00094C00056A6F6249647400104C6A6176612F6C616E672F4C6F6E673B4C00076A6F624E616D6571007E00094C000D6D697366697265506F6C69637971007E00094C000673746174757371007E000978720027636F6D2E72756F79692E636F6D6D6F6E2E636F72652E646F6D61696E2E42617365456E7469747900000000000000010200074C0008637265617465427971007E00094C000A63726561746554696D657400104C6A6176612F7574696C2F446174653B4C0006706172616D7371007E00034C000672656D61726B71007E00094C000B73656172636856616C756571007E00094C0008757064617465427971007E00094C000A75706461746554696D6571007E000C787074000561646D696E7372000E6A6176612E7574696C2E44617465686A81014B59741903000078707708000001622CDE29E078707400007070707400013174000E302F3230202A202A202A202A203F74003872795461736B2E72794D756C7469706C65506172616D7328277279272C20747275652C20323030304C2C203331362E3530442C203130302974000744454641554C547372000E6A6176612E6C616E672E4C6F6E673B8BE490CC8F23DF0200014A000576616C7565787200106A6176612E6C616E672E4E756D62657286AC951D0B94E08B02000078700000000000000003740018E7B3BBE7BB9FE9BB98E8AEA4EFBC88E5A49AE58F82EFBC8974000133740001317800);
INSERT INTO `qrtz_job_details` VALUES ('RuoyiScheduler', 'TASK_CLASS_NAME4', 'SYSTEM', null, 'com.ruoyi.quartz.util.QuartzDisallowConcurrentExecution', '0', '1', '0', '0', 0xACED0005737200156F72672E71756172747A2E4A6F62446174614D61709FB083E8BFA9B0CB020000787200266F72672E71756172747A2E7574696C732E537472696E674B65794469727479466C61674D61708208E8C3FBC55D280200015A0013616C6C6F77735472616E7369656E74446174617872001D6F72672E71756172747A2E7574696C732E4469727479466C61674D617013E62EAD28760ACE0200025A000564697274794C00036D617074000F4C6A6176612F7574696C2F4D61703B787001737200116A6176612E7574696C2E486173684D61700507DAC1C31660D103000246000A6C6F6164466163746F724900097468726573686F6C6478703F4000000000000C7708000000100000000174000F5441534B5F50524F504552544945537372001E636F6D2E72756F79692E71756172747A2E646F6D61696E2E5379734A6F6200000000000000010200084C000A636F6E63757272656E747400124C6A6176612F6C616E672F537472696E673B4C000E63726F6E45787072657373696F6E71007E00094C000C696E766F6B6554617267657471007E00094C00086A6F6247726F757071007E00094C00056A6F6249647400104C6A6176612F6C616E672F4C6F6E673B4C00076A6F624E616D6571007E00094C000D6D697366697265506F6C69637971007E00094C000673746174757371007E000978720027636F6D2E72756F79692E636F6D6D6F6E2E636F72652E646F6D61696E2E42617365456E7469747900000000000000010200074C0008637265617465427971007E00094C000A63726561746554696D657400104C6A6176612F7574696C2F446174653B4C0006706172616D7371007E00034C000672656D61726B71007E00094C000B73656172636856616C756571007E00094C0008757064617465427971007E00094C000A75706461746554696D6571007E000C787074000561646D696E7372000E6A6176612E7574696C2E44617465686A81014B59741903000078707708000001622CDE29E07870740019E6AF8FE5A4A930E782B9E5A487E4BBBDE695B0E68DAEE5BA937070707400013174000B3020302030202A202A203F74000F72795461736B2E6261636B7570444274000653595354454D7372000E6A6176612E6C616E672E4C6F6E673B8BE490CC8F23DF0200014A000576616C7565787200106A6176612E6C616E672E4E756D62657286AC951D0B94E08B02000078700000000000000004740015E695B0E68DAEE5BA93E5A487E4BBBDE4BBBBE58AA174000133740001317800);

-- ----------------------------
-- Table structure for qrtz_locks
-- ----------------------------
DROP TABLE IF EXISTS `qrtz_locks`;
CREATE TABLE `qrtz_locks` (
  `sched_name` varchar(120) NOT NULL,
  `lock_name` varchar(40) NOT NULL,
  PRIMARY KEY (`sched_name`,`lock_name`)
) ENGINE=InnoDB DEFAULT CHARSET=utf8;

-- ----------------------------
-- Records of qrtz_locks
-- ----------------------------
INSERT INTO `qrtz_locks` VALUES ('RuoyiScheduler', 'STATE_ACCESS');
INSERT INTO `qrtz_locks` VALUES ('RuoyiScheduler', 'TRIGGER_ACCESS');

-- ----------------------------
-- Table structure for qrtz_paused_trigger_grps
-- ----------------------------
DROP TABLE IF EXISTS `qrtz_paused_trigger_grps`;
CREATE TABLE `qrtz_paused_trigger_grps` (
  `sched_name` varchar(120) NOT NULL,
  `trigger_group` varchar(200) NOT NULL,
  PRIMARY KEY (`sched_name`,`trigger_group`)
) ENGINE=InnoDB DEFAULT CHARSET=utf8;

-- ----------------------------
-- Records of qrtz_paused_trigger_grps
-- ----------------------------

-- ----------------------------
-- Table structure for qrtz_scheduler_state
-- ----------------------------
DROP TABLE IF EXISTS `qrtz_scheduler_state`;
CREATE TABLE `qrtz_scheduler_state` (
  `sched_name` varchar(120) NOT NULL,
  `instance_name` varchar(200) NOT NULL,
  `last_checkin_time` bigint(13) NOT NULL,
  `checkin_interval` bigint(13) NOT NULL,
  PRIMARY KEY (`sched_name`,`instance_name`)
) ENGINE=InnoDB DEFAULT CHARSET=utf8;

-- ----------------------------
-- Records of qrtz_scheduler_state
-- ----------------------------
INSERT INTO `qrtz_scheduler_state` VALUES ('RuoyiScheduler', 'john-PC1575424302179', '1575431134501', '15000');

-- ----------------------------
-- Table structure for qrtz_simple_triggers
-- ----------------------------
DROP TABLE IF EXISTS `qrtz_simple_triggers`;
CREATE TABLE `qrtz_simple_triggers` (
  `sched_name` varchar(120) NOT NULL,
  `trigger_name` varchar(200) NOT NULL,
  `trigger_group` varchar(200) NOT NULL,
  `repeat_count` bigint(7) NOT NULL,
  `repeat_interval` bigint(12) NOT NULL,
  `times_triggered` bigint(10) NOT NULL,
  PRIMARY KEY (`sched_name`,`trigger_name`,`trigger_group`),
  CONSTRAINT `qrtz_simple_triggers_ibfk_1` FOREIGN KEY (`sched_name`, `trigger_name`, `trigger_group`) REFERENCES `qrtz_triggers` (`sched_name`, `trigger_name`, `trigger_group`)
) ENGINE=InnoDB DEFAULT CHARSET=utf8;

-- ----------------------------
-- Records of qrtz_simple_triggers
-- ----------------------------

-- ----------------------------
-- Table structure for qrtz_simprop_triggers
-- ----------------------------
DROP TABLE IF EXISTS `qrtz_simprop_triggers`;
CREATE TABLE `qrtz_simprop_triggers` (
  `sched_name` varchar(120) NOT NULL,
  `trigger_name` varchar(200) NOT NULL,
  `trigger_group` varchar(200) NOT NULL,
  `str_prop_1` varchar(512) DEFAULT NULL,
  `str_prop_2` varchar(512) DEFAULT NULL,
  `str_prop_3` varchar(512) DEFAULT NULL,
  `int_prop_1` int(11) DEFAULT NULL,
  `int_prop_2` int(11) DEFAULT NULL,
  `long_prop_1` bigint(20) DEFAULT NULL,
  `long_prop_2` bigint(20) DEFAULT NULL,
  `dec_prop_1` decimal(13,4) DEFAULT NULL,
  `dec_prop_2` decimal(13,4) DEFAULT NULL,
  `bool_prop_1` varchar(1) DEFAULT NULL,
  `bool_prop_2` varchar(1) DEFAULT NULL,
  PRIMARY KEY (`sched_name`,`trigger_name`,`trigger_group`),
  CONSTRAINT `qrtz_simprop_triggers_ibfk_1` FOREIGN KEY (`sched_name`, `trigger_name`, `trigger_group`) REFERENCES `qrtz_triggers` (`sched_name`, `trigger_name`, `trigger_group`)
) ENGINE=InnoDB DEFAULT CHARSET=utf8;

-- ----------------------------
-- Records of qrtz_simprop_triggers
-- ----------------------------

-- ----------------------------
-- Table structure for qrtz_triggers
-- ----------------------------
DROP TABLE IF EXISTS `qrtz_triggers`;
CREATE TABLE `qrtz_triggers` (
  `sched_name` varchar(120) NOT NULL,
  `trigger_name` varchar(200) NOT NULL,
  `trigger_group` varchar(200) NOT NULL,
  `job_name` varchar(200) NOT NULL,
  `job_group` varchar(200) NOT NULL,
  `description` varchar(250) DEFAULT NULL,
  `next_fire_time` bigint(13) DEFAULT NULL,
  `prev_fire_time` bigint(13) DEFAULT NULL,
  `priority` int(11) DEFAULT NULL,
  `trigger_state` varchar(16) NOT NULL,
  `trigger_type` varchar(8) NOT NULL,
  `start_time` bigint(13) NOT NULL,
  `end_time` bigint(13) DEFAULT NULL,
  `calendar_name` varchar(200) DEFAULT NULL,
  `misfire_instr` smallint(2) DEFAULT NULL,
  `job_data` blob,
  PRIMARY KEY (`sched_name`,`trigger_name`,`trigger_group`),
  KEY `sched_name` (`sched_name`,`job_name`,`job_group`) USING BTREE,
  CONSTRAINT `qrtz_triggers_ibfk_1` FOREIGN KEY (`sched_name`, `job_name`, `job_group`) REFERENCES `qrtz_job_details` (`sched_name`, `job_name`, `job_group`)
) ENGINE=InnoDB DEFAULT CHARSET=utf8;

-- ----------------------------
-- Records of qrtz_triggers
-- ----------------------------
INSERT INTO `qrtz_triggers` VALUES ('RuoyiScheduler', 'TASK_CLASS_NAME1', 'DEFAULT', 'TASK_CLASS_NAME1', 'DEFAULT', null, '1575424310000', '-1', '5', 'PAUSED', 'CRON', '1575424302000', '0', null, '2', '');
INSERT INTO `qrtz_triggers` VALUES ('RuoyiScheduler', 'TASK_CLASS_NAME2', 'DEFAULT', 'TASK_CLASS_NAME2', 'DEFAULT', null, '1575424305000', '-1', '5', 'PAUSED', 'CRON', '1575424302000', '0', null, '2', '');
INSERT INTO `qrtz_triggers` VALUES ('RuoyiScheduler', 'TASK_CLASS_NAME3', 'DEFAULT', 'TASK_CLASS_NAME3', 'DEFAULT', null, '1575424320000', '-1', '5', 'PAUSED', 'CRON', '1575424303000', '0', null, '2', '');
INSERT INTO `qrtz_triggers` VALUES ('RuoyiScheduler', 'TASK_CLASS_NAME4', 'SYSTEM', 'TASK_CLASS_NAME4', 'SYSTEM', null, '1575475200000', '-1', '5', 'PAUSED', 'CRON', '1575424303000', '0', null, '2', '');

-- ----------------------------
-- Table structure for spider_config
-- ----------------------------
DROP TABLE IF EXISTS `spider_config`;
CREATE TABLE `spider_config` (
  `id` int(11) NOT NULL AUTO_INCREMENT COMMENT '爬虫配置ID',
  `spider_code` varchar(50) DEFAULT NULL COMMENT '爬虫编码',
  `spider_name` varchar(50) DEFAULT NULL COMMENT '爬虫名称',
  `entry_urls` text COMMENT '入口地址',
  `target_regex` varchar(255) DEFAULT NULL COMMENT '目标URL正则',
  `cascade` smallint(6) DEFAULT '0' COMMENT '1:级联发现url  0:只从入口页面发现url',
  `table_name` varchar(50) DEFAULT NULL COMMENT '存储的表名',
  `domain` varchar(255) DEFAULT NULL COMMENT '网站根域名',
  `charset` varchar(50) DEFAULT 'utf8' COMMENT '字符集',
  `sleep_time` int(11) DEFAULT '1000' COMMENT '睡眠时间(ms)',
  `retry_times` smallint(6) DEFAULT '1' COMMENT '重试次数',
  `thread_count` smallint(255) DEFAULT '1' COMMENT '线程数量',
  `use_proxy` smallint(6) DEFAULT '0' COMMENT '使用代理',
  `show_log` smallint(6) DEFAULT '1' COMMENT '打印日志',
  PRIMARY KEY (`id`)
) ENGINE=InnoDB AUTO_INCREMENT=5 DEFAULT CHARSET=utf8;

-- ----------------------------
-- Records of spider_config
-- ----------------------------
INSERT INTO `spider_config` VALUES ('1', 'csdn', 'csdn博客文章爬虫', 'https://blog.csdn.net/', 'https://blog.csdn.net/\\w+/article/details/\\d+', '0', null, 'blog.csdn.net', 'utf8', '1000', '2', '1', '0', '1');
INSERT INTO `spider_config` VALUES ('2', 'oschina', '开源中国博客文章爬虫配置', 'https://my.oschina.net/\r\n', 'https://my.oschina.net/.*/blog/[0-9]{1,10}', '0', null, 'oschina.net', 'utf8', '1000', '2', '1', '0', '1');
INSERT INTO `spider_config` VALUES ('3', 'cnblogs', 'cnblogs爬虫', 'https://www.cnblogs.com', 'https://www.cnblogs.com/\\w+/p/\\d+.html', '0', null, 'www.cnblogs.com', 'utf8', '1000', '2', '1', '1', '0');
INSERT INTO `spider_config` VALUES ('4', 'duoguyu', 'xx站点爬虫', 'http://old.duoguyu.com/', 'http://old.duoguyu.com/\\w+/\\d+.html', '1', 'cms_article', 'old.duoguyu.com', 'utf8', '1000', '2', '1', '0', '1');

-- ----------------------------
-- Table structure for spider_field
-- ----------------------------
DROP TABLE IF EXISTS `spider_field`;
CREATE TABLE `spider_field` (
  `field_id` int(11) NOT NULL AUTO_INCREMENT COMMENT '字段ID',
  `config_id` int(11) DEFAULT NULL COMMENT '爬虫配置ID',
  `field` varchar(50) CHARACTER SET utf8 COLLATE utf8_unicode_ci DEFAULT NULL COMMENT '字段',
  `field_name` varchar(50) CHARACTER SET utf8 COLLATE utf8_unicode_ci DEFAULT NULL COMMENT '字段名称',
  `extract_type` varchar(50) CHARACTER SET utf8 COLLATE utf8_unicode_ci DEFAULT NULL COMMENT '提取类型',
  `extract_by` varchar(150) CHARACTER SET utf8 COLLATE utf8_unicode_ci DEFAULT NULL COMMENT '提取规则',
  `constant_value` text CHARACTER SET utf8 COLLATE utf8_unicode_ci COMMENT '常量值',
  `extract_index` varchar(50) CHARACTER SET utf8 COLLATE utf8_unicode_ci DEFAULT '0' COMMENT '元素的索引',
  `process_rule_id` varchar(50) CHARACTER SET utf8 COLLATE utf8_unicode_ci DEFAULT NULL COMMENT '处理规则',
  `extract_attr_flag` varchar(50) CHARACTER SET utf8 COLLATE utf8_unicode_ci DEFAULT '0' COMMENT '是否是根据元素取值',
  `extract_attr` varchar(50) CHARACTER SET utf8 COLLATE utf8_unicode_ci DEFAULT NULL COMMENT '根据哪个元素取值',
  PRIMARY KEY (`field_id`)
) ENGINE=InnoDB AUTO_INCREMENT=24 DEFAULT CHARSET=utf8;

-- ----------------------------
-- Records of spider_field
-- ----------------------------
INSERT INTO `spider_field` VALUES ('1', '2', 'title', '标题', 'constant', '1', '2', '3', '4', '5', '6');
INSERT INTO `spider_field` VALUES ('2', '1', 'test', 'test', 'constant', null, '123', '0', null, '0', null);
INSERT INTO `spider_field` VALUES ('3', '2', '3', '3', 'css', '3', null, '3', null, '0', null);
INSERT INTO `spider_field` VALUES ('4', '2', '22', '3', 'css', '4', null, '6', null, '1', '8');
INSERT INTO `spider_field` VALUES ('5', '2', '4', '4', 'xpath', '44', null, '0', null, '0', null);
INSERT INTO `spider_field` VALUES ('6', '1', 'title', '标题', 'css', 'h1.title-article', null, '0', null, '0', null);
INSERT INTO `spider_field` VALUES ('7', '1', 'time', '时间', 'css', 'div.artical_tag span.time', null, '0', null, '0', null);
INSERT INTO `spider_field` VALUES ('8', '1', 'content', '内容', 'css', '#article_content', null, '0', null, '0', null);
INSERT INTO `spider_field` VALUES ('10', '4', 'title', '标题', 'css', '.textGrid .textBox h1', null, '0', null, '0', null);
INSERT INTO `spider_field` VALUES ('11', '4', 'content', '文章正文', 'css', '.articleContent  .articleDetail', null, '0', null, '0', null);
INSERT INTO `spider_field` VALUES ('12', '4', 'cover_image', '封面图片', 'css', '.fullPitch.list.detail', null, '0', null, '1', 'style');
INSERT INTO `spider_field` VALUES ('13', '4', 'channelSiteInfo', '频道来源信息', 'css', '.copyInfo .mt10 p', null, '1', null, '0', null);
INSERT INTO `spider_field` VALUES ('14', '4', 'copyInfo', '来源', 'css', '.copyInfo', null, '0', null, '0', null);
INSERT INTO `spider_field` VALUES ('15', '4', 'authorInfo', '作者信息', 'css', '.moreInfo', null, '0', null, '0', null);
INSERT INTO `spider_field` VALUES ('16', '4', 'title', '标题', 'css', '.leftGrid > div > div.articleContent > div.articleImg > div.textBox > h1', null, '0', null, '0', null);
INSERT INTO `spider_field` VALUES ('17', '4', 'cover_image', '封面图片', 'css', '.articleImg div.img', null, '0', null, '1', 'style');
INSERT INTO `spider_field` VALUES ('18', '4', 'tag', '标签', 'css', '.footerInfo a.iconSpan', null, '0,1,2,3,4,5', null, '0', null);
INSERT INTO `spider_field` VALUES ('19', '4', 'extra1', '源站点名称', 'css', '.copyInfo > div > p:nth-child(1) > a', null, '0', null, '1', 'data-site-name');
INSERT INTO `spider_field` VALUES ('20', '4', 'extra2', '源站链接', 'css', '.copyInfo > div > p:nth-child(1) > a', null, '0', null, '1', 'data-href');
INSERT INTO `spider_field` VALUES ('21', '4', 'author', '作者', 'css', '/html/body/div[2]/div[2]/div/div/span[1]/html()', null, '0', null, '0', null);
INSERT INTO `spider_field` VALUES ('22', '4', 'author', '作者', 'css', '.moreInfo span', null, '0', null, '0', null);
INSERT INTO `spider_field` VALUES ('23', '4', 'articleModel', '文章模型', 'constant', null, 'duoguyu', '0', null, '0', null);

-- ----------------------------
-- Table structure for spider_filed_rule
-- ----------------------------
DROP TABLE IF EXISTS `spider_filed_rule`;
CREATE TABLE `spider_filed_rule` (
  `id` int(11) NOT NULL AUTO_INCREMENT,
  `field_id` varchar(50) DEFAULT NULL COMMENT '字段ID',
  `process_type` varchar(50) DEFAULT NULL COMMENT '数据处理规则',
  `replaceReg` text COMMENT '替换正则',
  `replacement` varchar(255) DEFAULT NULL COMMENT '替换内容',
  `substr_target` varchar(50) DEFAULT NULL COMMENT '截取字符串目标',
  `sort` int(11) DEFAULT NULL COMMENT '排序',
  PRIMARY KEY (`id`)
) ENGINE=InnoDB AUTO_INCREMENT=14 DEFAULT CHARSET=utf8;

-- ----------------------------
-- Records of spider_filed_rule
-- ----------------------------
INSERT INTO `spider_filed_rule` VALUES ('3', '11', 'replace', '<img src=\"/', '<img src=\"http://old.duoguyu.com/', null, '1');
INSERT INTO `spider_filed_rule` VALUES ('4', '12', 'replace', 'background:url(/', 'background:url(http://old.duoguyu.com/', null, '1');
INSERT INTO `spider_filed_rule` VALUES ('5', '12', 'substrafter', null, null, '(', '2');
INSERT INTO `spider_filed_rule` VALUES ('6', '12', 'substrbefore', null, null, ')', '3');
INSERT INTO `spider_filed_rule` VALUES ('7', '13', 'replace', '?form=duoguyu.com', null, null, '2');
INSERT INTO `spider_filed_rule` VALUES ('8', '13', 'replace', 'class=\"channelSite jumpHref\">\\[ 查看原文 \\]', 'id=\"channelSite\" class=\"iconChannelSite jumpHref\">', null, '1');
INSERT INTO `spider_filed_rule` VALUES ('9', '14', 'replace', '?form=duoguyu.com', null, null, '1');
INSERT INTO `spider_filed_rule` VALUES ('10', '20', 'replace', '?form=duoguyu.com', null, null, '1');
INSERT INTO `spider_filed_rule` VALUES ('11', '17', 'replace', 'background:url(/', 'background:url(http://old.duoguyu.com/', null, '1');
INSERT INTO `spider_filed_rule` VALUES ('12', '17', 'substrafter', null, null, '(', '2');
INSERT INTO `spider_filed_rule` VALUES ('13', '17', 'substrbefore', null, null, ')', '3');

-- ----------------------------
-- Table structure for spider_mission
-- ----------------------------
DROP TABLE IF EXISTS `spider_mission`;
CREATE TABLE `spider_mission` (
  `mission_id` int(11) NOT NULL AUTO_INCREMENT COMMENT '爬虫任务ID',
  `mission_name` varchar(50) DEFAULT NULL COMMENT '任务名称',
  `spider_config_id` int(11) DEFAULT NULL COMMENT '爬虫配置ID',
  `entry_urls` text COMMENT '入口地址',
  `status` varchar(50) DEFAULT NULL COMMENT '任务状态',
  `start_time` datetime DEFAULT NULL COMMENT '开始时间',
  `end_time` datetime DEFAULT NULL COMMENT '结束时间',
  `time_cost` mediumtext COMMENT '爬取时间(单位秒)',
  `exit_way` varchar(50) DEFAULT NULL COMMENT '退出方式。DEFAULT，DURATION，URL_COUNT。',
  `exit_way_count` int(11) DEFAULT NULL COMMENT '退出方式值',
  `success_num` int(11) DEFAULT NULL COMMENT '爬取数量',
  `cookie_str` text,
  `header_str` text,
  `dept_id` varchar(255) DEFAULT NULL COMMENT '部门ID',
  `user_id` varchar(255) DEFAULT NULL COMMENT '用户ID',
  `create_by` varchar(50) DEFAULT NULL COMMENT '创建人',
  `create_time` datetime DEFAULT NULL,
  PRIMARY KEY (`mission_id`)
) ENGINE=InnoDB AUTO_INCREMENT=6 DEFAULT CHARSET=utf8;

-- ----------------------------
-- Records of spider_mission
-- ----------------------------
INSERT INTO `spider_mission` VALUES ('2', '爬取某用户csdn博客文章', '1', 'https://blog.csdn.net/u010870518/article/details/73476964', 'done', '2019-11-18 10:41:39', '2019-11-18 10:41:39', '1', 'DURATION', '30', '5', '', '', '103', '1', null, '2019-11-18 10:41:39');
INSERT INTO `spider_mission` VALUES ('3', 'cnblogs', '3', 'https://www.cnblogs.com/aobing', 'done', '2019-11-13 15:26:05', '2019-11-13 15:26:12', '6', 'DEFAULT', '3', '5', null, null, '103', '1', '若依', '2019-11-13 10:52:25');
INSERT INTO `spider_mission` VALUES ('4', 'test', '3', 'https://www.cnblogs.com,https://www.cnblogs.com/dasdf,https://www.cnblogs.com/d344', 'done', '2019-11-14 13:56:59', '2019-11-14 13:56:59', '5', 'DEFAULT', '3', '3', '111', '222=33\r\n44=55\r\n222=33\r\n44=55\r\n222=33\r\n44=55\r\n222=33\r\n44=55\r\n222=33\r\n44=55\r\n222=33\r\n44=55', '103', '1', '若依', '2019-11-14 13:56:59');
INSERT INTO `spider_mission` VALUES ('5', 'xx站', '4', 'http://old.duoguyu.com/', 'done', '2019-11-19 11:23:19', '2019-11-19 11:23:48', '28', 'URL_COUNT', '10', '10', '', '', '103', '1', '若依', '2019-11-19 11:19:46');

-- ----------------------------
-- Table structure for sys_config
-- ----------------------------
DROP TABLE IF EXISTS `sys_config`;
CREATE TABLE `sys_config` (
  `config_id` int(5) NOT NULL AUTO_INCREMENT COMMENT '参数主键',
  `config_name` varchar(100) DEFAULT '' COMMENT '参数名称',
  `config_key` varchar(100) DEFAULT '' COMMENT '参数键名',
  `config_value` varchar(500) DEFAULT '' COMMENT '参数键值',
  `config_type` char(1) DEFAULT 'N' COMMENT '系统内置（Y是 N否）',
  `create_by` varchar(64) DEFAULT '' COMMENT '创建者',
  `create_time` datetime DEFAULT NULL COMMENT '创建时间',
  `update_by` varchar(64) DEFAULT '' COMMENT '更新者',
  `update_time` datetime DEFAULT NULL COMMENT '更新时间',
  `remark` varchar(500) DEFAULT NULL COMMENT '备注',
  PRIMARY KEY (`config_id`)
) ENGINE=InnoDB AUTO_INCREMENT=15 DEFAULT CHARSET=utf8 COMMENT='参数配置表';

-- ----------------------------
-- Records of sys_config
-- ----------------------------
INSERT INTO `sys_config` VALUES ('1', '主框架页-默认皮肤样式名称', 'sys.index.skinName', 'skin-blue', 'Y', 'admin', '2018-03-16 11:33:00', 'ry', '2018-03-16 11:33:00', '蓝色 skin-blue、绿色 skin-green、紫色 skin-purple、红色 skin-red、黄色 skin-yellow');
INSERT INTO `sys_config` VALUES ('2', '用户管理-账号初始密码', 'sys.user.initPassword', '123456', 'Y', 'admin', '2018-03-16 11:33:00', 'ry', '2018-03-16 11:33:00', '初始化密码 123456');
INSERT INTO `sys_config` VALUES ('3', '主框架页-侧边栏主题', 'sys.index.sideTheme', 'theme-dark', 'Y', 'admin', '2018-03-16 11:33:00', 'ry', '2018-03-16 11:33:00', '深黑主题theme-dark，浅色主题theme-light，深蓝主题theme-blue');
INSERT INTO `sys_config` VALUES ('5', '站点介绍头像', 'site.person.pic', '/blog/pblog/img/myAvatar.jpg', 'Y', 'admin', '2018-03-16 11:33:00', 'admin', '2019-10-10 13:41:12', null);
INSERT INTO `sys_config` VALUES ('6', '站点介绍人名', 'site.person.name', 'markbro', 'Y', 'admin', '2018-03-16 11:33:00', 'admin', '2019-10-10 13:41:12', null);
INSERT INTO `sys_config` VALUES ('7', '站点介绍个人简介', 'site.person.desc', '90后少年，热爱写bug，热爱编程，热爱学习，分享一些个人经验，共同学习，少走弯路。Talk is cheap, show me the code!', 'Y', 'admin', '2018-03-16 11:33:00', 'admin', '2019-10-10 13:41:12', null);
INSERT INTO `sys_config` VALUES ('8', '博客首页title', 'blog.index.title', '葡萄博客', 'Y', 'admin', '2018-03-16 11:33:00', 'admin', '2019-10-10 13:41:12', null);
INSERT INTO `sys_config` VALUES ('9', '博客首页description', 'blog.index.description', '葡萄cms,极简的Java版内容管理系统。葡萄博客,个人博客网站，技术交流，经验分享。', 'Y', 'admin', '2018-03-16 11:33:00', 'admin', '2019-10-10 13:41:12', null);
INSERT INTO `sys_config` VALUES ('10', '博客首页keywords', 'blog.index.keywords', '葡萄cms,葡萄博客,Java,JavaScript,Spring,SpringBoot,Vue', 'Y', 'admin', '2018-03-16 11:33:00', 'admin', '2019-10-10 13:41:12', null);
INSERT INTO `sys_config` VALUES ('11', '站点URL', 'site.url', 'http://www.pt-cms.com', 'Y', 'admin', '2018-03-16 11:33:00', 'admin', '2019-10-10 13:41:12', null);
INSERT INTO `sys_config` VALUES ('12', '站点名称', 'site.name', '葡萄内容管理系统', 'Y', 'admin', '2018-03-16 11:33:00', 'admin', '2019-10-10 13:41:12', null);
INSERT INTO `sys_config` VALUES ('13', '站点备案号', 'site.beian', '鲁ICP备19006478号-1', 'Y', 'admin', '2018-03-16 11:33:00', 'admin', '2019-10-10 13:41:12', null);
INSERT INTO `sys_config` VALUES ('14', '博客主题', 'blog.theme', 'pblog', 'Y', 'admin', '2018-03-16 11:33:00', 'admin', '2019-10-10 13:41:12', 'avatar/pnews/pblog');

-- ----------------------------
-- Table structure for sys_cost_time
-- ----------------------------
DROP TABLE IF EXISTS `sys_cost_time`;
CREATE TABLE `sys_cost_time` (
  `id` bigint(20) NOT NULL COMMENT 'ID',
  `class_name` varchar(255) DEFAULT NULL COMMENT '类名',
  `method_name` varchar(255) DEFAULT NULL COMMENT '方法名',
  `spend_time` int(11) DEFAULT NULL COMMENT '消耗的时间',
  PRIMARY KEY (`id`)
) ENGINE=InnoDB DEFAULT CHARSET=utf8;

-- ----------------------------
-- Records of sys_cost_time
-- ----------------------------
INSERT INTO `sys_cost_time` VALUES ('1911292307070000', 'com.ruoyi.web.controller.system.SysLoginController', 'ajaxLogin()', '1297');
INSERT INTO `sys_cost_time` VALUES ('1911292334050001', 'com.ruoyi.web.controller.system.ExcelImportController', 'downloadExcelModel()', '949');
INSERT INTO `sys_cost_time` VALUES ('1911300912540003', 'com.ruoyi.web.controller.system.SysUserController', 'list()', '572');
INSERT INTO `sys_cost_time` VALUES ('1911301711530000', 'com.ruoyi.web.controller.monitor.ServerController', 'server()', '4069');
INSERT INTO `sys_cost_time` VALUES ('1911301723330000', 'com.ruoyi.third.controller.ThirdApiController', 'queryIp()', '784');
INSERT INTO `sys_cost_time` VALUES ('1911301900090000', 'com.ruoyi.web.controller.system.SysLoginController', 'ajaxLogin()', '1030');
INSERT INTO `sys_cost_time` VALUES ('1911301938360001', 'com.ruoyi.cms.controller.EmailController', 'sendEmail()', '1986');
INSERT INTO `sys_cost_time` VALUES ('1912012234000000', 'com.ruoyi.web.controller.system.SysLoginController', 'ajaxLogin()', '1880');
INSERT INTO `sys_cost_time` VALUES ('1912040853260000', 'com.ruoyi.third.controller.ThirdApiController', 'queryIp()', '1970');

-- ----------------------------
-- Table structure for sys_dept
-- ----------------------------
DROP TABLE IF EXISTS `sys_dept`;
CREATE TABLE `sys_dept` (
  `dept_id` bigint(20) NOT NULL AUTO_INCREMENT COMMENT '部门id',
  `parent_id` bigint(20) DEFAULT '0' COMMENT '父部门id',
  `ancestors` varchar(50) DEFAULT '' COMMENT '祖级列表',
  `dept_name` varchar(30) DEFAULT '' COMMENT '部门名称',
  `order_num` int(4) DEFAULT '0' COMMENT '显示顺序',
  `leader` varchar(20) DEFAULT NULL COMMENT '负责人',
  `phone` varchar(11) DEFAULT NULL COMMENT '联系电话',
  `email` varchar(50) DEFAULT NULL COMMENT '邮箱',
  `status` char(1) DEFAULT '0' COMMENT '部门状态（0正常 1停用）',
  `del_flag` char(1) DEFAULT '0' COMMENT '删除标志（0代表存在 2代表删除）',
  `create_by` varchar(64) DEFAULT '' COMMENT '创建者',
  `create_time` datetime DEFAULT NULL COMMENT '创建时间',
  `update_by` varchar(64) DEFAULT '' COMMENT '更新者',
  `update_time` datetime DEFAULT NULL COMMENT '更新时间',
  PRIMARY KEY (`dept_id`)
) ENGINE=InnoDB AUTO_INCREMENT=110 DEFAULT CHARSET=utf8 COMMENT='部门表';

-- ----------------------------
-- Records of sys_dept
-- ----------------------------
INSERT INTO `sys_dept` VALUES ('100', '0', '0', '若依科技', '0', '若依', '15888888888', 'ry@qq.com', '0', '0', 'admin', '2018-03-16 11:33:00', 'ry', '2018-03-16 11:33:00');
INSERT INTO `sys_dept` VALUES ('101', '100', '0,100', '深圳总公司', '1', '若依', '15888888888', 'ry@qq.com', '0', '0', 'admin', '2018-03-16 11:33:00', 'ry', '2018-03-16 11:33:00');
INSERT INTO `sys_dept` VALUES ('102', '100', '0,100', '长沙分公司', '2', '若依', '15888888888', 'ry@qq.com', '0', '0', 'admin', '2018-03-16 11:33:00', 'ry', '2018-03-16 11:33:00');
INSERT INTO `sys_dept` VALUES ('103', '101', '0,100,101', '研发部门', '1', '若依', '15888888888', 'ry@qq.com', '0', '0', 'admin', '2018-03-16 11:33:00', 'ry', '2018-03-16 11:33:00');
INSERT INTO `sys_dept` VALUES ('104', '101', '0,100,101', '市场部门', '2', '若依', '15888888888', 'ry@qq.com', '0', '0', 'admin', '2018-03-16 11:33:00', 'ry', '2018-03-16 11:33:00');
INSERT INTO `sys_dept` VALUES ('105', '101', '0,100,101', '测试部门', '3', '若依', '15888888888', 'ry@qq.com', '0', '0', 'admin', '2018-03-16 11:33:00', 'ry', '2018-03-16 11:33:00');
INSERT INTO `sys_dept` VALUES ('106', '101', '0,100,101', '财务部门', '4', '若依', '15888888888', 'ry@qq.com', '0', '0', 'admin', '2018-03-16 11:33:00', 'ry', '2018-03-16 11:33:00');
INSERT INTO `sys_dept` VALUES ('107', '101', '0,100,101', '运维部门', '5', '若依', '15888888888', 'ry@qq.com', '0', '0', 'admin', '2018-03-16 11:33:00', 'ry', '2018-03-16 11:33:00');
INSERT INTO `sys_dept` VALUES ('108', '102', '0,100,102', '市场部门', '1', '若依', '15888888888', 'ry@qq.com', '0', '0', 'admin', '2018-03-16 11:33:00', 'ry', '2018-03-16 11:33:00');
INSERT INTO `sys_dept` VALUES ('109', '102', '0,100,102', '财务部门', '2', '若依', '15888888888', 'ry@qq.com', '0', '0', 'admin', '2018-03-16 11:33:00', 'ry', '2018-03-16 11:33:00');

-- ----------------------------
-- Table structure for sys_dict_data
-- ----------------------------
DROP TABLE IF EXISTS `sys_dict_data`;
CREATE TABLE `sys_dict_data` (
  `dict_code` bigint(20) NOT NULL AUTO_INCREMENT COMMENT '字典编码',
  `dict_sort` int(4) DEFAULT '0' COMMENT '字典排序',
  `dict_label` varchar(100) DEFAULT '' COMMENT '字典标签',
  `dict_value` varchar(100) DEFAULT '' COMMENT '字典键值',
  `dict_type` varchar(100) DEFAULT '' COMMENT '字典类型',
  `css_class` varchar(100) DEFAULT NULL COMMENT '样式属性（其他样式扩展）',
  `list_class` varchar(100) DEFAULT NULL COMMENT '表格回显样式',
  `is_default` char(1) DEFAULT 'N' COMMENT '是否默认（Y是 N否）',
  `status` char(1) DEFAULT '0' COMMENT '状态（0正常 1停用）',
  `create_by` varchar(64) DEFAULT '' COMMENT '创建者',
  `create_time` datetime DEFAULT NULL COMMENT '创建时间',
  `update_by` varchar(64) DEFAULT '' COMMENT '更新者',
  `update_time` datetime DEFAULT NULL COMMENT '更新时间',
  `remark` varchar(500) DEFAULT NULL COMMENT '备注',
  PRIMARY KEY (`dict_code`)
) ENGINE=InnoDB AUTO_INCREMENT=177 DEFAULT CHARSET=utf8 COMMENT='字典数据表';

-- ----------------------------
-- Records of sys_dict_data
-- ----------------------------
INSERT INTO `sys_dict_data` VALUES ('1', '1', '男', '0', 'sys_user_sex', '', '', 'Y', '0', 'admin', '2018-03-16 11:33:00', 'ry', '2018-03-16 11:33:00', '性别男');
INSERT INTO `sys_dict_data` VALUES ('2', '2', '女', '1', 'sys_user_sex', '', '', 'N', '0', 'admin', '2018-03-16 11:33:00', 'ry', '2018-03-16 11:33:00', '性别女');
INSERT INTO `sys_dict_data` VALUES ('3', '3', '未知', '2', 'sys_user_sex', '', '', 'N', '0', 'admin', '2018-03-16 11:33:00', 'ry', '2018-03-16 11:33:00', '性别未知');
INSERT INTO `sys_dict_data` VALUES ('4', '1', '显示', '0', 'sys_show_hide', '', 'primary', 'Y', '0', 'admin', '2018-03-16 11:33:00', 'ry', '2018-03-16 11:33:00', '显示菜单');
INSERT INTO `sys_dict_data` VALUES ('5', '2', '隐藏', '1', 'sys_show_hide', '', 'danger', 'N', '0', 'admin', '2018-03-16 11:33:00', 'ry', '2018-03-16 11:33:00', '隐藏菜单');
INSERT INTO `sys_dict_data` VALUES ('6', '1', '正常', '0', 'sys_normal_disable', '', 'primary', 'Y', '0', 'admin', '2018-03-16 11:33:00', 'ry', '2018-03-16 11:33:00', '正常状态');
INSERT INTO `sys_dict_data` VALUES ('7', '2', '停用', '1', 'sys_normal_disable', '', 'danger', 'N', '0', 'admin', '2018-03-16 11:33:00', 'ry', '2018-03-16 11:33:00', '停用状态');
INSERT INTO `sys_dict_data` VALUES ('8', '1', '正常', '0', 'sys_job_status', '', 'primary', 'Y', '0', 'admin', '2018-03-16 11:33:00', 'ry', '2018-03-16 11:33:00', '正常状态');
INSERT INTO `sys_dict_data` VALUES ('9', '2', '暂停', '1', 'sys_job_status', '', 'danger', 'N', '0', 'admin', '2018-03-16 11:33:00', 'ry', '2018-03-16 11:33:00', '停用状态');
INSERT INTO `sys_dict_data` VALUES ('10', '1', '默认', 'DEFAULT', 'sys_job_group', '', '', 'Y', '0', 'admin', '2018-03-16 11:33:00', 'ry', '2018-03-16 11:33:00', '默认分组');
INSERT INTO `sys_dict_data` VALUES ('11', '2', '系统', 'SYSTEM', 'sys_job_group', '', '', 'N', '0', 'admin', '2018-03-16 11:33:00', 'ry', '2018-03-16 11:33:00', '系统分组');
INSERT INTO `sys_dict_data` VALUES ('12', '1', '是', 'Y', 'sys_yes_no', '', 'primary', 'Y', '0', 'admin', '2018-03-16 11:33:00', 'ry', '2018-03-16 11:33:00', '系统默认是');
INSERT INTO `sys_dict_data` VALUES ('13', '2', '否', 'N', 'sys_yes_no', '', 'danger', 'N', '0', 'admin', '2018-03-16 11:33:00', 'ry', '2018-03-16 11:33:00', '系统默认否');
INSERT INTO `sys_dict_data` VALUES ('14', '1', '通知', '1', 'sys_notice_type', '', 'warning', 'Y', '0', 'admin', '2018-03-16 11:33:00', 'ry', '2018-03-16 11:33:00', '通知');
INSERT INTO `sys_dict_data` VALUES ('15', '2', '公告', '2', 'sys_notice_type', '', 'success', 'N', '0', 'admin', '2018-03-16 11:33:00', 'ry', '2018-03-16 11:33:00', '公告');
INSERT INTO `sys_dict_data` VALUES ('16', '1', '正常', '0', 'sys_notice_status', '', 'primary', 'Y', '0', 'admin', '2018-03-16 11:33:00', 'ry', '2018-03-16 11:33:00', '正常状态');
INSERT INTO `sys_dict_data` VALUES ('17', '2', '关闭', '1', 'sys_notice_status', '', 'danger', 'N', '0', 'admin', '2018-03-16 11:33:00', 'ry', '2018-03-16 11:33:00', '关闭状态');
INSERT INTO `sys_dict_data` VALUES ('18', '1', '新增', '1', 'sys_oper_type', '', 'info', 'N', '0', 'admin', '2018-03-16 11:33:00', 'ry', '2018-03-16 11:33:00', '新增操作');
INSERT INTO `sys_dict_data` VALUES ('19', '2', '修改', '2', 'sys_oper_type', '', 'info', 'N', '0', 'admin', '2018-03-16 11:33:00', 'ry', '2018-03-16 11:33:00', '修改操作');
INSERT INTO `sys_dict_data` VALUES ('20', '3', '删除', '3', 'sys_oper_type', '', 'danger', 'N', '0', 'admin', '2018-03-16 11:33:00', 'ry', '2018-03-16 11:33:00', '删除操作');
INSERT INTO `sys_dict_data` VALUES ('21', '4', '授权', '4', 'sys_oper_type', '', 'primary', 'N', '0', 'admin', '2018-03-16 11:33:00', 'ry', '2018-03-16 11:33:00', '授权操作');
INSERT INTO `sys_dict_data` VALUES ('22', '5', '导出', '5', 'sys_oper_type', '', 'warning', 'N', '0', 'admin', '2018-03-16 11:33:00', 'ry', '2018-03-16 11:33:00', '导出操作');
INSERT INTO `sys_dict_data` VALUES ('23', '6', '导入', '6', 'sys_oper_type', '', 'warning', 'N', '0', 'admin', '2018-03-16 11:33:00', 'ry', '2018-03-16 11:33:00', '导入操作');
INSERT INTO `sys_dict_data` VALUES ('24', '7', '强退', '7', 'sys_oper_type', '', 'danger', 'N', '0', 'admin', '2018-03-16 11:33:00', 'ry', '2018-03-16 11:33:00', '强退操作');
INSERT INTO `sys_dict_data` VALUES ('25', '8', '生成代码', '8', 'sys_oper_type', '', 'warning', 'N', '0', 'admin', '2018-03-16 11:33:00', 'ry', '2018-03-16 11:33:00', '生成操作');
INSERT INTO `sys_dict_data` VALUES ('26', '9', '清空数据', '9', 'sys_oper_type', '', 'danger', 'N', '0', 'admin', '2018-03-16 11:33:00', 'ry', '2018-03-16 11:33:00', '清空操作');
INSERT INTO `sys_dict_data` VALUES ('27', '1', '成功', '0', 'sys_common_status', '', 'primary', 'N', '0', 'admin', '2018-03-16 11:33:00', 'ry', '2018-03-16 11:33:00', '正常状态');
INSERT INTO `sys_dict_data` VALUES ('28', '2', '失败', '1', 'sys_common_status', '', 'danger', 'N', '0', 'admin', '2018-03-16 11:33:00', 'ry', '2018-03-16 11:33:00', '停用状态');
INSERT INTO `sys_dict_data` VALUES ('31', '1', '待审核', '0', 'audit_state', '', 'info', 'Y', '0', 'admin', '2018-03-16 11:33:00', 'ry', '2018-03-16 11:33:00', '待审核状态');
INSERT INTO `sys_dict_data` VALUES ('32', '2', '审核通过', '1', 'audit_state', '', 'primary', 'N', '0', 'admin', '2018-03-16 11:33:00', 'ry', '2018-03-16 11:33:00', '审核通过状态');
INSERT INTO `sys_dict_data` VALUES ('33', '3', '审核未通过', '2', 'audit_state', '', 'danger', 'N', '0', 'admin', '2019-10-11 21:48:39', 'admin', '2019-10-12 17:12:43', '未通过状态');
INSERT INTO `sys_dict_data` VALUES ('100', '1', '人脸检测', 'faceDetect', 'ai_type', null, null, 'Y', '0', 'admin', '2019-10-12 17:57:10', '', null, null);
INSERT INTO `sys_dict_data` VALUES ('101', '2', '植物识别', 'plant', 'ai_type', null, null, 'Y', '0', 'admin', '2019-10-12 17:57:25', '', null, null);
INSERT INTO `sys_dict_data` VALUES ('102', '3', '银行卡识别', 'bankCard', 'ai_type', null, null, 'Y', '0', 'admin', '2019-10-12 17:57:37', '', null, null);
INSERT INTO `sys_dict_data` VALUES ('103', '4', '身份证识别', 'idCard', 'ai_type', null, null, 'Y', '0', 'admin', '2019-10-12 17:57:48', '', null, null);
INSERT INTO `sys_dict_data` VALUES ('104', '5', '车牌号识别', 'plate', 'ai_type', null, null, 'Y', '0', 'admin', '2019-10-12 17:58:01', '', null, null);
INSERT INTO `sys_dict_data` VALUES ('105', '6', '驾驶证识别', 'driver', 'ai_type', null, null, 'Y', '0', 'admin', '2019-10-12 17:58:14', '', null, null);
INSERT INTO `sys_dict_data` VALUES ('106', '7', '动物识别', 'animal', 'ai_type', null, null, 'Y', '0', 'admin', '2019-10-12 17:58:26', '', null, null);
INSERT INTO `sys_dict_data` VALUES ('107', '8', '车型识别', 'car', 'ai_type', '', '', 'Y', '0', 'admin', '2019-10-12 17:58:43', 'admin', '2019-10-12 17:58:58', '');
INSERT INTO `sys_dict_data` VALUES ('108', '9', '菜品识别', 'dish', 'ai_type', null, null, 'Y', '0', 'admin', '2019-10-12 17:59:09', '', null, null);
INSERT INTO `sys_dict_data` VALUES ('109', '10', '通用文字识别', 'general_basic', 'ai_type', null, null, 'Y', '0', 'admin', '2019-10-12 17:59:21', '', null, null);
INSERT INTO `sys_dict_data` VALUES ('110', '1', '头条', 'top', 'article_region', '', '', 'N', '0', 'admin', '2019-10-12 17:59:21', '', '2019-10-12 17:58:58', '');
INSERT INTO `sys_dict_data` VALUES ('111', '2', '热门', 'hot', 'article_region', '', '', 'N', '0', 'admin', '2019-10-12 17:59:21', '', '2019-10-12 17:58:58', '');
INSERT INTO `sys_dict_data` VALUES ('112', '3', '精选推荐', 'recommend', 'article_region', '', '', 'N', '0', 'admin', '2019-10-12 17:59:21', '', '2019-10-12 17:58:58', '');
INSERT INTO `sys_dict_data` VALUES ('113', '4', '评论最多', 'most_comment', 'article_region', '', '', 'N', '0', 'admin', '2019-10-12 17:59:21', '', '2019-10-12 17:58:58', '');
INSERT INTO `sys_dict_data` VALUES ('114', '5', '最新', 'new', 'article_region', '', '', 'Y', '0', 'admin', '2019-10-12 17:59:21', '', '2019-10-12 17:58:58', '');
INSERT INTO `sys_dict_data` VALUES ('115', '1', '系统标签', 's', 'tags_type', null, 'primary', 'Y', '0', '', null, '', null, null);
INSERT INTO `sys_dict_data` VALUES ('116', '2', '个人标签', 'p', 'tags_type', null, 'danger', 'N', '0', '', null, '', null, null);
INSERT INTO `sys_dict_data` VALUES ('117', '3', '博客标签', 'blogTab', 'tags_type', null, 'success', 'N', '0', '', null, '', null, null);
INSERT INTO `sys_dict_data` VALUES ('118', '1', '多骨鱼', 'duoguyu', 'article_model', null, 'success', 'Y', '0', '', null, '', null, null);
INSERT INTO `sys_dict_data` VALUES ('119', '2', '其它', 'other', 'article_model', null, 'danger', 'N', '0', '', null, '', null, null);
INSERT INTO `sys_dict_data` VALUES ('120', '1', '未发送', '0', 'send_flag', '', 'info', 'Y', '0', 'admin', '2019-10-11 21:48:39', 'admin', '2019-10-12 17:12:43', '');
INSERT INTO `sys_dict_data` VALUES ('121', '2', '已发送', '1', 'send_flag', '', 'success', 'N', '0', 'admin', '2019-10-11 21:49:00', 'admin', '2019-10-12 17:12:50', '');
INSERT INTO `sys_dict_data` VALUES ('122', '1', '立即', '0', 'send_type', '', 'info', 'Y', '0', 'admin', '2019-10-11 21:48:39', 'admin', '2019-10-12 17:12:43', '');
INSERT INTO `sys_dict_data` VALUES ('123', '2', '定时', '1', 'send_type', '', 'success', 'N', '0', 'admin', '2019-10-11 21:49:00', 'admin', '2019-10-12 17:12:50', '');
INSERT INTO `sys_dict_data` VALUES ('124', '1', '草稿', '0', 'sys_available_status', '', 'primary', 'Y', '0', 'admin', '2018-03-16 11:33:00', 'ry', '2018-03-16 11:33:00', '草稿状态');
INSERT INTO `sys_dict_data` VALUES ('125', '2', '已审核', '1', 'sys_available_status', '', 'primary', 'N', '0', 'admin', '2018-03-16 11:33:00', 'ry', '2018-03-16 11:33:00', '已审核状态');
INSERT INTO `sys_dict_data` VALUES ('126', '3', '待审核', '2', 'sys_available_status', '', 'primary', 'N', '0', 'admin', '2018-03-16 11:33:00', 'ry', '2018-03-16 11:33:00', '待审核状态');
INSERT INTO `sys_dict_data` VALUES ('127', '1', '未使用', '0', 'use_state', '', 'primary', 'N', '0', 'admin', '2018-03-16 11:33:00', 'admin', '2019-11-09 20:34:28', '');
INSERT INTO `sys_dict_data` VALUES ('128', '2', '使用中', '1', 'use_state', '', 'danger', 'Y', '0', 'admin', '2018-03-16 11:33:00', 'admin', '2019-11-09 20:34:41', '');
INSERT INTO `sys_dict_data` VALUES ('129', '1', '图片', '1', 'material_type', '', 'success', 'Y', '0', 'admin', '2018-03-16 11:33:00', 'ry', '2018-03-16 11:33:00', '草稿状态');
INSERT INTO `sys_dict_data` VALUES ('130', '2', '视频', '2', 'material_type', '', 'info', 'N', '0', 'admin', '2018-03-16 11:33:00', 'ry', '2018-03-16 11:33:00', '已审核状态');
INSERT INTO `sys_dict_data` VALUES ('131', '3', '文本', '3', 'material_type', '', 'primary', 'N', '0', 'admin', '2018-03-16 11:33:00', 'ry', '2018-03-16 11:33:00', '待审核状态');
INSERT INTO `sys_dict_data` VALUES ('132', '4', '音频', '4', 'material_type', '', 'danger', 'N', '0', 'admin', '2018-03-16 11:33:00', 'ry', '2018-03-16 11:33:00', '待审核状态');
INSERT INTO `sys_dict_data` VALUES ('133', '5', '压缩', '5', 'material_type', '', 'warning', 'N', '0', 'admin', '2018-03-16 11:33:00', 'ry', '2018-03-16 11:33:00', '待审核状态');
INSERT INTO `sys_dict_data` VALUES ('134', '6', '其它', '6', 'material_type', '', 'default', 'N', '0', 'admin', '2018-03-16 11:33:00', 'ry', '2018-03-16 11:33:00', '待审核状态');
INSERT INTO `sys_dict_data` VALUES ('135', '1', '推送', 'urls', 'baidu_push_type', '', 'primary', 'Y', '0', 'admin', '2018-03-16 11:33:00', 'ry', '2018-03-16 11:33:00', '待审核状态');
INSERT INTO `sys_dict_data` VALUES ('136', '2', '更新', 'update', 'baidu_push_type', '', 'info', 'N', '0', 'admin', '2018-03-16 11:33:00', 'ry', '2018-03-16 11:33:00', '待审核状态');
INSERT INTO `sys_dict_data` VALUES ('137', '3', '删除', 'del', 'baidu_push_type', '', 'danger', 'N', '0', 'admin', '2018-03-16 11:33:00', 'ry', '2018-03-16 11:33:00', '待审核状态');
INSERT INTO `sys_dict_data` VALUES ('138', '1', '相册', 'album', 'album_type', '', 'primary', 'Y', '0', 'admin', '2019-11-08 10:43:57', 'admin', '2019-11-16 18:24:37', '');
INSERT INTO `sys_dict_data` VALUES ('139', '2', 'banner', 'banner', 'album_type', null, 'success', 'Y', '0', 'admin', '2019-11-08 10:44:18', '', null, null);
INSERT INTO `sys_dict_data` VALUES ('140', '1', '待执行', 'wait', 'spider_mission_status', null, 'info', 'Y', '0', 'admin', '2019-11-11 14:23:39', '', null, null);
INSERT INTO `sys_dict_data` VALUES ('141', '2', '执行中', 'running', 'spider_mission_status', null, 'success', 'N', '0', 'admin', '2019-11-11 14:24:20', '', null, null);
INSERT INTO `sys_dict_data` VALUES ('142', '3', '完成', 'done', 'spider_mission_status', null, 'primary', 'N', '0', 'admin', '2019-11-11 14:25:16', '', null, null);
INSERT INTO `sys_dict_data` VALUES ('143', '4', '错误', 'error', 'spider_mission_status', null, 'danger', 'N', '0', 'admin', '2019-11-11 14:26:29', '', null, null);
INSERT INTO `sys_dict_data` VALUES ('144', '1', '默认', 'DEFAULT', 'spider_exit_way', null, 'default', 'Y', '0', 'admin', '2019-11-11 15:02:25', '', null, null);
INSERT INTO `sys_dict_data` VALUES ('145', '2', '持续时间', 'DURATION', 'spider_exit_way', null, 'primary', 'N', '0', 'admin', '2019-11-11 15:04:01', '', null, null);
INSERT INTO `sys_dict_data` VALUES ('146', '3', '链接计数', 'URL_COUNT', 'spider_exit_way', null, 'success', 'N', '0', 'admin', '2019-11-11 15:05:06', '', null, null);
INSERT INTO `sys_dict_data` VALUES ('147', '1', 'Xpath', 'xpath', 'spider_extract_type', null, 'primary', 'Y', '0', 'admin', '2019-11-12 10:14:26', '', null, null);
INSERT INTO `sys_dict_data` VALUES ('148', '2', 'Css', 'css', 'spider_extract_type', null, 'success', 'N', '0', 'admin', '2019-11-12 10:14:42', '', null, null);
INSERT INTO `sys_dict_data` VALUES ('149', '3', '常量', 'constant', 'spider_extract_type', null, 'warning', 'N', '0', 'admin', '2019-11-12 10:15:07', '', null, null);
INSERT INTO `sys_dict_data` VALUES ('150', '1', '替换', 'replace', 'field_value_process_type', null, 'primary', 'Y', '0', 'admin', '2019-11-14 17:01:32', '', null, null);
INSERT INTO `sys_dict_data` VALUES ('151', '2', '截取之前', 'substrbefore', 'field_value_process_type', null, 'success', 'N', '0', 'admin', '2019-11-14 17:01:54', '', null, null);
INSERT INTO `sys_dict_data` VALUES ('152', '3', '截取之后', 'substrafter', 'field_value_process_type', null, 'info', 'N', '0', 'admin', '2019-11-14 17:02:17', '', null, null);
INSERT INTO `sys_dict_data` VALUES ('153', '1', '协议模板', 'xieyi', 'template_type', null, 'primary', 'Y', '0', 'admin', '2019-11-17 12:34:22', '', null, null);
INSERT INTO `sys_dict_data` VALUES ('154', '2', '邮件模板', 'email', 'template_type', null, 'success', 'Y', '0', 'admin', '2019-11-17 12:34:45', '', null, null);
INSERT INTO `sys_dict_data` VALUES ('155', '3', '短信模板', 'sms', 'template_type', null, null, 'Y', '0', 'admin', '2019-11-17 12:35:16', '', null, null);
INSERT INTO `sys_dict_data` VALUES ('156', '1', '系统通知', 'system', 'site_msg_type', null, 'primary', 'Y', '0', 'admin', '2019-11-17 20:01:58', '', null, null);
INSERT INTO `sys_dict_data` VALUES ('157', '2', '私信', 'private', 'site_msg_type', '', 'success', 'N', '0', 'admin', '2019-11-17 20:02:40', 'admin', '2019-11-18 14:06:37', '');
INSERT INTO `sys_dict_data` VALUES ('158', '3', '留言', 'liuyan', 'site_msg_type', '', 'info', 'N', '0', 'admin', '2019-11-18 14:06:23', 'admin', '2019-11-18 14:06:33', '');
INSERT INTO `sys_dict_data` VALUES ('159', '1', '文章评论', 'article', 'cms_comment_type', null, 'primary', 'Y', '0', 'admin', '2019-11-19 16:35:30', '', null, null);
INSERT INTO `sys_dict_data` VALUES ('160', '2', '书籍评论', 'book', 'cms_comment_type', null, 'success', 'N', '0', 'admin', '2019-11-19 16:36:05', '', null, null);
INSERT INTO `sys_dict_data` VALUES ('161', '3', '书籍章节评论', 'chapter', 'cms_comment_type', null, 'info', 'N', '0', 'admin', '2019-11-19 16:37:06', '', null, null);
INSERT INTO `sys_dict_data` VALUES ('162', '4', '系统留言', 'liuyan', 'cms_comment_type', null, 'warning', 'N', '0', 'admin', '2019-11-19 16:37:31', '', null, null);
INSERT INTO `sys_dict_data` VALUES ('163', '1', '免费', '0', 'cms_free', null, 'primary', 'Y', '0', 'admin', '2019-11-23 16:17:07', '', null, null);
INSERT INTO `sys_dict_data` VALUES ('164', '2', '收费', '1', 'cms_free', null, 'success', 'N', '0', 'admin', '2019-11-23 16:17:25', '', null, null);
INSERT INTO `sys_dict_data` VALUES ('165', '1', '直接下载', '0', 'cms_download_type', null, 'default', 'Y', '0', 'admin', '2019-11-23 16:18:35', '', null, null);
INSERT INTO `sys_dict_data` VALUES ('166', '2', '登录下载', '1', 'cms_download_type', null, 'success', 'N', '0', 'admin', '2019-11-23 16:18:55', '', null, null);
INSERT INTO `sys_dict_data` VALUES ('167', '3', '关注后下载', '2', 'cms_download_type', null, 'info', 'N', '0', 'admin', '2019-11-23 16:19:59', '', null, null);
INSERT INTO `sys_dict_data` VALUES ('168', '1', '积分支付', '1', 'cms_pay_type', null, 'primary', 'Y', '0', 'admin', '2019-11-23 16:21:09', '', null, null);
INSERT INTO `sys_dict_data` VALUES ('169', '2', '人民币支付', '2', 'cms_pay_type', null, 'success', 'N', '0', 'admin', '2019-11-23 16:22:02', '', null, null);
INSERT INTO `sys_dict_data` VALUES ('170', '1', '主题模板', '1', 'cms_resource_type', '', 'primary', 'Y', '0', 'admin', '2019-11-23 17:15:03', 'admin', '2019-11-23 17:30:08', '');
INSERT INTO `sys_dict_data` VALUES ('171', '2', '小程序', '2', 'cms_resource_type', null, 'success', 'N', '0', 'admin', '2019-11-23 17:15:19', '', null, null);
INSERT INTO `sys_dict_data` VALUES ('172', '3', '软件', '3', 'cms_resource_type', '', 'info', 'N', '0', 'admin', '2019-11-23 17:16:06', 'admin', '2019-11-23 17:30:14', '');
INSERT INTO `sys_dict_data` VALUES ('173', '1', '电脑', 'Computer', 'client_device_type', null, 'primary', 'Y', '0', 'admin', '2019-11-29 08:42:07', '', null, null);
INSERT INTO `sys_dict_data` VALUES ('174', '2', '手机', 'Mobile', 'client_device_type', null, 'success', 'N', '0', 'admin', '2019-11-29 08:42:26', '', null, null);
INSERT INTO `sys_dict_data` VALUES ('175', '3', '平板', 'Tablet', 'client_device_type', null, 'info', 'N', '0', 'admin', '2019-11-29 08:42:51', '', null, null);
INSERT INTO `sys_dict_data` VALUES ('176', '4', '未知设备', 'Unknown', 'client_device_type', null, 'warning', 'N', '0', 'admin', '2019-11-29 08:43:15', '', null, null);

-- ----------------------------
-- Table structure for sys_dict_type
-- ----------------------------
DROP TABLE IF EXISTS `sys_dict_type`;
CREATE TABLE `sys_dict_type` (
  `dict_id` bigint(20) NOT NULL AUTO_INCREMENT COMMENT '字典主键',
  `dict_name` varchar(100) DEFAULT '' COMMENT '字典名称',
  `dict_type` varchar(100) DEFAULT '' COMMENT '字典类型',
  `status` char(1) DEFAULT '0' COMMENT '状态（0正常 1停用）',
  `create_by` varchar(64) DEFAULT '' COMMENT '创建者',
  `create_time` datetime DEFAULT NULL COMMENT '创建时间',
  `update_by` varchar(64) DEFAULT '' COMMENT '更新者',
  `update_time` datetime DEFAULT NULL COMMENT '更新时间',
  `remark` varchar(500) DEFAULT NULL COMMENT '备注',
  PRIMARY KEY (`dict_id`),
  UNIQUE KEY `dict_type` (`dict_type`) USING BTREE
) ENGINE=InnoDB AUTO_INCREMENT=123 DEFAULT CHARSET=utf8 COMMENT='字典类型表';

-- ----------------------------
-- Records of sys_dict_type
-- ----------------------------
INSERT INTO `sys_dict_type` VALUES ('1', '用户性别', 'sys_user_sex', '0', 'admin', '2018-03-16 11:33:00', 'ry', '2018-03-16 11:33:00', '用户性别列表');
INSERT INTO `sys_dict_type` VALUES ('2', '菜单状态', 'sys_show_hide', '0', 'admin', '2018-03-16 11:33:00', 'ry', '2018-03-16 11:33:00', '菜单状态列表');
INSERT INTO `sys_dict_type` VALUES ('3', '系统开关', 'sys_normal_disable', '0', 'admin', '2018-03-16 11:33:00', 'ry', '2018-03-16 11:33:00', '系统开关列表');
INSERT INTO `sys_dict_type` VALUES ('4', '任务状态', 'sys_job_status', '0', 'admin', '2018-03-16 11:33:00', 'ry', '2018-03-16 11:33:00', '任务状态列表');
INSERT INTO `sys_dict_type` VALUES ('5', '任务分组', 'sys_job_group', '0', 'admin', '2018-03-16 11:33:00', 'ry', '2018-03-16 11:33:00', '任务分组列表');
INSERT INTO `sys_dict_type` VALUES ('6', '系统是否', 'sys_yes_no', '0', 'admin', '2018-03-16 11:33:00', 'ry', '2018-03-16 11:33:00', '系统是否列表');
INSERT INTO `sys_dict_type` VALUES ('7', '通知类型', 'sys_notice_type', '0', 'admin', '2018-03-16 11:33:00', 'ry', '2018-03-16 11:33:00', '通知类型列表');
INSERT INTO `sys_dict_type` VALUES ('8', '通知状态', 'sys_notice_status', '0', 'admin', '2018-03-16 11:33:00', 'ry', '2018-03-16 11:33:00', '通知状态列表');
INSERT INTO `sys_dict_type` VALUES ('9', '操作类型', 'sys_oper_type', '0', 'admin', '2018-03-16 11:33:00', 'ry', '2018-03-16 11:33:00', '操作类型列表');
INSERT INTO `sys_dict_type` VALUES ('10', '系统状态', 'sys_common_status', '0', 'admin', '2018-03-16 11:33:00', 'ry', '2018-03-16 11:33:00', '登录状态列表');
INSERT INTO `sys_dict_type` VALUES ('11', '审核状态', 'audit_state', '0', 'admin', '2018-03-16 11:33:00', 'ry', '2018-03-16 11:33:00', '登录状态列表');
INSERT INTO `sys_dict_type` VALUES ('100', '人工智能识别类型', 'ai_type', '0', 'admin', '2019-10-12 17:55:24', 'ry', '2019-10-28 20:05:34', null);
INSERT INTO `sys_dict_type` VALUES ('101', '文章专区', 'article_region', '0', 'admin', '2019-10-12 17:55:24', 'ry', '2019-10-28 20:05:31', '');
INSERT INTO `sys_dict_type` VALUES ('102', '标签类型', 'tags_type', '0', 'admin', '2019-10-12 17:55:24', 'ry', '2019-10-28 20:05:31', '');
INSERT INTO `sys_dict_type` VALUES ('103', '文章模型', 'article_model', '0', 'admin', '2019-10-12 17:55:24', 'ry', '2019-10-28 20:05:31', '');
INSERT INTO `sys_dict_type` VALUES ('104', '发送标志', 'send_flag', '0', 'admin', '2019-10-12 17:55:24', 'admin', '2019-10-12 17:55:24', null);
INSERT INTO `sys_dict_type` VALUES ('105', '发送类型', 'send_type', '0', 'admin', '2019-10-12 17:55:24', 'admin', '2019-10-12 17:55:24', null);
INSERT INTO `sys_dict_type` VALUES ('106', '文章状态', 'sys_available_status', '0', 'admin', '2019-10-12 17:55:24', 'admin', '2019-10-12 17:55:24', null);
INSERT INTO `sys_dict_type` VALUES ('107', '使用状态', 'use_state', '0', 'admin', '2019-10-12 17:55:24', 'admin', '2019-10-12 17:55:24', null);
INSERT INTO `sys_dict_type` VALUES ('108', '素材类型', 'material_type', '0', 'admin', '2019-10-12 17:55:24', 'admin', '2019-10-12 17:55:24', null);
INSERT INTO `sys_dict_type` VALUES ('109', '百度推送类型', 'baidu_push_type', '0', 'admin', '2019-10-12 17:55:24', 'admin', '2019-10-12 17:55:24', null);
INSERT INTO `sys_dict_type` VALUES ('110', '相册类型', 'album_type', '0', 'admin', '2019-11-08 10:41:04', '', null, '相册类型');
INSERT INTO `sys_dict_type` VALUES ('111', '爬虫任务状态', 'spider_mission_status', '0', 'admin', '2019-11-11 14:22:40', '', null, null);
INSERT INTO `sys_dict_type` VALUES ('112', '爬虫退出方式', 'spider_exit_way', '0', 'admin', '2019-11-11 15:01:27', '', null, null);
INSERT INTO `sys_dict_type` VALUES ('113', '爬虫内容提取类型', 'spider_extract_type', '0', 'admin', '2019-11-12 10:13:40', '', null, null);
INSERT INTO `sys_dict_type` VALUES ('114', '爬虫值处理规则', 'field_value_process_type', '0', 'admin', '2019-11-14 17:01:07', '', null, '爬虫字段值处理规则');
INSERT INTO `sys_dict_type` VALUES ('115', '模板分类', 'template_type', '0', 'admin', '2019-11-17 12:33:38', '', null, null);
INSERT INTO `sys_dict_type` VALUES ('116', '站内消息类型', 'site_msg_type', '0', 'admin', '2019-11-17 20:01:30', '', null, null);
INSERT INTO `sys_dict_type` VALUES ('117', '评论类型', 'cms_comment_type', '0', 'admin', '2019-11-19 16:35:02', '', null, null);
INSERT INTO `sys_dict_type` VALUES ('118', '收/免费标志', 'cms_free', '0', 'admin', '2019-11-23 16:16:43', '', null, null);
INSERT INTO `sys_dict_type` VALUES ('119', '资源下载类型', 'cms_download_type', '0', 'admin', '2019-11-23 16:17:59', '', null, null);
INSERT INTO `sys_dict_type` VALUES ('120', '支付类型', 'cms_pay_type', '0', 'admin', '2019-11-23 16:20:42', '', null, null);
INSERT INTO `sys_dict_type` VALUES ('121', '资源类型', 'cms_resource_type', '0', 'admin', '2019-11-23 17:14:36', '', null, null);
INSERT INTO `sys_dict_type` VALUES ('122', '客户端设备类型', 'client_device_type', '0', 'admin', '2019-11-29 08:41:28', '', null, null);

-- ----------------------------
-- Table structure for sys_job
-- ----------------------------
DROP TABLE IF EXISTS `sys_job`;
CREATE TABLE `sys_job` (
  `job_id` bigint(20) NOT NULL AUTO_INCREMENT COMMENT '任务ID',
  `job_name` varchar(64) NOT NULL DEFAULT '' COMMENT '任务名称',
  `job_group` varchar(64) NOT NULL DEFAULT 'DEFAULT' COMMENT '任务组名',
  `invoke_target` varchar(500) NOT NULL COMMENT '调用目标字符串',
  `cron_expression` varchar(255) DEFAULT '' COMMENT 'cron执行表达式',
  `misfire_policy` varchar(20) DEFAULT '3' COMMENT '计划执行错误策略（1立即执行 2执行一次 3放弃执行）',
  `concurrent` char(1) DEFAULT '1' COMMENT '是否并发执行（0允许 1禁止）',
  `status` char(1) DEFAULT '0' COMMENT '状态（0正常 1暂停）',
  `create_by` varchar(64) DEFAULT '' COMMENT '创建者',
  `create_time` datetime DEFAULT NULL COMMENT '创建时间',
  `update_by` varchar(64) DEFAULT '' COMMENT '更新者',
  `update_time` datetime DEFAULT NULL COMMENT '更新时间',
  `remark` varchar(500) DEFAULT '' COMMENT '备注信息',
  PRIMARY KEY (`job_id`,`job_name`,`job_group`)
) ENGINE=InnoDB AUTO_INCREMENT=5 DEFAULT CHARSET=utf8 COMMENT='定时任务调度表';

-- ----------------------------
-- Records of sys_job
-- ----------------------------
INSERT INTO `sys_job` VALUES ('1', '系统默认（无参）', 'DEFAULT', 'ryTask.ryNoParams', '0/10 * * * * ?', '3', '1', '1', 'admin', '2018-03-16 11:33:00', 'ry', '2018-03-16 11:33:00', '');
INSERT INTO `sys_job` VALUES ('2', '系统默认（有参）', 'DEFAULT', 'ryTask.ryParams(\'ry\')', '0/15 * * * * ?', '3', '1', '1', 'admin', '2018-03-16 11:33:00', 'ry', '2018-03-16 11:33:00', '');
INSERT INTO `sys_job` VALUES ('3', '系统默认（多参）', 'DEFAULT', 'ryTask.ryMultipleParams(\'ry\', true, 2000L, 316.50D, 100)', '0/20 * * * * ?', '3', '1', '1', 'admin', '2018-03-16 11:33:00', 'ry', '2018-03-16 11:33:00', '');
INSERT INTO `sys_job` VALUES ('4', '数据库备份任务', 'SYSTEM', 'ryTask.backupDB', '0 0 0 * * ?', '3', '1', '1', 'admin', '2018-03-16 11:33:00', 'ry', '2019-11-04 09:01:16', '每天0点备份数据库');

-- ----------------------------
-- Table structure for sys_job_log
-- ----------------------------
DROP TABLE IF EXISTS `sys_job_log`;
CREATE TABLE `sys_job_log` (
  `job_log_id` bigint(20) NOT NULL AUTO_INCREMENT COMMENT '任务日志ID',
  `job_name` varchar(64) NOT NULL COMMENT '任务名称',
  `job_group` varchar(64) NOT NULL COMMENT '任务组名',
  `invoke_target` varchar(500) NOT NULL COMMENT '调用目标字符串',
  `job_message` varchar(500) DEFAULT NULL COMMENT '日志信息',
  `status` char(1) DEFAULT '0' COMMENT '执行状态（0正常 1失败）',
  `exception_info` varchar(2000) DEFAULT '' COMMENT '异常信息',
  `create_time` datetime DEFAULT NULL COMMENT '创建时间',
  PRIMARY KEY (`job_log_id`)
) ENGINE=InnoDB AUTO_INCREMENT=6 DEFAULT CHARSET=utf8 COMMENT='定时任务调度日志表';

-- ----------------------------
-- Records of sys_job_log
-- ----------------------------
INSERT INTO `sys_job_log` VALUES ('1', '数据库备份任务', 'SYSTEM', 'ryTask.backupDB', '数据库备份任务 总共耗时：2377毫秒', '0', '', '2019-11-29 23:04:05');
INSERT INTO `sys_job_log` VALUES ('2', '数据库备份任务', 'SYSTEM', 'ryTask.backupDB', '数据库备份任务 总共耗时：1343毫秒', '0', '', '2019-11-29 23:04:17');
INSERT INTO `sys_job_log` VALUES ('3', '数据库备份任务', 'SYSTEM', 'ryTask.backupDB', '数据库备份任务 总共耗时：1793毫秒', '0', '', '2019-11-30 17:12:06');
INSERT INTO `sys_job_log` VALUES ('4', '数据库备份任务', 'SYSTEM', 'ryTask.backupDB', '数据库备份任务 总共耗时：2681毫秒', '0', '', '2019-12-04 08:25:10');
INSERT INTO `sys_job_log` VALUES ('5', '数据库备份任务', 'SYSTEM', 'ryTask.backupDB', '数据库备份任务 总共耗时：1517毫秒', '0', '', '2019-12-04 08:25:22');

-- ----------------------------
-- Table structure for sys_logininfor
-- ----------------------------
DROP TABLE IF EXISTS `sys_logininfor`;
CREATE TABLE `sys_logininfor` (
  `info_id` bigint(20) NOT NULL AUTO_INCREMENT COMMENT '访问ID',
  `login_name` varchar(50) DEFAULT '' COMMENT '登录账号',
  `ipaddr` varchar(50) DEFAULT '' COMMENT '登录IP地址',
  `login_location` varchar(255) DEFAULT '' COMMENT '登录地点',
  `browser` varchar(50) DEFAULT '' COMMENT '浏览器类型',
  `os` varchar(50) DEFAULT '' COMMENT '操作系统',
  `status` char(1) DEFAULT '0' COMMENT '登录状态（0成功 1失败）',
  `msg` varchar(255) DEFAULT '' COMMENT '提示消息',
  `login_time` datetime DEFAULT NULL COMMENT '访问时间',
  PRIMARY KEY (`info_id`)
) ENGINE=InnoDB AUTO_INCREMENT=123 DEFAULT CHARSET=utf8 COMMENT='系统访问记录';

-- ----------------------------
-- Records of sys_logininfor
-- ----------------------------
INSERT INTO `sys_logininfor` VALUES ('100', 'admin', '127.0.0.1', '内网IP', 'Chrome', 'Windows 10', '0', '登录成功', '2019-11-29 21:31:20');
INSERT INTO `sys_logininfor` VALUES ('101', 'admin', '127.0.0.1', '内网IP', 'Chrome', 'Windows 10', '0', '退出成功', '2019-11-29 22:55:43');
INSERT INTO `sys_logininfor` VALUES ('102', 'admin', '127.0.0.1', '内网IP', 'Chrome', 'Windows 10', '0', '登录成功', '2019-11-29 22:55:57');
INSERT INTO `sys_logininfor` VALUES ('103', 'admin', '127.0.0.1', '内网IP', 'Chrome', 'Windows 10', '0', '退出成功', '2019-11-29 22:56:03');
INSERT INTO `sys_logininfor` VALUES ('104', 'admin', '127.0.0.1', '内网IP', 'Chrome', 'Windows 10', '0', '登录成功', '2019-11-29 22:56:04');
INSERT INTO `sys_logininfor` VALUES ('105', 'admin', '127.0.0.1', '内网IP', 'Chrome', 'Windows 10', '0', '退出成功', '2019-11-29 22:56:13');
INSERT INTO `sys_logininfor` VALUES ('106', 'admin', '127.0.0.1', '内网IP', 'Chrome', 'Windows 10', '0', '登录成功', '2019-11-29 22:56:20');
INSERT INTO `sys_logininfor` VALUES ('107', 'admin', '127.0.0.1', '内网IP', 'Chrome', 'Windows 10', '0', '退出成功', '2019-11-29 22:56:42');
INSERT INTO `sys_logininfor` VALUES ('108', 'admin', '127.0.0.1', '内网IP', 'Chrome', 'Windows 10', '0', '登录成功', '2019-11-29 22:57:06');
INSERT INTO `sys_logininfor` VALUES ('109', 'admin', '127.0.0.1', '内网IP', 'Chrome', 'Windows 10', '0', '退出成功', '2019-11-29 22:57:46');
INSERT INTO `sys_logininfor` VALUES ('110', 'admin', '127.0.0.1', '内网IP', 'Chrome', 'Windows 10', '0', '登录成功', '2019-11-29 22:57:47');
INSERT INTO `sys_logininfor` VALUES ('111', 'admin', '127.0.0.1', '内网IP', 'Chrome', 'Windows 10', '0', '退出成功', '2019-11-29 23:06:25');
INSERT INTO `sys_logininfor` VALUES ('112', 'admin', '127.0.0.1', '内网IP', 'Chrome', 'Windows 10', '0', '登录成功', '2019-11-29 23:07:06');
INSERT INTO `sys_logininfor` VALUES ('113', 'admin', '127.0.0.1', '内网IP', 'Chrome', 'Windows 10', '0', '退出成功', '2019-11-29 23:07:16');
INSERT INTO `sys_logininfor` VALUES ('114', 'admin', '127.0.0.1', '内网IP', 'Chrome', 'Windows 10', '0', '登录成功', '2019-11-29 23:07:20');
INSERT INTO `sys_logininfor` VALUES ('115', 'admin', '127.0.0.1', '内网IP', 'Chrome', 'Windows 10', '0', '退出成功', '2019-11-29 23:07:22');
INSERT INTO `sys_logininfor` VALUES ('116', 'admin', '127.0.0.1', '内网IP', 'Chrome', 'Windows 10', '0', '登录成功', '2019-11-29 23:07:30');
INSERT INTO `sys_logininfor` VALUES ('117', 'admin', '127.0.0.1', '内网IP', 'Chrome', 'Windows 10', '0', '退出成功', '2019-11-30 19:00:02');
INSERT INTO `sys_logininfor` VALUES ('118', 'admin', '127.0.0.1', '内网IP', 'Chrome', 'Windows 10', '0', '登录成功', '2019-11-30 19:00:08');
INSERT INTO `sys_logininfor` VALUES ('119', 'admin', '127.0.0.1', '内网IP', 'Chrome', 'Windows 10', '0', '登录成功', '2019-12-01 22:33:58');
INSERT INTO `sys_logininfor` VALUES ('120', 'admin', '127.0.0.1', '内网IP', 'Chrome', 'Windows 7', '0', '登录成功', '2019-12-03 15:22:43');
INSERT INTO `sys_logininfor` VALUES ('121', 'admin', '127.0.0.1', '内网IP', 'Chrome', 'Windows 7', '0', '退出成功', '2019-12-04 08:32:49');
INSERT INTO `sys_logininfor` VALUES ('122', 'admin', '127.0.0.1', '内网IP', 'Chrome', 'Windows 7', '0', '登录成功', '2019-12-04 08:32:51');

-- ----------------------------
-- Table structure for sys_menu
-- ----------------------------
DROP TABLE IF EXISTS `sys_menu`;
CREATE TABLE `sys_menu` (
  `menu_id` bigint(20) NOT NULL AUTO_INCREMENT COMMENT '菜单ID',
  `menu_name` varchar(50) NOT NULL COMMENT '菜单名称',
  `parent_id` bigint(20) DEFAULT '0' COMMENT '父菜单ID',
  `order_num` int(4) DEFAULT '0' COMMENT '显示顺序',
  `url` varchar(200) DEFAULT '#' COMMENT '请求地址',
  `target` varchar(20) DEFAULT '' COMMENT '打开方式（menuItem页签 menuBlank新窗口）',
  `menu_type` char(1) DEFAULT '' COMMENT '菜单类型（M目录 C菜单 F按钮）',
  `visible` char(1) DEFAULT '0' COMMENT '菜单状态（0显示 1隐藏）',
  `perms` varchar(100) DEFAULT NULL COMMENT '权限标识',
  `icon` varchar(100) DEFAULT '#' COMMENT '菜单图标',
  `create_by` varchar(64) DEFAULT '' COMMENT '创建者',
  `create_time` datetime DEFAULT NULL COMMENT '创建时间',
  `update_by` varchar(64) DEFAULT '' COMMENT '更新者',
  `update_time` datetime DEFAULT NULL COMMENT '更新时间',
  `remark` varchar(500) DEFAULT '' COMMENT '备注',
  PRIMARY KEY (`menu_id`)
) ENGINE=InnoDB AUTO_INCREMENT=3096 DEFAULT CHARSET=utf8 COMMENT='菜单权限表';

-- ----------------------------
-- Records of sys_menu
-- ----------------------------
INSERT INTO `sys_menu` VALUES ('1', '系统管理', '0', '1', '#', '', 'M', '0', '', 'fa fa-gear', 'admin', '2018-03-16 11:33:00', 'ry', '2018-03-16 11:33:00', '系统管理目录');
INSERT INTO `sys_menu` VALUES ('2', '系统监控', '0', '2', '#', 'menuItem', 'M', '0', '', 'fa fa-video-camera', 'admin', '2018-03-16 11:33:00', 'admin', '2019-10-08 16:16:01', '系统监控目录');
INSERT INTO `sys_menu` VALUES ('3', '系统工具', '0', '3', '#', '', 'M', '0', '', 'fa fa-bars', 'admin', '2018-03-16 11:33:00', 'ry', '2018-03-16 11:33:00', '系统工具目录');
INSERT INTO `sys_menu` VALUES ('100', '用户管理', '1', '1', '/system/user', '', 'C', '0', 'system:user:view', '#', 'admin', '2018-03-16 11:33:00', 'ry', '2018-03-16 11:33:00', '用户管理菜单');
INSERT INTO `sys_menu` VALUES ('101', '角色管理', '1', '2', '/system/role', '', 'C', '0', 'system:role:view', '#', 'admin', '2018-03-16 11:33:00', 'ry', '2018-03-16 11:33:00', '角色管理菜单');
INSERT INTO `sys_menu` VALUES ('102', '菜单管理', '1', '3', '/system/menu', '', 'C', '0', 'system:menu:view', '#', 'admin', '2018-03-16 11:33:00', 'ry', '2018-03-16 11:33:00', '菜单管理菜单');
INSERT INTO `sys_menu` VALUES ('103', '部门管理', '1', '4', '/system/dept', '', 'C', '0', 'system:dept:view', '#', 'admin', '2018-03-16 11:33:00', 'ry', '2018-03-16 11:33:00', '部门管理菜单');
INSERT INTO `sys_menu` VALUES ('104', '岗位管理', '1', '5', '/system/post', '', 'C', '0', 'system:post:view', '#', 'admin', '2018-03-16 11:33:00', 'ry', '2018-03-16 11:33:00', '岗位管理菜单');
INSERT INTO `sys_menu` VALUES ('105', '字典管理', '1', '6', '/system/dict', '', 'C', '0', 'system:dict:view', '#', 'admin', '2018-03-16 11:33:00', 'ry', '2018-03-16 11:33:00', '字典管理菜单');
INSERT INTO `sys_menu` VALUES ('106', '参数设置', '1', '7', '/system/config', '', 'C', '0', 'system:config:view', '#', 'admin', '2018-03-16 11:33:00', 'ry', '2018-03-16 11:33:00', '参数设置菜单');
INSERT INTO `sys_menu` VALUES ('107', '通知公告', '1', '8', '/system/notice', '', 'C', '0', 'system:notice:view', '#', 'admin', '2018-03-16 11:33:00', 'ry', '2018-03-16 11:33:00', '通知公告菜单');
INSERT INTO `sys_menu` VALUES ('108', '日志管理', '1', '9', '#', '', 'M', '0', '', '#', 'admin', '2018-03-16 11:33:00', 'ry', '2018-03-16 11:33:00', '日志管理菜单');
INSERT INTO `sys_menu` VALUES ('109', '在线用户', '2', '1', '/monitor/online', '', 'C', '0', 'monitor:online:view', '#', 'admin', '2018-03-16 11:33:00', 'ry', '2018-03-16 11:33:00', '在线用户菜单');
INSERT INTO `sys_menu` VALUES ('110', '定时任务', '2', '2', '/monitor/job', '', 'C', '0', 'monitor:job:view', '#', 'admin', '2018-03-16 11:33:00', 'ry', '2018-03-16 11:33:00', '定时任务菜单');
INSERT INTO `sys_menu` VALUES ('111', '数据监控', '2', '3', '/monitor/data', '', 'C', '0', 'monitor:data:view', '#', 'admin', '2018-03-16 11:33:00', 'ry', '2018-03-16 11:33:00', '数据监控菜单');
INSERT INTO `sys_menu` VALUES ('112', '服务监控', '2', '3', '/monitor/server', '', 'C', '0', 'monitor:server:view', '#', 'admin', '2018-03-16 11:33:00', 'ry', '2018-03-16 11:33:00', '服务监控菜单');
INSERT INTO `sys_menu` VALUES ('113', '表单构建', '3', '1', '/tool/build', '', 'C', '0', 'tool:build:view', '#', 'admin', '2018-03-16 11:33:00', 'ry', '2018-03-16 11:33:00', '表单构建菜单');
INSERT INTO `sys_menu` VALUES ('114', '代码生成', '3', '2', '/tool/gen', '', 'C', '0', 'tool:gen:view', '#', 'admin', '2018-03-16 11:33:00', 'ry', '2018-03-16 11:33:00', '代码生成菜单');
INSERT INTO `sys_menu` VALUES ('115', '系统接口', '3', '3', '/tool/swagger', '', 'C', '0', 'tool:swagger:view', '#', 'admin', '2018-03-16 11:33:00', 'ry', '2018-03-16 11:33:00', '系统接口菜单');
INSERT INTO `sys_menu` VALUES ('500', '操作日志', '108', '1', '/monitor/operlog', '', 'C', '0', 'monitor:operlog:view', '#', 'admin', '2018-03-16 11:33:00', 'ry', '2018-03-16 11:33:00', '操作日志菜单');
INSERT INTO `sys_menu` VALUES ('501', '登录日志', '108', '2', '/monitor/logininfor', '', 'C', '0', 'monitor:logininfor:view', '#', 'admin', '2018-03-16 11:33:00', 'ry', '2018-03-16 11:33:00', '登录日志菜单');
INSERT INTO `sys_menu` VALUES ('1000', '用户查询', '100', '1', '#', '', 'F', '0', 'system:user:list', '#', 'admin', '2018-03-16 11:33:00', 'ry', '2018-03-16 11:33:00', '');
INSERT INTO `sys_menu` VALUES ('1001', '用户新增', '100', '2', '#', '', 'F', '0', 'system:user:add', '#', 'admin', '2018-03-16 11:33:00', 'ry', '2018-03-16 11:33:00', '');
INSERT INTO `sys_menu` VALUES ('1002', '用户修改', '100', '3', '#', '', 'F', '0', 'system:user:edit', '#', 'admin', '2018-03-16 11:33:00', 'ry', '2018-03-16 11:33:00', '');
INSERT INTO `sys_menu` VALUES ('1003', '用户删除', '100', '4', '#', '', 'F', '0', 'system:user:remove', '#', 'admin', '2018-03-16 11:33:00', 'ry', '2018-03-16 11:33:00', '');
INSERT INTO `sys_menu` VALUES ('1004', '用户导出', '100', '5', '#', '', 'F', '0', 'system:user:export', '#', 'admin', '2018-03-16 11:33:00', 'ry', '2018-03-16 11:33:00', '');
INSERT INTO `sys_menu` VALUES ('1005', '用户导入', '100', '6', '#', '', 'F', '0', 'system:user:import', '#', 'admin', '2018-03-16 11:33:00', 'ry', '2018-03-16 11:33:00', '');
INSERT INTO `sys_menu` VALUES ('1006', '重置密码', '100', '7', '#', '', 'F', '0', 'system:user:resetPwd', '#', 'admin', '2018-03-16 11:33:00', 'ry', '2018-03-16 11:33:00', '');
INSERT INTO `sys_menu` VALUES ('1007', '角色查询', '101', '1', '#', '', 'F', '0', 'system:role:list', '#', 'admin', '2018-03-16 11:33:00', 'ry', '2018-03-16 11:33:00', '');
INSERT INTO `sys_menu` VALUES ('1008', '角色新增', '101', '2', '#', '', 'F', '0', 'system:role:add', '#', 'admin', '2018-03-16 11:33:00', 'ry', '2018-03-16 11:33:00', '');
INSERT INTO `sys_menu` VALUES ('1009', '角色修改', '101', '3', '#', '', 'F', '0', 'system:role:edit', '#', 'admin', '2018-03-16 11:33:00', 'ry', '2018-03-16 11:33:00', '');
INSERT INTO `sys_menu` VALUES ('1010', '角色删除', '101', '4', '#', '', 'F', '0', 'system:role:remove', '#', 'admin', '2018-03-16 11:33:00', 'ry', '2018-03-16 11:33:00', '');
INSERT INTO `sys_menu` VALUES ('1011', '角色导出', '101', '5', '#', '', 'F', '0', 'system:role:export', '#', 'admin', '2018-03-16 11:33:00', 'ry', '2018-03-16 11:33:00', '');
INSERT INTO `sys_menu` VALUES ('1012', '菜单查询', '102', '1', '#', '', 'F', '0', 'system:menu:list', '#', 'admin', '2018-03-16 11:33:00', 'ry', '2018-03-16 11:33:00', '');
INSERT INTO `sys_menu` VALUES ('1013', '菜单新增', '102', '2', '#', '', 'F', '0', 'system:menu:add', '#', 'admin', '2018-03-16 11:33:00', 'ry', '2018-03-16 11:33:00', '');
INSERT INTO `sys_menu` VALUES ('1014', '菜单修改', '102', '3', '#', '', 'F', '0', 'system:menu:edit', '#', 'admin', '2018-03-16 11:33:00', 'ry', '2018-03-16 11:33:00', '');
INSERT INTO `sys_menu` VALUES ('1015', '菜单删除', '102', '4', '#', '', 'F', '0', 'system:menu:remove', '#', 'admin', '2018-03-16 11:33:00', 'ry', '2018-03-16 11:33:00', '');
INSERT INTO `sys_menu` VALUES ('1016', '部门查询', '103', '1', '#', '', 'F', '0', 'system:dept:list', '#', 'admin', '2018-03-16 11:33:00', 'ry', '2018-03-16 11:33:00', '');
INSERT INTO `sys_menu` VALUES ('1017', '部门新增', '103', '2', '#', '', 'F', '0', 'system:dept:add', '#', 'admin', '2018-03-16 11:33:00', 'ry', '2018-03-16 11:33:00', '');
INSERT INTO `sys_menu` VALUES ('1018', '部门修改', '103', '3', '#', '', 'F', '0', 'system:dept:edit', '#', 'admin', '2018-03-16 11:33:00', 'ry', '2018-03-16 11:33:00', '');
INSERT INTO `sys_menu` VALUES ('1019', '部门删除', '103', '4', '#', '', 'F', '0', 'system:dept:remove', '#', 'admin', '2018-03-16 11:33:00', 'ry', '2018-03-16 11:33:00', '');
INSERT INTO `sys_menu` VALUES ('1020', '岗位查询', '104', '1', '#', '', 'F', '0', 'system:post:list', '#', 'admin', '2018-03-16 11:33:00', 'ry', '2018-03-16 11:33:00', '');
INSERT INTO `sys_menu` VALUES ('1021', '岗位新增', '104', '2', '#', '', 'F', '0', 'system:post:add', '#', 'admin', '2018-03-16 11:33:00', 'ry', '2018-03-16 11:33:00', '');
INSERT INTO `sys_menu` VALUES ('1022', '岗位修改', '104', '3', '#', '', 'F', '0', 'system:post:edit', '#', 'admin', '2018-03-16 11:33:00', 'ry', '2018-03-16 11:33:00', '');
INSERT INTO `sys_menu` VALUES ('1023', '岗位删除', '104', '4', '#', '', 'F', '0', 'system:post:remove', '#', 'admin', '2018-03-16 11:33:00', 'ry', '2018-03-16 11:33:00', '');
INSERT INTO `sys_menu` VALUES ('1024', '岗位导出', '104', '5', '#', '', 'F', '0', 'system:post:export', '#', 'admin', '2018-03-16 11:33:00', 'ry', '2018-03-16 11:33:00', '');
INSERT INTO `sys_menu` VALUES ('1025', '字典查询', '105', '1', '#', '', 'F', '0', 'system:dict:list', '#', 'admin', '2018-03-16 11:33:00', 'ry', '2018-03-16 11:33:00', '');
INSERT INTO `sys_menu` VALUES ('1026', '字典新增', '105', '2', '#', '', 'F', '0', 'system:dict:add', '#', 'admin', '2018-03-16 11:33:00', 'ry', '2018-03-16 11:33:00', '');
INSERT INTO `sys_menu` VALUES ('1027', '字典修改', '105', '3', '#', '', 'F', '0', 'system:dict:edit', '#', 'admin', '2018-03-16 11:33:00', 'ry', '2018-03-16 11:33:00', '');
INSERT INTO `sys_menu` VALUES ('1028', '字典删除', '105', '4', '#', '', 'F', '0', 'system:dict:remove', '#', 'admin', '2018-03-16 11:33:00', 'ry', '2018-03-16 11:33:00', '');
INSERT INTO `sys_menu` VALUES ('1029', '字典导出', '105', '5', '#', '', 'F', '0', 'system:dict:export', '#', 'admin', '2018-03-16 11:33:00', 'ry', '2018-03-16 11:33:00', '');
INSERT INTO `sys_menu` VALUES ('1030', '参数查询', '106', '1', '#', '', 'F', '0', 'system:config:list', '#', 'admin', '2018-03-16 11:33:00', 'ry', '2018-03-16 11:33:00', '');
INSERT INTO `sys_menu` VALUES ('1031', '参数新增', '106', '2', '#', '', 'F', '0', 'system:config:add', '#', 'admin', '2018-03-16 11:33:00', 'ry', '2018-03-16 11:33:00', '');
INSERT INTO `sys_menu` VALUES ('1032', '参数修改', '106', '3', '#', '', 'F', '0', 'system:config:edit', '#', 'admin', '2018-03-16 11:33:00', 'ry', '2018-03-16 11:33:00', '');
INSERT INTO `sys_menu` VALUES ('1033', '参数删除', '106', '4', '#', '', 'F', '0', 'system:config:remove', '#', 'admin', '2018-03-16 11:33:00', 'ry', '2018-03-16 11:33:00', '');
INSERT INTO `sys_menu` VALUES ('1034', '参数导出', '106', '5', '#', '', 'F', '0', 'system:config:export', '#', 'admin', '2018-03-16 11:33:00', 'ry', '2018-03-16 11:33:00', '');
INSERT INTO `sys_menu` VALUES ('1035', '公告查询', '107', '1', '#', '', 'F', '0', 'system:notice:list', '#', 'admin', '2018-03-16 11:33:00', 'ry', '2018-03-16 11:33:00', '');
INSERT INTO `sys_menu` VALUES ('1036', '公告新增', '107', '2', '#', '', 'F', '0', 'system:notice:add', '#', 'admin', '2018-03-16 11:33:00', 'ry', '2018-03-16 11:33:00', '');
INSERT INTO `sys_menu` VALUES ('1037', '公告修改', '107', '3', '#', '', 'F', '0', 'system:notice:edit', '#', 'admin', '2018-03-16 11:33:00', 'ry', '2018-03-16 11:33:00', '');
INSERT INTO `sys_menu` VALUES ('1038', '公告删除', '107', '4', '#', '', 'F', '0', 'system:notice:remove', '#', 'admin', '2018-03-16 11:33:00', 'ry', '2018-03-16 11:33:00', '');
INSERT INTO `sys_menu` VALUES ('1039', '操作查询', '500', '1', '#', '', 'F', '0', 'monitor:operlog:list', '#', 'admin', '2018-03-16 11:33:00', 'ry', '2018-03-16 11:33:00', '');
INSERT INTO `sys_menu` VALUES ('1040', '操作删除', '500', '2', '#', '', 'F', '0', 'monitor:operlog:remove', '#', 'admin', '2018-03-16 11:33:00', 'ry', '2018-03-16 11:33:00', '');
INSERT INTO `sys_menu` VALUES ('1041', '详细信息', '500', '3', '#', '', 'F', '0', 'monitor:operlog:detail', '#', 'admin', '2018-03-16 11:33:00', 'ry', '2018-03-16 11:33:00', '');
INSERT INTO `sys_menu` VALUES ('1042', '日志导出', '500', '4', '#', '', 'F', '0', 'monitor:operlog:export', '#', 'admin', '2018-03-16 11:33:00', 'ry', '2018-03-16 11:33:00', '');
INSERT INTO `sys_menu` VALUES ('1043', '登录查询', '501', '1', '#', '', 'F', '0', 'monitor:logininfor:list', '#', 'admin', '2018-03-16 11:33:00', 'ry', '2018-03-16 11:33:00', '');
INSERT INTO `sys_menu` VALUES ('1044', '登录删除', '501', '2', '#', '', 'F', '0', 'monitor:logininfor:remove', '#', 'admin', '2018-03-16 11:33:00', 'ry', '2018-03-16 11:33:00', '');
INSERT INTO `sys_menu` VALUES ('1045', '日志导出', '501', '3', '#', '', 'F', '0', 'monitor:logininfor:export', '#', 'admin', '2018-03-16 11:33:00', 'ry', '2018-03-16 11:33:00', '');
INSERT INTO `sys_menu` VALUES ('1046', '在线查询', '109', '1', '#', '', 'F', '0', 'monitor:online:list', '#', 'admin', '2018-03-16 11:33:00', 'ry', '2018-03-16 11:33:00', '');
INSERT INTO `sys_menu` VALUES ('1047', '批量强退', '109', '2', '#', '', 'F', '0', 'monitor:online:batchForceLogout', '#', 'admin', '2018-03-16 11:33:00', 'ry', '2018-03-16 11:33:00', '');
INSERT INTO `sys_menu` VALUES ('1048', '单条强退', '109', '3', '#', '', 'F', '0', 'monitor:online:forceLogout', '#', 'admin', '2018-03-16 11:33:00', 'ry', '2018-03-16 11:33:00', '');
INSERT INTO `sys_menu` VALUES ('1049', '任务查询', '110', '1', '#', '', 'F', '0', 'monitor:job:list', '#', 'admin', '2018-03-16 11:33:00', 'ry', '2018-03-16 11:33:00', '');
INSERT INTO `sys_menu` VALUES ('1050', '任务新增', '110', '2', '#', '', 'F', '0', 'monitor:job:add', '#', 'admin', '2018-03-16 11:33:00', 'ry', '2018-03-16 11:33:00', '');
INSERT INTO `sys_menu` VALUES ('1051', '任务修改', '110', '3', '#', '', 'F', '0', 'monitor:job:edit', '#', 'admin', '2018-03-16 11:33:00', 'ry', '2018-03-16 11:33:00', '');
INSERT INTO `sys_menu` VALUES ('1052', '任务删除', '110', '4', '#', '', 'F', '0', 'monitor:job:remove', '#', 'admin', '2018-03-16 11:33:00', 'ry', '2018-03-16 11:33:00', '');
INSERT INTO `sys_menu` VALUES ('1053', '状态修改', '110', '5', '#', '', 'F', '0', 'monitor:job:changeStatus', '#', 'admin', '2018-03-16 11:33:00', 'ry', '2018-03-16 11:33:00', '');
INSERT INTO `sys_menu` VALUES ('1054', '任务详细', '110', '6', '#', '', 'F', '0', 'monitor:job:detail', '#', 'admin', '2018-03-16 11:33:00', 'ry', '2018-03-16 11:33:00', '');
INSERT INTO `sys_menu` VALUES ('1055', '任务导出', '110', '7', '#', '', 'F', '0', 'monitor:job:export', '#', 'admin', '2018-03-16 11:33:00', 'ry', '2018-03-16 11:33:00', '');
INSERT INTO `sys_menu` VALUES ('1056', '生成查询', '114', '1', '#', '', 'F', '0', 'tool:gen:list', '#', 'admin', '2018-03-16 11:33:00', 'ry', '2018-03-16 11:33:00', '');
INSERT INTO `sys_menu` VALUES ('1057', '生成修改', '114', '2', '#', '', 'F', '0', 'tool:gen:edit', '#', 'admin', '2018-03-16 11:33:00', 'ry', '2018-03-16 11:33:00', '');
INSERT INTO `sys_menu` VALUES ('1058', '生成删除', '114', '3', '#', '', 'F', '0', 'tool:gen:remove', '#', 'admin', '2018-03-16 11:33:00', 'ry', '2018-03-16 11:33:00', '');
INSERT INTO `sys_menu` VALUES ('1059', '预览代码', '114', '4', '#', '', 'F', '0', 'tool:gen:preview', '#', 'admin', '2018-03-16 11:33:00', 'ry', '2018-03-16 11:33:00', '');
INSERT INTO `sys_menu` VALUES ('1060', '生成代码', '114', '5', '#', '', 'F', '0', 'tool:gen:code', '#', 'admin', '2018-03-16 11:33:00', 'ry', '2018-03-16 11:33:00', '');
INSERT INTO `sys_menu` VALUES ('2000', '地区菜单', '1', '11', '/system/districts', '', 'C', '0', 'system:districts:view', '#', 'admin', '2018-03-01 00:00:00', 'ry', '2018-03-01 00:00:00', '地区菜单');
INSERT INTO `sys_menu` VALUES ('2001', '地区查询', '2000', '1', '#', '', 'F', '0', 'system:districts:list', '#', 'admin', '2018-03-01 00:00:00', 'ry', '2018-03-01 00:00:00', '');
INSERT INTO `sys_menu` VALUES ('2002', '地区新增', '2000', '2', '#', '', 'F', '0', 'system:districts:add', '#', 'admin', '2018-03-01 00:00:00', 'ry', '2018-03-01 00:00:00', '');
INSERT INTO `sys_menu` VALUES ('2003', '地区修改', '2000', '3', '#', '', 'F', '0', 'system:districts:edit', '#', 'admin', '2018-03-01 00:00:00', 'ry', '2018-03-01 00:00:00', '');
INSERT INTO `sys_menu` VALUES ('2004', '地区删除', '2000', '4', '#', '', 'F', '0', 'system:districts:remove', '#', 'admin', '2018-03-01 00:00:00', 'ry', '2018-03-01 00:00:00', '');
INSERT INTO `sys_menu` VALUES ('2005', '文件管理', '1', '10', '/system/oss', '', 'C', '0', 'system:oss:view', '#', 'admin', '2018-11-16 13:59:45', '', null, '');
INSERT INTO `sys_menu` VALUES ('2006', '文件上传', '1056', '1', '#', '', 'F', '0', 'system:oss:add', '#', 'admin', '2018-11-16 13:59:45', '', null, '');
INSERT INTO `sys_menu` VALUES ('2007', '文件删除', '1056', '2', '#', '', 'F', '0', 'system:oss:remove', '#', 'admin', '2018-11-16 13:59:45', '', null, '');
INSERT INTO `sys_menu` VALUES ('2008', '文件配置', '1056', '3', '#', '', 'F', '0', 'system:oss:config', '#', 'admin', '2018-11-16 13:59:45', '', null, '');
INSERT INTO `sys_menu` VALUES ('2009', '文件修改', '1056', '4', '#', '', 'F', '0', 'system:oss:remove', '#', 'admin', '2018-11-16 13:59:45', '', null, '');
INSERT INTO `sys_menu` VALUES ('2015', 'Ehcache缓存', '2', '1', '/monitor/ehcache', 'menuItem', 'C', '0', null, '#', 'admin', '2019-10-11 09:14:11', '', null, '');
INSERT INTO `sys_menu` VALUES ('2016', '第三方', '0', '6', '#', 'menuItem', 'M', '0', '', 'fa fa-life-saver', 'admin', '2019-10-11 14:35:27', 'admin', '2019-11-11 14:48:47', '');
INSERT INTO `sys_menu` VALUES ('2017', '短信发送历史', '2016', '1', '/third/smsHis', 'menuItem', 'C', '0', 'third:smsHis:view', '#', 'admin', '2019-10-11 14:36:28', '', null, '');
INSERT INTO `sys_menu` VALUES ('2021', 'API测试', '2016', '1', '/third/api', 'menuItem', 'C', '0', 'third:api:view', '#', 'admin', '2019-10-11 14:36:28', '', null, '');
INSERT INTO `sys_menu` VALUES ('2022', '百度AI', '2016', '1', '/third/ai', 'menuItem', 'C', '0', 'third:ai', '#', 'admin', '2019-10-11 14:36:28', '', null, '');
INSERT INTO `sys_menu` VALUES ('2023', '智能识别历史', '2016', '1', '/third/aiHis', 'menuItem', 'C', '0', 'third:aiHis:view', '#', 'admin', '2019-10-11 14:36:28', '', null, '');
INSERT INTO `sys_menu` VALUES ('2024', 'redis缓存', '2', '1', '/monitor/redis', 'menuItem', 'C', '0', null, '#', 'admin', '2019-10-11 09:14:11', '', null, '');
INSERT INTO `sys_menu` VALUES ('2025', '内容管理', '0', '4', '#', 'menuItem', 'M', '0', null, 'fa fa-address-card-o', 'admin', '2019-10-28 19:59:12', '', null, '');
INSERT INTO `sys_menu` VALUES ('2026', '文章管理', '2025', '1', '/cms/article', 'menuItem', 'C', '0', 'cms:article:view', '#', 'admin', '2019-10-28 19:59:52', 'admin', '2019-11-07 10:33:47', '');
INSERT INTO `sys_menu` VALUES ('2027', '栏目分类', '2025', '2', '/cms/category', 'menuItem', 'C', '0', 'cms:category:view', '#', 'admin', '2019-10-28 20:00:42', 'admin', '2019-11-07 10:40:04', '');
INSERT INTO `sys_menu` VALUES ('2028', '标签管理', '2025', '3', '/cms/tags', 'menuItem', 'C', '0', 'cms:tags:view', '#', 'admin', '2019-10-29 09:35:55', 'admin', '2019-11-07 10:42:48', '');
INSERT INTO `sys_menu` VALUES ('2029', '响应时间', '2', '1', '/system/costTime', 'menuItem', 'C', '0', 'system:costTime', '#', 'admin', '2019-10-30 14:04:41', '', null, '');
INSERT INTO `sys_menu` VALUES ('2030', '导入Eccel', '1', '1', '/system/excelImport', 'menuItem', 'C', '0', null, '#', 'admin', '2019-10-30 14:07:09', '', null, '');
INSERT INTO `sys_menu` VALUES ('2032', '附件管理', '2025', '5', '/cms/attachment', 'menuItem', 'C', '0', 'cms:attachment', '#', 'admin', '2019-11-01 10:24:11', '', null, '');
INSERT INTO `sys_menu` VALUES ('3039', '数据库备份', '2', '5', '/system/backup', 'menuItem', 'C', '0', 'system:backup', '#', 'admin', '2019-11-04 08:55:04', '', null, '');
INSERT INTO `sys_menu` VALUES ('3040', '邮件发送管理', '2025', '5', '/cms/email', 'menuItem', 'C', '0', 'cms:email:view', '#', 'admin', '2019-11-04 16:43:20', 'admin', '2019-11-07 10:45:42', '');
INSERT INTO `sys_menu` VALUES ('3041', '素材管理', '2025', '6', '/cms/material', 'menuItem', 'C', '0', 'cms:material:view', '#', 'admin', '2019-11-05 17:46:29', 'admin', '2019-11-07 10:48:15', '');
INSERT INTO `sys_menu` VALUES ('3042', '文章列表', '2026', '1', '#', 'menuItem', 'F', '0', 'cms:article:list', '#', 'yf', '2019-11-07 10:28:35', '', null, '');
INSERT INTO `sys_menu` VALUES ('3043', '文章新增', '2026', '2', '#', 'menuItem', 'F', '0', 'cms:article:add', '#', 'admin', '2019-11-07 10:37:53', '', null, '');
INSERT INTO `sys_menu` VALUES ('3044', '文章修改', '2026', '3', '#', 'menuItem', 'F', '0', 'cms:article:edit', '#', 'admin', '2019-11-07 10:38:31', 'admin', '2019-11-07 10:39:02', '');
INSERT INTO `sys_menu` VALUES ('3045', '文章擅长', '2026', '4', '#', 'menuItem', 'F', '0', 'cms:article:remove', '#', 'admin', '2019-11-07 10:39:29', '', null, '');
INSERT INTO `sys_menu` VALUES ('3046', '栏目列表', '2027', '1', '#', 'menuItem', 'F', '0', 'cms:category:list', '#', 'admin', '2019-11-07 10:40:39', '', null, '');
INSERT INTO `sys_menu` VALUES ('3047', '栏目新增', '2027', '2', '#', 'menuItem', 'F', '0', 'cms:category:add', '#', 'admin', '2019-11-07 10:41:00', '', null, '');
INSERT INTO `sys_menu` VALUES ('3048', '栏目编辑', '2027', '3', '#', 'menuItem', 'F', '0', 'cms:article:edit', '#', 'admin', '2019-11-07 10:41:55', '', null, '');
INSERT INTO `sys_menu` VALUES ('3049', '栏目擅长', '2027', '4', '#', 'menuItem', 'F', '0', 'cms:category:remove', '#', 'admin', '2019-11-07 10:42:21', '', null, '');
INSERT INTO `sys_menu` VALUES ('3050', '标签新增', '2028', '2', '#', 'menuItem', 'F', '0', 'cms:tags:add', '#', 'admin', '2019-11-07 10:43:27', '', null, '');
INSERT INTO `sys_menu` VALUES ('3051', '标签列表', '2028', '1', '#', 'menuItem', 'F', '0', 'cms:tags:list', '#', 'admin', '2019-11-07 10:44:02', '', null, '');
INSERT INTO `sys_menu` VALUES ('3052', '标签编辑', '2028', '3', '#', 'menuItem', 'F', '0', 'cms:tags:edit', '#', 'admin', '2019-11-07 10:44:38', '', null, '');
INSERT INTO `sys_menu` VALUES ('3053', '标签删除', '2028', '3', '#', 'menuItem', 'F', '0', 'cms:tags:remove', '#', 'admin', '2019-11-07 10:45:15', '', null, '');
INSERT INTO `sys_menu` VALUES ('3054', '邮件列表', '3040', '1', '#', 'menuItem', 'F', '0', 'cms:email:list', '#', 'admin', '2019-11-07 10:46:14', '', null, '');
INSERT INTO `sys_menu` VALUES ('3055', '邮件新增', '3040', '2', '#', 'menuItem', 'F', '0', 'cms:email:add', '#', 'admin', '2019-11-07 10:46:45', '', null, '');
INSERT INTO `sys_menu` VALUES ('3056', '邮件编辑', '3040', '3', '#', 'menuItem', 'F', '0', 'cms:email:edit', '#', 'admin', '2019-11-07 10:47:14', '', null, '');
INSERT INTO `sys_menu` VALUES ('3057', '邮件删除', '3040', '4', '#', 'menuItem', 'F', '0', 'cms:email:remove', '#', 'admin', '2019-11-07 10:47:51', '', null, '');
INSERT INTO `sys_menu` VALUES ('3058', '素材列表', '3041', '1', '#', 'menuItem', 'F', '0', 'cms:material:list', '#', 'admin', '2019-11-07 10:48:46', '', null, '');
INSERT INTO `sys_menu` VALUES ('3059', '素材新增', '3041', '2', '#', 'menuItem', 'F', '0', 'cms:material:add', '#', 'admin', '2019-11-07 10:49:21', '', null, '');
INSERT INTO `sys_menu` VALUES ('3060', '素材编辑', '3041', '3', '#', 'menuItem', 'F', '0', 'cms:material:edit', '#', 'admin', '2019-11-07 10:49:55', '', null, '');
INSERT INTO `sys_menu` VALUES ('3061', '素材擅长', '3041', '4', '#', 'menuItem', 'F', '0', 'cms:material:remove', '#', 'admin', '2019-11-07 10:50:23', '', null, '');
INSERT INTO `sys_menu` VALUES ('3062', '素材分组管理', '2025', '1', '/cms/materialGroup', 'menuItem', 'C', '0', 'cms:materialGroup:view', '#', 'yf', '2019-11-07 11:35:30', '', null, '');
INSERT INTO `sys_menu` VALUES ('3063', '素材分组列表', '3062', '1', '#', 'menuItem', 'F', '0', 'cms:materialGroup:list', '#', 'admin', '2019-11-07 11:36:35', '', null, '');
INSERT INTO `sys_menu` VALUES ('3064', '素材分组新增', '3062', '2', '#', 'menuItem', 'F', '0', 'cms:materialGroup:add', '#', 'admin', '2019-11-07 11:37:09', '', null, '');
INSERT INTO `sys_menu` VALUES ('3065', '素材分组编辑', '3062', '3', '#', 'menuItem', 'F', '0', 'cms:materialGroup:edit', '#', 'admin', '2019-11-07 11:37:31', '', null, '');
INSERT INTO `sys_menu` VALUES ('3066', '素材分组删除', '3062', '4', '#', 'menuItem', 'F', '0', 'cms:materialGroup:remove', '#', 'admin', '2019-11-07 11:37:56', '', null, '');
INSERT INTO `sys_menu` VALUES ('3067', '发送短信', '2021', '1', '#', 'menuItem', 'F', '0', 'third:api:sendSms', '#', 'admin', '2019-11-07 15:46:58', '', null, '');
INSERT INTO `sys_menu` VALUES ('3068', '查询IP', '2021', '2', '#', 'menuItem', 'F', '0', 'third:api:queryIp', '#', 'admin', '2019-11-07 15:47:29', '', null, '');
INSERT INTO `sys_menu` VALUES ('3069', '百度推送', '2021', '3', '#', 'menuItem', 'F', '0', 'third:api:baiduPush', '#', 'admin', '2019-11-07 15:47:53', '', null, '');
INSERT INTO `sys_menu` VALUES ('3071', '审核', '3041', '6', '#', 'menuItem', 'F', '0', 'cms:material:audit', '#', 'admin', '2019-11-07 17:06:13', '', null, '');
INSERT INTO `sys_menu` VALUES ('3072', '相册管理', '2025', '8', '/cms/album', 'menuItem', 'C', '0', 'cms:album:view', '#', 'admin', '2019-11-08 11:14:05', 'admin', '2019-11-16 18:24:06', '');
INSERT INTO `sys_menu` VALUES ('3073', '列表', '3072', '1', '#', 'menuItem', 'F', '0', 'cms:album:list', '#', 'admin', '2019-11-08 11:16:05', '', null, '');
INSERT INTO `sys_menu` VALUES ('3074', '新增', '3072', '2', '#', 'menuItem', 'F', '0', 'cms:album:add', '#', 'admin', '2019-11-08 11:16:31', '', null, '');
INSERT INTO `sys_menu` VALUES ('3075', '编辑', '3072', '3', '#', 'menuItem', 'F', '0', 'cms:album:edit', '#', 'admin', '2019-11-08 11:16:56', 'admin', '2019-11-08 11:18:23', '');
INSERT INTO `sys_menu` VALUES ('3076', '删除', '3072', '4', '#', 'menuItem', 'F', '0', 'cms:album:remove', '#', 'admin', '2019-11-08 11:18:08', '', null, '');
INSERT INTO `sys_menu` VALUES ('3077', '素材使用记录', '3041', '5', '#', 'menuItem', 'F', '0', 'cms:material:materialUse', '#', 'admin', '2019-11-10 10:17:24', 'admin', '2019-11-10 10:22:17', '');
INSERT INTO `sys_menu` VALUES ('3078', '添加图片', '3072', '5', '#', 'menuItem', 'F', '0', 'cms:album:addMaterial', '#', 'admin', '2019-11-10 10:18:40', '', null, '');
INSERT INTO `sys_menu` VALUES ('3079', '爬虫模块', '0', '5', '#', 'menuItem', 'M', '0', '', 'fa fa-bug', 'admin', '2019-11-11 14:48:32', 'admin', '2019-11-11 15:46:45', '');
INSERT INTO `sys_menu` VALUES ('3080', '爬虫任务', '3079', '1', '/spider/spiderMission', 'menuItem', 'C', '0', 'spider:spiderMission:view', '#', 'admin', '2019-11-11 14:50:49', '', null, '');
INSERT INTO `sys_menu` VALUES ('3081', '爬虫配置', '3079', '2', '/spider/spiderConfig', 'menuItem', 'C', '0', 'spider:spiderConfig:view', '#', 'admin', '2019-11-11 14:51:44', '', null, '');
INSERT INTO `sys_menu` VALUES ('3082', '广告位管理', '2025', '9', '/cms/ad', 'menuItem', 'C', '0', 'cms:ad:view', '#', 'admin', '2019-11-16 20:21:50', '', null, '');
INSERT INTO `sys_menu` VALUES ('3083', '友链管理', '2025', '10', '/cms/friendLink', 'menuItem', 'C', '0', 'cms:friendLink:view', '#', 'admin', '2019-11-16 20:22:44', '', null, '');
INSERT INTO `sys_menu` VALUES ('3084', '模板管理', '2025', '11', '/cms/template', 'menuItem', 'C', '0', 'cms:template:view', '#', 'admin', '2019-11-17 14:26:19', '', null, '');
INSERT INTO `sys_menu` VALUES ('3085', '站内消息', '2025', '12', '/cms/siteMsg', 'menuItem', 'C', '0', 'cms:siteMsg', '#', 'admin', '2019-11-17 20:14:30', '', null, '');
INSERT INTO `sys_menu` VALUES ('3086', '评论管理', '2025', '12', '/cms/comment', 'menuItem', 'C', '0', 'cms:comment:view', '#', 'admin', '2019-11-19 16:48:28', '', null, '');
INSERT INTO `sys_menu` VALUES ('3087', '励志短语', '2025', '13', '/cms/shortWords', 'menuItem', 'C', '0', 'cms:shortWords:view', '#', 'admin', '2019-11-22 15:42:50', '', null, '');
INSERT INTO `sys_menu` VALUES ('3088', '资源管理', '2025', '13', '/cms/resource', 'menuItem', 'C', '0', 'cms:resource:view', '#', 'admin', '2019-11-23 17:10:53', '', null, '');
INSERT INTO `sys_menu` VALUES ('3089', '链接分类管理', '2025', '14', '/cms/linkType', 'menuItem', 'C', '0', 'cms:linkType:view', '#', 'admin', '2019-11-26 14:27:02', 'admin', '2019-11-26 14:27:47', '');
INSERT INTO `sys_menu` VALUES ('3090', '链接管理', '2025', '15', '/cms/link', 'menuItem', 'C', '0', 'cms:link:view', '#', 'admin', '2019-11-26 14:27:35', '', null, '');
INSERT INTO `sys_menu` VALUES ('3091', 'PV', '2025', '16', '/cms/pv', 'menuItem', 'C', '0', 'cms:pv:view', '#', 'admin', '2018-03-01 00:00:00', 'admin', '2019-12-04 08:32:46', 'PV菜单');
INSERT INTO `sys_menu` VALUES ('3092', 'PV查询', '3091', '1', '#', '', 'F', '0', 'cms:pv:list', '#', 'admin', '2018-03-01 00:00:00', 'ry', '2018-03-01 00:00:00', '');
INSERT INTO `sys_menu` VALUES ('3093', 'PV新增', '3091', '2', '#', '', 'F', '0', 'cms:pv:add', '#', 'admin', '2018-03-01 00:00:00', 'ry', '2018-03-01 00:00:00', '');
INSERT INTO `sys_menu` VALUES ('3094', 'PV修改', '3091', '3', '#', '', 'F', '0', 'cms:pv:edit', '#', 'admin', '2018-03-01 00:00:00', 'ry', '2018-03-01 00:00:00', '');
INSERT INTO `sys_menu` VALUES ('3095', 'PV删除', '3091', '4', '#', '', 'F', '0', 'cms:pv:remove', '#', 'admin', '2018-03-01 00:00:00', 'ry', '2018-03-01 00:00:00', '');

-- ----------------------------
-- Table structure for sys_notice
-- ----------------------------
DROP TABLE IF EXISTS `sys_notice`;
CREATE TABLE `sys_notice` (
  `notice_id` int(4) NOT NULL AUTO_INCREMENT COMMENT '公告ID',
  `notice_title` varchar(50) NOT NULL COMMENT '公告标题',
  `notice_type` char(1) NOT NULL COMMENT '公告类型（1通知 2公告）',
  `notice_content` varchar(2000) DEFAULT NULL COMMENT '公告内容',
  `status` char(1) DEFAULT '0' COMMENT '公告状态（0正常 1关闭）',
  `create_by` varchar(64) DEFAULT '' COMMENT '创建者',
  `create_time` datetime DEFAULT NULL COMMENT '创建时间',
  `update_by` varchar(64) DEFAULT '' COMMENT '更新者',
  `update_time` datetime DEFAULT NULL COMMENT '更新时间',
  `remark` varchar(255) DEFAULT NULL COMMENT '备注',
  PRIMARY KEY (`notice_id`)
) ENGINE=InnoDB AUTO_INCREMENT=3 DEFAULT CHARSET=utf8 COMMENT='通知公告表';

-- ----------------------------
-- Records of sys_notice
-- ----------------------------
INSERT INTO `sys_notice` VALUES ('1', '温馨提醒：2018-07-01 若依新版本发布啦', '2', '新版本内容', '0', 'admin', '2018-03-16 11:33:00', 'ry', '2018-03-16 11:33:00', '管理员');
INSERT INTO `sys_notice` VALUES ('2', '维护通知：2018-07-01 若依系统凌晨维护', '1', '维护内容', '0', 'admin', '2018-03-16 11:33:00', 'ry', '2018-03-16 11:33:00', '管理员');

-- ----------------------------
-- Table structure for sys_oper_log
-- ----------------------------
DROP TABLE IF EXISTS `sys_oper_log`;
CREATE TABLE `sys_oper_log` (
  `oper_id` bigint(20) NOT NULL AUTO_INCREMENT COMMENT '日志主键',
  `title` varchar(50) DEFAULT '' COMMENT '模块标题',
  `business_type` int(2) DEFAULT '0' COMMENT '业务类型（0其它 1新增 2修改 3删除）',
  `method` varchar(100) DEFAULT '' COMMENT '方法名称',
  `request_method` varchar(10) DEFAULT '' COMMENT '请求方式',
  `operator_type` int(1) DEFAULT '0' COMMENT '操作类别（0其它 1后台用户 2手机端用户）',
  `oper_name` varchar(50) DEFAULT '' COMMENT '操作人员',
  `dept_name` varchar(50) DEFAULT '' COMMENT '部门名称',
  `oper_url` varchar(255) DEFAULT '' COMMENT '请求URL',
  `oper_ip` varchar(50) DEFAULT '' COMMENT '主机地址',
  `oper_location` varchar(255) DEFAULT '' COMMENT '操作地点',
  `oper_param` varchar(2000) DEFAULT '' COMMENT '请求参数',
  `json_result` varchar(2000) DEFAULT '' COMMENT '返回参数',
  `status` int(1) DEFAULT '0' COMMENT '操作状态（0正常 1异常）',
  `error_msg` varchar(2000) DEFAULT '' COMMENT '错误消息',
  `oper_time` datetime DEFAULT NULL COMMENT '操作时间',
  PRIMARY KEY (`oper_id`)
) ENGINE=InnoDB AUTO_INCREMENT=125 DEFAULT CHARSET=utf8 COMMENT='操作日志记录';

-- ----------------------------
-- Records of sys_oper_log
-- ----------------------------
INSERT INTO `sys_oper_log` VALUES ('100', '系统响应时间统计记录', '3', 'com.ruoyi.web.controller.system.CostTimeController.remove()', 'POST', '1', 'admin', '研发部门', '/system/costTime/remove', '127.0.0.1', '内网IP', '{\r\n  \"ids\" : [ \"1911191141160000\" ]\r\n}', '{\r\n  \"msg\" : \"操作成功\",\r\n  \"code\" : 0\r\n}', '0', null, '2019-11-29 23:03:04');
INSERT INTO `sys_oper_log` VALUES ('101', '系统响应时间统计记录', '3', 'com.ruoyi.web.controller.system.CostTimeController.remove()', 'POST', '1', 'admin', '研发部门', '/system/costTime/remove', '127.0.0.1', '内网IP', '{\r\n  \"ids\" : [ \"1911191139500003\" ]\r\n}', '{\r\n  \"msg\" : \"操作成功\",\r\n  \"code\" : 0\r\n}', '0', null, '2019-11-29 23:03:07');
INSERT INTO `sys_oper_log` VALUES ('102', '系统响应时间统计记录', '9', 'com.ruoyi.web.controller.system.CostTimeController.clean()', 'POST', '1', 'admin', '研发部门', '/system/costTime/clean', '127.0.0.1', '内网IP', '{ }', '{\r\n  \"msg\" : \"操作成功\",\r\n  \"code\" : 0\r\n}', '0', null, '2019-11-29 23:03:12');
INSERT INTO `sys_oper_log` VALUES ('103', '定时任务', '2', 'com.ruoyi.quartz.controller.SysJobController.run()', 'POST', '1', 'admin', '研发部门', '/monitor/job/run', '127.0.0.1', '内网IP', '{\r\n  \"jobId\" : [ \"4\" ],\r\n  \"jobGroup\" : [ \"SYSTEM\" ]\r\n}', '{\r\n  \"msg\" : \"操作成功\",\r\n  \"code\" : 0\r\n}', '0', null, '2019-11-29 23:04:02');
INSERT INTO `sys_oper_log` VALUES ('104', '删除备份文件', '3', 'com.ruoyi.web.controller.system.BackupController.delete()', 'POST', '1', 'admin', '研发部门', '/system/backup/delete', '127.0.0.1', '内网IP', '{\r\n  \"name\" : [ \"ry_plus_2019_11_29_23_04_03_095.sql\" ]\r\n}', '{\r\n  \"msg\" : \"操作成功\",\r\n  \"code\" : 0\r\n}', '0', null, '2019-11-29 23:04:12');
INSERT INTO `sys_oper_log` VALUES ('105', '数据库备份', '10', 'com.ruoyi.web.controller.system.BackupController.backup()', 'POST', '1', 'admin', '研发部门', '/system/backup/backup', '127.0.0.1', '内网IP', '{ }', '{\r\n  \"msg\" : \"操作成功\",\r\n  \"code\" : 0\r\n}', '0', null, '2019-11-29 23:04:16');
INSERT INTO `sys_oper_log` VALUES ('106', 'Excel导入-模版下载', '5', 'com.ruoyi.web.controller.system.ExcelImportController.downloadExcelModel()', 'POST', '1', 'admin', '研发部门', '/system/excelImport/downloadExcelModel', '127.0.0.1', '内网IP', '{\r\n  \"importType\" : [ \"1\" ]\r\n}', '{\r\n  \"msg\" : \"用户导入_1911292334040000.xls\",\r\n  \"code\" : 0\r\n}', '0', null, '2019-11-29 23:34:05');
INSERT INTO `sys_oper_log` VALUES ('107', 'Excel导入-模版下载', '5', 'com.ruoyi.web.controller.system.ExcelImportController.downloadExcelModel()', 'POST', '1', 'admin', '研发部门', '/system/excelImport/downloadExcelModel', '127.0.0.1', '内网IP', '{\r\n  \"importType\" : [ \"2\" ]\r\n}', '{\r\n  \"msg\" : \"部门导入_1911292334220002.xls\",\r\n  \"code\" : 0\r\n}', '0', null, '2019-11-29 23:34:22');
INSERT INTO `sys_oper_log` VALUES ('108', '数据库备份', '10', 'com.ruoyi.web.controller.system.BackupController.backup()', 'POST', '1', 'admin', '研发部门', '/system/backup/backup', '127.0.0.1', '内网IP', '{ }', '{\r\n  \"msg\" : \"操作成功\",\r\n  \"code\" : 0\r\n}', '0', null, '2019-11-30 17:12:04');
INSERT INTO `sys_oper_log` VALUES ('109', 'PV', '3', 'com.ruoyi.cms.controller.PvController.remove()', 'POST', '1', 'admin', '研发部门', '/cms/pv/remove', '127.0.0.1', '内网IP', '{\r\n  \"ids\" : [ \"2\" ]\r\n}', '{\r\n  \"msg\" : \"操作成功\",\r\n  \"code\" : 0\r\n}', '0', null, '2019-11-30 19:00:16');
INSERT INTO `sys_oper_log` VALUES ('110', '文章管理', '2', 'com.ruoyi.cms.controller.ArticleController.editSave()', 'POST', '1', 'admin', '研发部门', '/cms/article/edit', '127.0.0.1', '内网IP', '{\r\n  \"id\" : [ \"2019111911233843897296\" ],\r\n  \"articleRegion\" : [ \"recommend\" ],\r\n  \"available\" : [ \"1\" ],\r\n  \"articleModel\" : [ \"duoguyu\" ],\r\n  \"title\" : [ \"新婚快乐，我的青春。\" ],\r\n  \"copyFlag\" : [ \"0\" ],\r\n  \"link\" : [ \"http://old.duoguyu.com/continent/96.html\" ],\r\n  \"keywords\" : [ \"\" ],\r\n  \"coverImage\" : [ \"/profile/upload/article/2019/11/19/01dd446f5e232f4a3846efd833d9e599.jpg\" ],\r\n  \"tags\" : [ \"33\", \"34\" ],\r\n  \"commentFlag\" : [ \"on\" ],\r\n  \"description\" : [ \"\" ],\r\n  \"content\" : [ \"<p>7月份的时候从香港书展带回同名小说，直到前几天才真的看完。</p><p>并不是很特别的故事，甚至要说它有点平淡也不为过。</p><p>但就是这么平淡无奇的一段叙述，让每个人都记起自己十七岁的那个夏天，然后嘴角上扬的狠狠想念了一把。</p><p><br/></p><p>没有华丽的镜头或者刻意营造的小清新气氛，就是普普通通的台湾巷子，简简单单的中学教室。</p><p>对白说了五句我便找到了这电影不能在内地公映的原因，“鸡巴”，“勃起”，层出不穷；</p><p>再看下去，上课看着老师打手枪，男主角在家一直处于光屁股的状态，连背英语的时候也被插入很多次I FUCK YOU这样的台词……</p><p>全场观众好多次都笑到鼓掌，刀大真的有够犀利。</p><p>但，尽管有地区差异，我们的青春期，就是如此荒唐和叛逆的没错啊！</p><p><br/></p><p>由于是改编的关系，书中的很多细节在电影里没有被提到，这也是改编电影一直存在的一种遗憾。</p><p>然而我敢说，就算没有看过原著单看电影，你的感动绝对不会少一分一毫。</p><p><br/></p><p>因为那就是，一定曾经发生在你我身上的，谁都没比谁多或者少的，叫做青春的故事。</p><p><br/></p><p>品学兼优的女孩受全班男生的青睐，有的耍帅，有的变魔术，有的学识渊博想用内涵取胜……</p><p>而她却偏偏喜欢不爱读书却很热血，讲话幼稚但很可爱，整天亏她只会读书却也会在关键时刻把英语书递过来自己被罚举着凳子跳一百圈的那个男孩。</p><p>于是白衬衫背后被戳出的蓝色点点变成了初恋最甜的印记。</p><p>那时候的男孩，真的觉得，恋爱是一件能够改变生命的事情吧。</p><p>努力做题是为了能和她打无聊的小赌，晚上留校是为了能和她一起读书，毕业后的志愿，是想要成为一个很厉害的人，起码要这世界因为自己有一点点不一样，而这世界，是女孩的心。</p><p>如果不是因为男孩害怕被拒绝，也许便不会有这么遗憾的结局。</p><p>如果不是因为女孩担心在一起之后男孩便不再这么喜欢她，那么也许我们在读的是另一个俗气难当、分分合合的故事。</p><p>可是啊，就是那么一点点的小错过才最不可挽回。</p><p><br/></p><p>921地震那晚，男孩拿着因为线路超忙没有讯号的手机跑了好远，听到女孩声音的时候他说：“你可是我追了N年的女生诶，如果你没了，我要跟谁一起回忆我们的故事？”</p><p>那时的两人，已经处于平行的时空。</p><p>长达两个小时的，两年来第一次的通话，结束在女孩那句：“谢谢你喜欢我”之后男孩说的：“我也很喜欢当年喜欢你的自己。”</p><p><br/></p><p>2005年的台北，终于来到那一天。</p><p>一起喜欢过女孩的那些男孩们，穿起正经八百的衬衫，笑着打趣说要去女孩的婚礼上绊倒新郎。</p><p>席间，男孩说：“当你真正喜欢一个女孩的时候，看到她跟别人结婚肯定不会完全真心祝福啊，这才是真爱。”</p><p>全场观众大笑鼓掌，原来，大家都经历过一样不甘心又因为装大度而不肯说出口的人生（笑）</p><p><br/></p><p>最后的最后，男孩们闹着要吻新娘，新郎说没问题，但想要怎么吻新娘就要先怎么吻我。</p><p>就在所有人不满的吐槽新郎小心眼的时候，男孩一个箭步冲上去吻住了新郎的嘴。</p><p>镜头是所有人惊呆的脸，耳边是全场人大声的笑，还有我自己一边笑一边忍不住的啜泣声。</p><p>就是那一刻，一直一直等了N年也没有等到的那一刻，明明互相喜欢却没有得到的那一刻，象征着最热血的青春和最纯粹的爱情的那一刻', '{\r\n  \"msg\" : \"操作成功\",\r\n  \"code\" : 0\r\n}', '0', null, '2019-11-30 19:38:07');
INSERT INTO `sys_oper_log` VALUES ('111', '发送邮件', '0', 'com.ruoyi.cms.controller.EmailController.sendEmail()', 'POST', '1', 'admin', '研发部门', '/cms/email/sendEmail', '127.0.0.1', '内网IP', '{\r\n  \"ids\" : [ \"2019110509204599261138\" ]\r\n}', '{\r\n  \"msg\" : \"操作成功\",\r\n  \"code\" : 0\r\n}', '0', null, '2019-11-30 19:38:36');
INSERT INTO `sys_oper_log` VALUES ('112', '数据库备份', '10', 'com.ruoyi.web.controller.system.BackupController.backup()', 'POST', '1', 'admin', '研发部门', '/system/backup/backup', '127.0.0.1', '内网IP', '{ }', '{\r\n  \"msg\" : \"操作成功\",\r\n  \"code\" : 0\r\n}', '0', null, '2019-12-04 08:25:08');
INSERT INTO `sys_oper_log` VALUES ('113', '数据库备份', '10', 'com.ruoyi.web.controller.system.BackupController.backup()', 'POST', '1', 'admin', '研发部门', '/system/backup/backup', '127.0.0.1', '内网IP', '{ }', '{\r\n  \"msg\" : \"操作成功\",\r\n  \"code\" : 0\r\n}', '0', null, '2019-12-04 08:25:20');
INSERT INTO `sys_oper_log` VALUES ('114', '删除备份文件', '3', 'com.ruoyi.web.controller.system.BackupController.delete()', 'POST', '1', 'admin', '研发部门', '/system/backup/delete', '127.0.0.1', '内网IP', '{\r\n  \"name\" : [ \"ry_plus_2019_12_04_08_25_20_933.sql\" ]\r\n}', '{\r\n  \"msg\" : \"操作成功\",\r\n  \"code\" : 0\r\n}', '0', null, '2019-12-04 08:25:54');
INSERT INTO `sys_oper_log` VALUES ('115', '删除备份文件', '3', 'com.ruoyi.web.controller.system.BackupController.delete()', 'POST', '1', 'admin', '研发部门', '/system/backup/delete', '127.0.0.1', '内网IP', '{\r\n  \"name\" : [ \"ry_plus_2019_12_04_08_25_08_064.sql\" ]\r\n}', '{\r\n  \"msg\" : \"操作成功\",\r\n  \"code\" : 0\r\n}', '0', null, '2019-12-04 08:25:55');
INSERT INTO `sys_oper_log` VALUES ('116', '菜单管理', '2', 'com.ruoyi.web.controller.system.SysMenuController.editSave()', 'POST', '1', 'admin', '研发部门', '/system/menu/edit', '127.0.0.1', '内网IP', '{\r\n  \"menuId\" : [ \"3091\" ],\r\n  \"parentId\" : [ \"2025\" ],\r\n  \"menuType\" : [ \"C\" ],\r\n  \"menuName\" : [ \"PV\" ],\r\n  \"url\" : [ \"/cms/pv\" ],\r\n  \"target\" : [ \"menuItem\" ],\r\n  \"perms\" : [ \"cms:pv:view\" ],\r\n  \"orderNum\" : [ \"16\" ],\r\n  \"icon\" : [ \"#\" ],\r\n  \"visible\" : [ \"0\" ]\r\n}', '{\r\n  \"msg\" : \"操作成功\",\r\n  \"code\" : 0\r\n}', '0', null, '2019-12-04 08:32:46');
INSERT INTO `sys_oper_log` VALUES ('117', '素材专辑', '2', 'com.ruoyi.cms.controller.AlbumController.editSave()', 'POST', '1', 'admin', '研发部门', '/cms/album/edit', '127.0.0.1', '内网IP', '{\r\n  \"albumId\" : [ \"2019111014175065994146\" ],\r\n  \"albumName\" : [ \"测试相册\" ],\r\n  \"code\" : [ \"main\" ],\r\n  \"albumType\" : [ \"album\" ],\r\n  \"width\" : [ \"960\" ],\r\n  \"height\" : [ \"320\" ],\r\n  \"description\" : [ \"\" ],\r\n  \"auditState\" : [ \"1\" ]\r\n}', '{\r\n  \"msg\" : \"操作成功\",\r\n  \"code\" : 0\r\n}', '0', null, '2019-12-04 08:43:42');
INSERT INTO `sys_oper_log` VALUES ('118', '友情链接', '2', 'com.ruoyi.cms.controller.FriendLinkController.editSave()', 'POST', '1', 'admin', '研发部门', '/cms/friendLink/edit', '127.0.0.1', '内网IP', '{\r\n  \"id\" : [ \"1\" ],\r\n  \"name\" : [ \"百度\" ],\r\n  \"link\" : [ \"https://www.baidu.com\" ],\r\n  \"logo\" : [ \"\" ],\r\n  \"description\" : [ \"百度\" ],\r\n  \"auditState\" : [ \"0\" ]\r\n}', '{\r\n  \"msg\" : \"操作成功\",\r\n  \"code\" : 0\r\n}', '0', null, '2019-12-04 08:44:56');
INSERT INTO `sys_oper_log` VALUES ('119', '评论', '3', 'com.ruoyi.cms.controller.CommentController.remove()', 'POST', '1', 'admin', '研发部门', '/cms/comment/remove', '127.0.0.1', '内网IP', '{\r\n  \"ids\" : [ \"36,35,34,33,32,31,30,28,27,26\" ]\r\n}', '{\r\n  \"msg\" : \"操作成功\",\r\n  \"code\" : 0\r\n}', '0', null, '2019-12-04 08:47:56');
INSERT INTO `sys_oper_log` VALUES ('120', '评论', '3', 'com.ruoyi.cms.controller.CommentController.remove()', 'POST', '1', 'admin', '研发部门', '/cms/comment/remove', '127.0.0.1', '内网IP', '{\r\n  \"ids\" : [ \"25,21,20,19,18,17,16,15,14\" ]\r\n}', '{\r\n  \"msg\" : \"操作成功\",\r\n  \"code\" : 0\r\n}', '0', null, '2019-12-04 08:48:05');
INSERT INTO `sys_oper_log` VALUES ('121', '评论', '3', 'com.ruoyi.cms.controller.CommentController.remove()', 'POST', '1', 'admin', '研发部门', '/cms/comment/remove', '127.0.0.1', '内网IP', '{\r\n  \"ids\" : [ \"13,12,11,10,9,8,7,6,5\" ]\r\n}', '{\r\n  \"msg\" : \"操作成功\",\r\n  \"code\" : 0\r\n}', '0', null, '2019-12-04 08:48:10');
INSERT INTO `sys_oper_log` VALUES ('122', '评论', '3', 'com.ruoyi.cms.controller.CommentController.remove()', 'POST', '1', 'admin', '研发部门', '/cms/comment/remove', '127.0.0.1', '内网IP', '{\r\n  \"ids\" : [ \"3\" ]\r\n}', '{\r\n  \"msg\" : \"操作成功\",\r\n  \"code\" : 0\r\n}', '0', null, '2019-12-04 08:48:28');
INSERT INTO `sys_oper_log` VALUES ('123', '爬虫任务', '2', 'com.ruoyi.spider.controller.SpiderMissionController.editSave()', 'POST', '1', 'admin', '研发部门', '/spider/spiderMission/edit', '127.0.0.1', '内网IP', '{\r\n  \"missionId\" : [ \"5\" ],\r\n  \"missionName\" : [ \"xx站\" ],\r\n  \"spiderConfigId\" : [ \"4\" ],\r\n  \"entryUrls\" : [ \"http://old.duoguyu.com/\" ],\r\n  \"cookieStr\" : [ \"\" ],\r\n  \"headerStr\" : [ \"\" ],\r\n  \"exitWay\" : [ \"URL_COUNT\" ],\r\n  \"exitWayCount\" : [ \"10\" ]\r\n}', '{\r\n  \"msg\" : \"操作成功\",\r\n  \"code\" : 0\r\n}', '0', null, '2019-12-04 09:34:52');
INSERT INTO `sys_oper_log` VALUES ('124', '爬虫配置', '2', 'com.ruoyi.spider.controller.SpiderConfigController.editSave()', 'POST', '1', 'admin', '研发部门', '/spider/spiderConfig/edit', '127.0.0.1', '内网IP', '{\r\n  \"id\" : [ \"4\" ],\r\n  \"spiderCode\" : [ \"duoguyu\" ],\r\n  \"spiderName\" : [ \"xx站点爬虫\" ],\r\n  \"entryUrls\" : [ \"http://old.duoguyu.com/\" ],\r\n  \"targetRegex\" : [ \"http://old.duoguyu.com/\\\\w+/\\\\d+.html\" ],\r\n  \"cascade\" : [ \"1\" ],\r\n  \"domain\" : [ \"old.duoguyu.com\" ],\r\n  \"charset\" : [ \"utf8\" ],\r\n  \"sleepTime\" : [ \"1000\" ],\r\n  \"retryTimes\" : [ \"2\" ],\r\n  \"threadCount\" : [ \"1\" ],\r\n  \"useProxy\" : [ \"0\" ],\r\n  \"showLog\" : [ \"1\" ],\r\n  \"checkbox_showLog\" : [ \"on\" ]\r\n}', '{\r\n  \"msg\" : \"操作成功\",\r\n  \"code\" : 0\r\n}', '0', null, '2019-12-04 09:35:57');

-- ----------------------------
-- Table structure for sys_post
-- ----------------------------
DROP TABLE IF EXISTS `sys_post`;
CREATE TABLE `sys_post` (
  `post_id` bigint(20) NOT NULL AUTO_INCREMENT COMMENT '岗位ID',
  `post_code` varchar(64) NOT NULL COMMENT '岗位编码',
  `post_name` varchar(50) NOT NULL COMMENT '岗位名称',
  `post_sort` int(4) NOT NULL COMMENT '显示顺序',
  `status` char(1) NOT NULL COMMENT '状态（0正常 1停用）',
  `create_by` varchar(64) DEFAULT '' COMMENT '创建者',
  `create_time` datetime DEFAULT NULL COMMENT '创建时间',
  `update_by` varchar(64) DEFAULT '' COMMENT '更新者',
  `update_time` datetime DEFAULT NULL COMMENT '更新时间',
  `remark` varchar(500) DEFAULT NULL COMMENT '备注',
  PRIMARY KEY (`post_id`)
) ENGINE=InnoDB AUTO_INCREMENT=5 DEFAULT CHARSET=utf8 COMMENT='岗位信息表';

-- ----------------------------
-- Records of sys_post
-- ----------------------------
INSERT INTO `sys_post` VALUES ('1', 'ceo', '董事长', '1', '0', 'admin', '2018-03-16 11:33:00', 'ry', '2018-03-16 11:33:00', '');
INSERT INTO `sys_post` VALUES ('2', 'se', '项目经理', '2', '0', 'admin', '2018-03-16 11:33:00', 'ry', '2018-03-16 11:33:00', '');
INSERT INTO `sys_post` VALUES ('3', 'hr', '人力资源', '3', '0', 'admin', '2018-03-16 11:33:00', 'ry', '2018-03-16 11:33:00', '');
INSERT INTO `sys_post` VALUES ('4', 'user', '普通员工', '4', '0', 'admin', '2018-03-16 11:33:00', 'ry', '2018-03-16 11:33:00', '');

-- ----------------------------
-- Table structure for sys_role
-- ----------------------------
DROP TABLE IF EXISTS `sys_role`;
CREATE TABLE `sys_role` (
  `role_id` bigint(20) NOT NULL AUTO_INCREMENT COMMENT '角色ID',
  `role_name` varchar(30) NOT NULL COMMENT '角色名称',
  `role_key` varchar(100) NOT NULL COMMENT '角色权限字符串',
  `role_sort` int(4) NOT NULL COMMENT '显示顺序',
  `data_scope` char(1) DEFAULT '1' COMMENT '数据范围（1：全部数据权限 2：自定数据权限 3：本部门数据权限 4：本部门及以下数据权限）',
  `status` char(1) NOT NULL COMMENT '角色状态（0正常 1停用）',
  `del_flag` char(1) DEFAULT '0' COMMENT '删除标志（0代表存在 2代表删除）',
  `create_by` varchar(64) DEFAULT '' COMMENT '创建者',
  `create_time` datetime DEFAULT NULL COMMENT '创建时间',
  `update_by` varchar(64) DEFAULT '' COMMENT '更新者',
  `update_time` datetime DEFAULT NULL COMMENT '更新时间',
  `remark` varchar(500) DEFAULT NULL COMMENT '备注',
  PRIMARY KEY (`role_id`)
) ENGINE=InnoDB AUTO_INCREMENT=3 DEFAULT CHARSET=utf8 COMMENT='角色信息表';

-- ----------------------------
-- Records of sys_role
-- ----------------------------
INSERT INTO `sys_role` VALUES ('1', '管理员', 'admin', '1', '1', '0', '0', 'admin', '2018-03-16 11:33:00', 'ry', '2018-03-16 11:33:00', '管理员');
INSERT INTO `sys_role` VALUES ('2', '普通角色', 'common', '2', '2', '0', '0', 'admin', '2018-03-16 11:33:00', 'ry', '2018-03-16 11:33:00', '普通角色');

-- ----------------------------
-- Table structure for sys_role_dept
-- ----------------------------
DROP TABLE IF EXISTS `sys_role_dept`;
CREATE TABLE `sys_role_dept` (
  `role_id` bigint(20) NOT NULL COMMENT '角色ID',
  `dept_id` bigint(20) NOT NULL COMMENT '部门ID',
  PRIMARY KEY (`role_id`,`dept_id`)
) ENGINE=InnoDB DEFAULT CHARSET=utf8 COMMENT='角色和部门关联表';

-- ----------------------------
-- Records of sys_role_dept
-- ----------------------------
INSERT INTO `sys_role_dept` VALUES ('2', '100');
INSERT INTO `sys_role_dept` VALUES ('2', '101');
INSERT INTO `sys_role_dept` VALUES ('2', '105');

-- ----------------------------
-- Table structure for sys_role_menu
-- ----------------------------
DROP TABLE IF EXISTS `sys_role_menu`;
CREATE TABLE `sys_role_menu` (
  `role_id` bigint(20) NOT NULL COMMENT '角色ID',
  `menu_id` bigint(20) NOT NULL COMMENT '菜单ID',
  PRIMARY KEY (`role_id`,`menu_id`)
) ENGINE=InnoDB DEFAULT CHARSET=utf8 COMMENT='角色和菜单关联表';

-- ----------------------------
-- Records of sys_role_menu
-- ----------------------------
INSERT INTO `sys_role_menu` VALUES ('2', '1');
INSERT INTO `sys_role_menu` VALUES ('2', '2');
INSERT INTO `sys_role_menu` VALUES ('2', '3');
INSERT INTO `sys_role_menu` VALUES ('2', '100');
INSERT INTO `sys_role_menu` VALUES ('2', '101');
INSERT INTO `sys_role_menu` VALUES ('2', '102');
INSERT INTO `sys_role_menu` VALUES ('2', '103');
INSERT INTO `sys_role_menu` VALUES ('2', '104');
INSERT INTO `sys_role_menu` VALUES ('2', '105');
INSERT INTO `sys_role_menu` VALUES ('2', '106');
INSERT INTO `sys_role_menu` VALUES ('2', '107');
INSERT INTO `sys_role_menu` VALUES ('2', '108');
INSERT INTO `sys_role_menu` VALUES ('2', '109');
INSERT INTO `sys_role_menu` VALUES ('2', '110');
INSERT INTO `sys_role_menu` VALUES ('2', '111');
INSERT INTO `sys_role_menu` VALUES ('2', '112');
INSERT INTO `sys_role_menu` VALUES ('2', '113');
INSERT INTO `sys_role_menu` VALUES ('2', '114');
INSERT INTO `sys_role_menu` VALUES ('2', '115');
INSERT INTO `sys_role_menu` VALUES ('2', '500');
INSERT INTO `sys_role_menu` VALUES ('2', '501');
INSERT INTO `sys_role_menu` VALUES ('2', '1000');
INSERT INTO `sys_role_menu` VALUES ('2', '1001');
INSERT INTO `sys_role_menu` VALUES ('2', '1002');
INSERT INTO `sys_role_menu` VALUES ('2', '1003');
INSERT INTO `sys_role_menu` VALUES ('2', '1004');
INSERT INTO `sys_role_menu` VALUES ('2', '1005');
INSERT INTO `sys_role_menu` VALUES ('2', '1006');
INSERT INTO `sys_role_menu` VALUES ('2', '1007');
INSERT INTO `sys_role_menu` VALUES ('2', '1008');
INSERT INTO `sys_role_menu` VALUES ('2', '1009');
INSERT INTO `sys_role_menu` VALUES ('2', '1010');
INSERT INTO `sys_role_menu` VALUES ('2', '1011');
INSERT INTO `sys_role_menu` VALUES ('2', '1012');
INSERT INTO `sys_role_menu` VALUES ('2', '1013');
INSERT INTO `sys_role_menu` VALUES ('2', '1014');
INSERT INTO `sys_role_menu` VALUES ('2', '1015');
INSERT INTO `sys_role_menu` VALUES ('2', '1016');
INSERT INTO `sys_role_menu` VALUES ('2', '1017');
INSERT INTO `sys_role_menu` VALUES ('2', '1018');
INSERT INTO `sys_role_menu` VALUES ('2', '1019');
INSERT INTO `sys_role_menu` VALUES ('2', '1020');
INSERT INTO `sys_role_menu` VALUES ('2', '1021');
INSERT INTO `sys_role_menu` VALUES ('2', '1022');
INSERT INTO `sys_role_menu` VALUES ('2', '1023');
INSERT INTO `sys_role_menu` VALUES ('2', '1024');
INSERT INTO `sys_role_menu` VALUES ('2', '1025');
INSERT INTO `sys_role_menu` VALUES ('2', '1026');
INSERT INTO `sys_role_menu` VALUES ('2', '1027');
INSERT INTO `sys_role_menu` VALUES ('2', '1028');
INSERT INTO `sys_role_menu` VALUES ('2', '1029');
INSERT INTO `sys_role_menu` VALUES ('2', '1030');
INSERT INTO `sys_role_menu` VALUES ('2', '1031');
INSERT INTO `sys_role_menu` VALUES ('2', '1032');
INSERT INTO `sys_role_menu` VALUES ('2', '1033');
INSERT INTO `sys_role_menu` VALUES ('2', '1034');
INSERT INTO `sys_role_menu` VALUES ('2', '1035');
INSERT INTO `sys_role_menu` VALUES ('2', '1036');
INSERT INTO `sys_role_menu` VALUES ('2', '1037');
INSERT INTO `sys_role_menu` VALUES ('2', '1038');
INSERT INTO `sys_role_menu` VALUES ('2', '1039');
INSERT INTO `sys_role_menu` VALUES ('2', '1040');
INSERT INTO `sys_role_menu` VALUES ('2', '1041');
INSERT INTO `sys_role_menu` VALUES ('2', '1042');
INSERT INTO `sys_role_menu` VALUES ('2', '1043');
INSERT INTO `sys_role_menu` VALUES ('2', '1044');
INSERT INTO `sys_role_menu` VALUES ('2', '1045');
INSERT INTO `sys_role_menu` VALUES ('2', '1046');
INSERT INTO `sys_role_menu` VALUES ('2', '1047');
INSERT INTO `sys_role_menu` VALUES ('2', '1048');
INSERT INTO `sys_role_menu` VALUES ('2', '1049');
INSERT INTO `sys_role_menu` VALUES ('2', '1050');
INSERT INTO `sys_role_menu` VALUES ('2', '1051');
INSERT INTO `sys_role_menu` VALUES ('2', '1052');
INSERT INTO `sys_role_menu` VALUES ('2', '1053');
INSERT INTO `sys_role_menu` VALUES ('2', '1054');
INSERT INTO `sys_role_menu` VALUES ('2', '1055');
INSERT INTO `sys_role_menu` VALUES ('2', '1056');
INSERT INTO `sys_role_menu` VALUES ('2', '1057');
INSERT INTO `sys_role_menu` VALUES ('2', '1058');
INSERT INTO `sys_role_menu` VALUES ('2', '1059');
INSERT INTO `sys_role_menu` VALUES ('2', '1060');
INSERT INTO `sys_role_menu` VALUES ('2', '1061');

-- ----------------------------
-- Table structure for sys_user
-- ----------------------------
DROP TABLE IF EXISTS `sys_user`;
CREATE TABLE `sys_user` (
  `user_id` bigint(20) NOT NULL AUTO_INCREMENT COMMENT '用户ID',
  `dept_id` bigint(20) DEFAULT NULL COMMENT '部门ID',
  `login_name` varchar(30) NOT NULL COMMENT '登录账号',
  `user_name` varchar(30) NOT NULL COMMENT '用户昵称',
  `user_type` varchar(2) DEFAULT '00' COMMENT '用户类型（00系统用户）',
  `email` varchar(50) DEFAULT '' COMMENT '用户邮箱',
  `phonenumber` varchar(11) DEFAULT '' COMMENT '手机号码',
  `sex` char(1) DEFAULT '0' COMMENT '用户性别（0男 1女 2未知）',
  `avatar` varchar(100) DEFAULT '' COMMENT '头像路径',
  `password` varchar(50) DEFAULT '' COMMENT '密码',
  `salt` varchar(20) DEFAULT '' COMMENT '盐加密',
  `status` char(1) DEFAULT '0' COMMENT '帐号状态（0正常 1停用）',
  `del_flag` char(1) DEFAULT '0' COMMENT '删除标志（0代表存在 2代表删除）',
  `login_ip` varchar(50) DEFAULT '' COMMENT '最后登陆IP',
  `login_date` datetime DEFAULT NULL COMMENT '最后登陆时间',
  `create_by` varchar(64) DEFAULT '' COMMENT '创建者',
  `create_time` datetime DEFAULT NULL COMMENT '创建时间',
  `update_by` varchar(64) DEFAULT '' COMMENT '更新者',
  `update_time` datetime DEFAULT NULL COMMENT '更新时间',
  `remark` varchar(500) DEFAULT NULL COMMENT '备注',
  PRIMARY KEY (`user_id`)
) ENGINE=InnoDB AUTO_INCREMENT=3 DEFAULT CHARSET=utf8 COMMENT='用户信息表';

-- ----------------------------
-- Records of sys_user
-- ----------------------------
INSERT INTO `sys_user` VALUES ('1', '103', 'admin', '若依', '00', 'ry@163.com', '15888888888', '1', '', '29c67a30398638269fe600f73a054934', '111111', '0', '0', '127.0.0.1', '2019-12-04 08:32:51', 'admin', '2018-03-16 11:33:00', 'ry', '2019-12-04 08:32:51', '管理员');
INSERT INTO `sys_user` VALUES ('2', '105', 'ry', '若依', '00', 'ry@qq.com', '15666666666', '1', '', '8e6d98b90472783cc73c17047ddccf36', '222222', '0', '0', '127.0.0.1', '2018-03-16 11:33:00', 'admin', '2018-03-16 11:33:00', 'ry', '2018-03-16 11:33:00', '测试员');

-- ----------------------------
-- Table structure for sys_user_online
-- ----------------------------
DROP TABLE IF EXISTS `sys_user_online`;
CREATE TABLE `sys_user_online` (
  `sessionId` varchar(50) NOT NULL DEFAULT '' COMMENT '用户会话id',
  `login_name` varchar(50) DEFAULT '' COMMENT '登录账号',
  `dept_name` varchar(50) DEFAULT '' COMMENT '部门名称',
  `ipaddr` varchar(50) DEFAULT '' COMMENT '登录IP地址',
  `login_location` varchar(255) DEFAULT '' COMMENT '登录地点',
  `browser` varchar(50) DEFAULT '' COMMENT '浏览器类型',
  `os` varchar(50) DEFAULT '' COMMENT '操作系统',
  `status` varchar(10) DEFAULT '' COMMENT '在线状态on_line在线off_line离线',
  `start_timestamp` datetime DEFAULT NULL COMMENT 'session创建时间',
  `last_access_time` datetime DEFAULT NULL COMMENT 'session最后访问时间',
  `expire_time` int(5) DEFAULT '0' COMMENT '超时时间，单位为分钟',
  PRIMARY KEY (`sessionId`)
) ENGINE=InnoDB DEFAULT CHARSET=utf8 COMMENT='在线用户记录';

-- ----------------------------
-- Records of sys_user_online
-- ----------------------------

-- ----------------------------
-- Table structure for sys_user_post
-- ----------------------------
DROP TABLE IF EXISTS `sys_user_post`;
CREATE TABLE `sys_user_post` (
  `user_id` bigint(20) NOT NULL COMMENT '用户ID',
  `post_id` bigint(20) NOT NULL COMMENT '岗位ID',
  PRIMARY KEY (`user_id`,`post_id`)
) ENGINE=InnoDB DEFAULT CHARSET=utf8 COMMENT='用户与岗位关联表';

-- ----------------------------
-- Records of sys_user_post
-- ----------------------------
INSERT INTO `sys_user_post` VALUES ('1', '1');
INSERT INTO `sys_user_post` VALUES ('2', '2');

-- ----------------------------
-- Table structure for sys_user_role
-- ----------------------------
DROP TABLE IF EXISTS `sys_user_role`;
CREATE TABLE `sys_user_role` (
  `user_id` bigint(20) NOT NULL COMMENT '用户ID',
  `role_id` bigint(20) NOT NULL COMMENT '角色ID',
  PRIMARY KEY (`user_id`,`role_id`)
) ENGINE=InnoDB DEFAULT CHARSET=utf8 COMMENT='用户和角色关联表';

-- ----------------------------
-- Records of sys_user_role
-- ----------------------------
INSERT INTO `sys_user_role` VALUES ('1', '1');
INSERT INTO `sys_user_role` VALUES ('2', '2');

-- ----------------------------
-- Table structure for third_ai_his
-- ----------------------------
DROP TABLE IF EXISTS `third_ai_his`;
CREATE TABLE `third_ai_his` (
  `id` varchar(50) NOT NULL COMMENT 'ID',
  `yhid` varchar(50) DEFAULT NULL COMMENT '用户ID',
  `yhmc` varchar(50) DEFAULT NULL COMMENT '用户名称',
  `ai_type` varchar(50) DEFAULT NULL COMMENT '类型',
  `type_name` varchar(50) DEFAULT NULL COMMENT '类型名称',
  `result` varchar(20) DEFAULT NULL COMMENT '结果1成功0失败',
  `error_msg` text COMMENT '错误信息',
  `json_result` text COMMENT '请求结果',
  `create_time` datetime DEFAULT NULL ON UPDATE CURRENT_TIMESTAMP COMMENT '请求时间',
  PRIMARY KEY (`id`)
) ENGINE=InnoDB DEFAULT CHARSET=utf8;

-- ----------------------------
-- Records of third_ai_his
-- ----------------------------
INSERT INTO `third_ai_his` VALUES ('7510179798475', '1', '若依', 'faceDetect', '人脸检测', '0', 'pic not has face', '{\"error_code\":222202,\"error_msg\":\"pic not has face\",\"log_id\":7510179798475,\"timestamp\":1575105844,\"cached\":0,\"result\":null}', '2019-11-30 17:24:02');

-- ----------------------------
-- Table structure for third_sms_his
-- ----------------------------
DROP TABLE IF EXISTS `third_sms_his`;
CREATE TABLE `third_sms_his` (
  `id` int(11) NOT NULL AUTO_INCREMENT COMMENT 'ID',
  `yhid` varchar(50) DEFAULT NULL COMMENT '用户ID',
  `yhmc` varchar(50) DEFAULT NULL COMMENT '用户名称',
  `carrieroperator` varchar(50) DEFAULT NULL COMMENT '运营商',
  `phone` varchar(45) DEFAULT NULL COMMENT '手机号',
  `content` varchar(500) DEFAULT NULL COMMENT '内容',
  `returncode` varchar(200) DEFAULT NULL COMMENT '返回码',
  `createTime` datetime DEFAULT NULL,
  PRIMARY KEY (`id`)
) ENGINE=InnoDB DEFAULT CHARSET=utf8;

-- ----------------------------
-- Records of third_sms_his
-- ----------------------------



INSERT INTO  `sys_config` (`config_id`, `config_name`, `config_key`, `config_value`, `config_type`, `create_by`, `create_time`, `update_by`, `update_time`, `remark`) VALUES ('4', 'oss�洢����', 'sys.oss.cloudStorage', '{\"type\":1,\"qiniuDomain\":\"http://832s18.s3-cn-south-1.qiniucs.com\",\"qiniuPrefix\":\"upload\",\"qiniuAccessKey\":\"RmWBeMWWW5L_8hVtzqHjRBLnN1GrrldgxvL1SUdT\",\"qiniuSecretKey\":\"qFasmo516ADBxCKA2lwOzphx5FCXlYKa3GNXKuS6\",\"qiniuBucketName\":\"media\",\"aliyunDomain\":\"\",\"aliyunPrefix\":\"\",\"aliyunEndPoint\":\"\",\"aliyunAccessKeyId\":\"\",\"aliyunAccessKeySecret\":\"\",\"aliyunBucketName\":\"\",\"qcloudDomain\":\"\",\"qcloudPrefix\":\"\",\"qcloudSecretId\":\"\",\"qcloudSecretKey\":\"\",\"qcloudBucketName\":\"\",\"qcloudRegion\":\"\"}', 'Y', 'admin', '2018-03-16 11:33:00', 'ry', '2019-10-10 13:41:12', 'oss�洢����(��ţ�������Ѷ��ѡһ)');

DROP TABLE IF EXISTS `sys_oss`;
CREATE TABLE `sys_oss` (
  `id` bigint(20) NOT NULL AUTO_INCREMENT,
  `file_name` varchar(64) NOT NULL DEFAULT '' COMMENT '文件名',
  `file_suffix` varchar(10) NOT NULL DEFAULT '' COMMENT '文件后缀名',
  `url` varchar(200) NOT NULL COMMENT 'URL地址',
  `create_time` datetime DEFAULT NULL COMMENT '创建时间',
  `create_by` varchar(64) NOT NULL DEFAULT '' COMMENT '上传人',
  `service` tinyint(2) NOT NULL DEFAULT '1' COMMENT '服务商',
  PRIMARY KEY (`id`)
) ENGINE=InnoDB AUTO_INCREMENT=15 DEFAULT CHARSET=utf8 COMMENT='文件上传';
